source_image_id,design,kind,depth_um,expected_photons,replicate,panoptic_quality,segmentation_quality,recognition_quality,true_positives,false_positives,false_negatives,predicted_count,target_count,absolute_count_error,percentage_count_error,foreground_dice
IXMtest_A09_s1_w1CE70AD49-290D-4312-82E6-CDC717F32637,clear,deterministic,-6.0,100,-1,0.5068668768376953,0.8043756958511252,0.6301369863013698,46,30,24,76,70,6,0.08571428571428572,0.7138143791824333
IXMtest_A09_s1_w1CE70AD49-290D-4312-82E6-CDC717F32637,clear,deterministic,-4.0,100,-1,0.5338259043615117,0.8298566331438045,0.6432748538011696,55,46,15,101,70,31,0.44285714285714284,0.8609876917431778
IXMtest_A09_s1_w1CE70AD49-290D-4312-82E6-CDC717F32637,clear,deterministic,-2.0,100,-1,0.5430216009207193,0.8290776228343125,0.6549707602339181,56,45,14,101,70,31,0.44285714285714284,0.8704581731260664
IXMtest_A09_s1_w1CE70AD49-290D-4312-82E6-CDC717F32637,clear,deterministic,0.0,100,-1,0.5401286866965619,0.8294833402840057,0.6511627906976745,56,46,14,102,70,32,0.45714285714285713,0.8706159462960782
IXMtest_A09_s1_w1CE70AD49-290D-4312-82E6-CDC717F32637,clear,deterministic,2.0,100,-1,0.5430216009207193,0.8290776228343125,0.6549707602339181,56,45,14,101,70,31,0.44285714285714284,0.8704581731260664
IXMtest_A09_s1_w1CE70AD49-290D-4312-82E6-CDC717F32637,clear,deterministic,4.0,100,-1,0.5338259043615117,0.8298566331438045,0.6432748538011696,55,46,15,101,70,31,0.44285714285714284,0.8609876917431778
IXMtest_A09_s1_w1CE70AD49-290D-4312-82E6-CDC717F32637,clear,deterministic,6.0,100,-1,0.5068668768376953,0.8043756958511252,0.6301369863013698,46,30,24,76,70,6,0.08571428571428572,0.7138143791824333
IXMtest_A09_s1_w1CE70AD49-290D-4312-82E6-CDC717F32637,clear,poisson,-6.0,50,0,0.5414198693629724,0.8072078052320678,0.6707317073170732,55,39,15,94,70,24,0.34285714285714286,0.8493312927315096
IXMtest_A09_s1_w1CE70AD49-290D-4312-82E6-CDC717F32637,clear,poisson,-6.0,50,1,0.5160927945563472,0.8179583913723238,0.6309523809523809,53,45,17,98,70,28,0.4,0.8460853272721688
IXMtest_A09_s1_w1CE70AD49-290D-4312-82E6-CDC717F32637,clear,poisson,-6.0,50,2,0.5216485979439514,0.816283454190072,0.6390532544378699,54,45,16,99,70,29,0.4142857142857143,0.8481960207900838
IXMtest_A09_s1_w1CE70AD49-290D-4312-82E6-CDC717F32637,clear,poisson,-6.0,50,3,0.543960595120934,0.806397724345946,0.6745562130177515,57,42,13,99,70,29,0.4142857142857143,0.851249238269348
IXMtest_A09_s1_w1CE70AD49-290D-4312-82E6-CDC717F32637,clear,poisson,-6.0,200,0,0.5430131944095481,0.8290647878931494,0.6549707602339181,56,45,14,101,70,31,0.44285714285714284,0.8723692008448949
IXMtest_A09_s1_w1CE70AD49-290D-4312-82E6-CDC717F32637,clear,poisson,-6.0,200,1,0.5500022761842606,0.8299141488851788,0.6627218934911243,56,43,14,99,70,29,0.4142857142857143,0.8688117674097908
IXMtest_A09_s1_w1CE70AD49-290D-4312-82E6-CDC717F32637,clear,poisson,-6.0,200,2,0.5505306926781509,0.8307114916304241,0.6627218934911243,56,43,14,99,70,29,0.4142857142857143,0.8764337054595503
IXMtest_A09_s1_w1CE70AD49-290D-4312-82E6-CDC717F32637,clear,poisson,-6.0,200,3,0.5644230939721371,0.826830321871464,0.6826347305389222,57,40,13,97,70,27,0.38571428571428573,0.8644477644123401
IXMtest_A09_s1_w1CE70AD49-290D-4312-82E6-CDC717F32637,clear,poisson,6.0,50,0,0.5438150320157555,0.8060115653090663,0.6746987951807228,56,40,14,96,70,26,0.37142857142857144,0.846311680127875
IXMtest_A09_s1_w1CE70AD49-290D-4312-82E6-CDC717F32637,clear,poisson,6.0,50,1,0.5778168074552582,0.8128609325218039,0.7108433734939759,59,37,11,96,70,26,0.37142857142857144,0.8510100819107982
IXMtest_A09_s1_w1CE70AD49-290D-4312-82E6-CDC717F32637,clear,poisson,6.0,50,2,0.5107005534603696,0.7991517919889117,0.6390532544378699,54,45,16,99,70,29,0.4142857142857143,0.8457289992305875
IXMtest_A09_s1_w1CE70AD49-290D-4312-82E6-CDC717F32637,clear,poisson,6.0,50,3,0.5440403135904663,0.8063454647858698,0.6746987951807228,56,40,14,96,70,26,0.37142857142857144,0.8440439527014182
IXMtest_A09_s1_w1CE70AD49-290D-4312-82E6-CDC717F32637,clear,poisson,6.0,200,0,0.5492200956418094,0.823830143462714,0.6666666666666666,57,44,13,101,70,31,0.44285714285714284,0.8721596522426398
IXMtest_A09_s1_w1CE70AD49-290D-4312-82E6-CDC717F32637,clear,poisson,6.0,200,1,0.5443759871835024,0.8363594712182902,0.650887573964497,55,44,15,99,70,29,0.4142857142857143,0.8769971831415987
IXMtest_A09_s1_w1CE70AD49-290D-4312-82E6-CDC717F32637,clear,poisson,6.0,200,2,0.5457034830735052,0.8282999296651419,0.6588235294117647,56,44,14,100,70,30,0.42857142857142855,0.8735225217663353
IXMtest_A09_s1_w1CE70AD49-290D-4312-82E6-CDC717F32637,clear,poisson,6.0,200,3,0.538789284326856,0.8274264009305289,0.6511627906976745,56,46,14,102,70,32,0.45714285714285713,0.8712342079689018
IXMtest_A09_s1_w1CE70AD49-290D-4312-82E6-CDC717F32637,cubic,deterministic,-6.0,100,-1,0.5068668768376953,0.8043756958511252,0.6301369863013698,46,30,24,76,70,6,0.08571428571428572,0.7138143791824333
IXMtest_A09_s1_w1CE70AD49-290D-4312-82E6-CDC717F32637,cubic,deterministic,-4.0,100,-1,0.5338259043615117,0.8298566331438045,0.6432748538011696,55,46,15,101,70,31,0.44285714285714284,0.8609876917431778
IXMtest_A09_s1_w1CE70AD49-290D-4312-82E6-CDC717F32637,cubic,deterministic,-2.0,100,-1,0.5430216009207193,0.8290776228343125,0.6549707602339181,56,45,14,101,70,31,0.44285714285714284,0.8704581731260664
IXMtest_A09_s1_w1CE70AD49-290D-4312-82E6-CDC717F32637,cubic,deterministic,0.0,100,-1,0.5401286866965619,0.8294833402840057,0.6511627906976745,56,46,14,102,70,32,0.45714285714285713,0.8706159462960782
IXMtest_A09_s1_w1CE70AD49-290D-4312-82E6-CDC717F32637,cubic,deterministic,2.0,100,-1,0.5430216009207193,0.8290776228343125,0.6549707602339181,56,45,14,101,70,31,0.44285714285714284,0.8704581731260664
IXMtest_A09_s1_w1CE70AD49-290D-4312-82E6-CDC717F32637,cubic,deterministic,4.0,100,-1,0.5338259043615117,0.8298566331438045,0.6432748538011696,55,46,15,101,70,31,0.44285714285714284,0.8609876917431778
IXMtest_A09_s1_w1CE70AD49-290D-4312-82E6-CDC717F32637,cubic,deterministic,6.0,100,-1,0.5068668768376953,0.8043756958511252,0.6301369863013698,46,30,24,76,70,6,0.08571428571428572,0.7138143791824333
IXMtest_A09_s1_w1CE70AD49-290D-4312-82E6-CDC717F32637,cubic,poisson,-6.0,50,0,0.5414198693629724,0.8072078052320678,0.6707317073170732,55,39,15,94,70,24,0.34285714285714286,0.8493312927315096
IXMtest_A09_s1_w1CE70AD49-290D-4312-82E6-CDC717F32637,cubic,poisson,-6.0,50,1,0.5160927945563472,0.8179583913723238,0.6309523809523809,53,45,17,98,70,28,0.4,0.8460853272721688
IXMtest_A09_s1_w1CE70AD49-290D-4312-82E6-CDC717F32637,cubic,poisson,-6.0,50,2,0.5216485979439514,0.816283454190072,0.6390532544378699,54,45,16,99,70,29,0.4142857142857143,0.8481960207900838
IXMtest_A09_s1_w1CE70AD49-290D-4312-82E6-CDC717F32637,cubic,poisson,-6.0,50,3,0.543960595120934,0.806397724345946,0.6745562130177515,57,42,13,99,70,29,0.4142857142857143,0.851249238269348
IXMtest_A09_s1_w1CE70AD49-290D-4312-82E6-CDC717F32637,cubic,poisson,-6.0,200,0,0.5430131944095481,0.8290647878931494,0.6549707602339181,56,45,14,101,70,31,0.44285714285714284,0.8723692008448949
IXMtest_A09_s1_w1CE70AD49-290D-4312-82E6-CDC717F32637,cubic,poisson,-6.0,200,1,0.5500022761842606,0.8299141488851788,0.6627218934911243,56,43,14,99,70,29,0.4142857142857143,0.8688117674097908
IXMtest_A09_s1_w1CE70AD49-290D-4312-82E6-CDC717F32637,cubic,poisson,-6.0,200,2,0.5505306926781509,0.8307114916304241,0.6627218934911243,56,43,14,99,70,29,0.4142857142857143,0.8764337054595503
IXMtest_A09_s1_w1CE70AD49-290D-4312-82E6-CDC717F32637,cubic,poisson,-6.0,200,3,0.5644230939721371,0.826830321871464,0.6826347305389222,57,40,13,97,70,27,0.38571428571428573,0.8644477644123401
IXMtest_A09_s1_w1CE70AD49-290D-4312-82E6-CDC717F32637,cubic,poisson,6.0,50,0,0.5438150320157555,0.8060115653090663,0.6746987951807228,56,40,14,96,70,26,0.37142857142857144,0.846311680127875
IXMtest_A09_s1_w1CE70AD49-290D-4312-82E6-CDC717F32637,cubic,poisson,6.0,50,1,0.5778168074552582,0.8128609325218039,0.7108433734939759,59,37,11,96,70,26,0.37142857142857144,0.8510100819107982
IXMtest_A09_s1_w1CE70AD49-290D-4312-82E6-CDC717F32637,cubic,poisson,6.0,50,2,0.5107005534603696,0.7991517919889117,0.6390532544378699,54,45,16,99,70,29,0.4142857142857143,0.8457289992305875
IXMtest_A09_s1_w1CE70AD49-290D-4312-82E6-CDC717F32637,cubic,poisson,6.0,50,3,0.5440403135904663,0.8063454647858698,0.6746987951807228,56,40,14,96,70,26,0.37142857142857144,0.8440439527014182
IXMtest_A09_s1_w1CE70AD49-290D-4312-82E6-CDC717F32637,cubic,poisson,6.0,200,0,0.5492200956418094,0.823830143462714,0.6666666666666666,57,44,13,101,70,31,0.44285714285714284,0.8721596522426398
IXMtest_A09_s1_w1CE70AD49-290D-4312-82E6-CDC717F32637,cubic,poisson,6.0,200,1,0.5443759871835024,0.8363594712182902,0.650887573964497,55,44,15,99,70,29,0.4142857142857143,0.8769971831415987
IXMtest_A09_s1_w1CE70AD49-290D-4312-82E6-CDC717F32637,cubic,poisson,6.0,200,2,0.5457034830735052,0.8282999296651419,0.6588235294117647,56,44,14,100,70,30,0.42857142857142855,0.8735225217663353
IXMtest_A09_s1_w1CE70AD49-290D-4312-82E6-CDC717F32637,cubic,poisson,6.0,200,3,0.538789284326856,0.8274264009305289,0.6511627906976745,56,46,14,102,70,32,0.45714285714285713,0.8712342079689018
IXMtest_A09_s1_w1CE70AD49-290D-4312-82E6-CDC717F32637,image_fidelity,deterministic,-6.0,100,-1,0.5151501694871181,0.8056071799426209,0.6394557823129252,47,30,23,77,70,7,0.1,0.7223820403481671
IXMtest_A09_s1_w1CE70AD49-290D-4312-82E6-CDC717F32637,image_fidelity,deterministic,-4.0,100,-1,0.5339551627593516,0.8300575711986283,0.6432748538011696,55,46,15,101,70,31,0.44285714285714284,0.8611093391171217
IXMtest_A09_s1_w1CE70AD49-290D-4312-82E6-CDC717F32637,image_fidelity,deterministic,-2.0,100,-1,0.5429899539615376,0.8290293047091334,0.6549707602339181,56,45,14,101,70,31,0.44285714285714284,0.8704370665114889
IXMtest_A09_s1_w1CE70AD49-290D-4312-82E6-CDC717F32637,image_fidelity,deterministic,0.0,100,-1,0.5402860335124666,0.8297249800370023,0.6511627906976745,56,46,14,102,70,32,0.45714285714285713,0.8707109094049844
IXMtest_A09_s1_w1CE70AD49-290D-4312-82E6-CDC717F32637,image_fidelity,deterministic,2.0,100,-1,0.5432149106475062,0.8293727653636032,0.6549707602339181,56,45,14,101,70,31,0.44285714285714284,0.8705758388311801
IXMtest_A09_s1_w1CE70AD49-290D-4312-82E6-CDC717F32637,image_fidelity,deterministic,4.0,100,-1,0.5335499930734429,0.8294277165050794,0.6432748538011696,55,46,15,101,70,31,0.44285714285714284,0.86087178505329
IXMtest_A09_s1_w1CE70AD49-290D-4312-82E6-CDC717F32637,image_fidelity,deterministic,6.0,100,-1,0.5101956744996266,0.8041127478526723,0.6344827586206897,46,29,24,75,70,5,0.07142857142857142,0.7070750606688092
IXMtest_A09_s1_w1CE70AD49-290D-4312-82E6-CDC717F32637,image_fidelity,poisson,-6.0,50,0,0.5554581818173208,0.8140335423184873,0.6823529411764706,58,42,12,100,70,30,0.42857142857142855,0.8651006711409396
IXMtest_A09_s1_w1CE70AD49-290D-4312-82E6-CDC717F32637,image_fidelity,poisson,-6.0,50,1,0.5518969012523334,0.813321749213965,0.6785714285714286,57,41,13,98,70,28,0.4,0.852527782597871
IXMtest_A09_s1_w1CE70AD49-290D-4312-82E6-CDC717F32637,image_fidelity,poisson,-6.0,50,2,0.5368578728782233,0.805286809317335,0.6666666666666666,55,40,15,95,70,25,0.35714285714285715,0.849002323041184
IXMtest_A09_s1_w1CE70AD49-290D-4312-82E6-CDC717F32637,image_fidelity,poisson,-6.0,50,3,0.5279178646280583,0.8013039016675886,0.6588235294117647,56,44,14,100,70,30,0.42857142857142855,0.8564185365706439
IXMtest_A09_s1_w1CE70AD49-290D-4312-82E6-CDC717F32637,image_fidelity,poisson,-6.0,200,0,0.5431453810547489,0.834468812711387,0.650887573964497,55,44,15,99,70,29,0.4142857142857143,0.8756003476298657
IXMtest_A09_s1_w1CE70AD49-290D-4312-82E6-CDC717F32637,image_fidelity,poisson,-6.0,200,1,0.5633733757365521,0.8302344484538663,0.6785714285714286,57,41,13,98,70,28,0.4,0.8658795405962442
IXMtest_A09_s1_w1CE70AD49-290D-4312-82E6-CDC717F32637,image_fidelity,poisson,-6.0,200,2,0.5588224427595544,0.828429761634778,0.6745562130177515,57,42,13,99,70,29,0.4142857142857143,0.8720152598074139
IXMtest_A09_s1_w1CE70AD49-290D-4312-82E6-CDC717F32637,image_fidelity,poisson,-6.0,200,3,0.5394876078466198,0.8337535757629578,0.6470588235294118,55,45,15,100,70,30,0.42857142857142855,0.8691441492885041
IXMtest_A09_s1_w1CE70AD49-290D-4312-82E6-CDC717F32637,image_fidelity,poisson,6.0,50,0,0.5234094950891617,0.8089055833196135,0.6470588235294118,55,45,15,100,70,30,0.42857142857142855,0.852824800832365
IXMtest_A09_s1_w1CE70AD49-290D-4312-82E6-CDC717F32637,image_fidelity,poisson,6.0,50,1,0.5396931614039682,0.8144460435732611,0.6626506024096386,55,41,15,96,70,26,0.37142857142857144,0.8421389689401216
IXMtest_A09_s1_w1CE70AD49-290D-4312-82E6-CDC717F32637,image_fidelity,poisson,6.0,50,2,0.5265505458767378,0.8041862882481087,0.6547619047619048,55,43,15,98,70,28,0.4,0.858030336237974
IXMtest_A09_s1_w1CE70AD49-290D-4312-82E6-CDC717F32637,image_fidelity,poisson,6.0,50,3,0.5423767488048975,0.8184958209237544,0.6626506024096386,55,41,15,96,70,26,0.37142857142857144,0.847994472805435
IXMtest_A09_s1_w1CE70AD49-290D-4312-82E6-CDC717F32637,image_fidelity,poisson,6.0,200,0,0.5632760775675167,0.8300910616784458,0.6785714285714286,57,41,13,98,70,28,0.4,0.8719383542794239
IXMtest_A09_s1_w1CE70AD49-290D-4312-82E6-CDC717F32637,image_fidelity,poisson,6.0,200,1,0.5368799589370801,0.8197006515914348,0.6549707602339181,56,45,14,101,70,31,0.44285714285714284,0.8727247771482602
IXMtest_A09_s1_w1CE70AD49-290D-4312-82E6-CDC717F32637,image_fidelity,poisson,6.0,200,2,0.5553390162563304,0.8183943397461712,0.6785714285714286,57,41,13,98,70,28,0.4,0.8719549610357734
IXMtest_A09_s1_w1CE70AD49-290D-4312-82E6-CDC717F32637,image_fidelity,poisson,6.0,200,3,0.5532398345315008,0.8201537897879266,0.6745562130177515,57,42,13,99,70,29,0.4142857142857143,0.8742417868206678
IXMtest_A09_s1_w1CE70AD49-290D-4312-82E6-CDC717F32637,exact_task,deterministic,-6.0,100,-1,0.5239940837047034,0.7955182907153223,0.6586826347305389,55,42,15,97,70,27,0.38571428571428573,0.8356504266759947
IXMtest_A09_s1_w1CE70AD49-290D-4312-82E6-CDC717F32637,exact_task,deterministic,-4.0,100,-1,0.5343575227873204,0.8258252624894952,0.6470588235294118,55,45,15,100,70,30,0.42857142857142855,0.8631735862222081
IXMtest_A09_s1_w1CE70AD49-290D-4312-82E6-CDC717F32637,exact_task,deterministic,-2.0,100,-1,0.5446499724386434,0.8466831389728002,0.6432748538011696,55,46,15,101,70,31,0.44285714285714284,0.8755483321235839
IXMtest_A09_s1_w1CE70AD49-290D-4312-82E6-CDC717F32637,exact_task,deterministic,0.0,100,-1,0.5539332502921118,0.8457373732138492,0.6549707602339181,56,45,14,101,70,31,0.44285714285714284,0.8781446292730659
IXMtest_A09_s1_w1CE70AD49-290D-4312-82E6-CDC717F32637,exact_task,deterministic,2.0,100,-1,0.543904147747559,0.8455237205893872,0.6432748538011696,55,46,15,101,70,31,0.44285714285714284,0.875023654828739
IXMtest_A09_s1_w1CE70AD49-290D-4312-82E6-CDC717F32637,exact_task,deterministic,4.0,100,-1,0.5333868809006704,0.8243251795737635,0.6470588235294118,55,45,15,100,70,30,0.42857142857142855,0.8628839360674175
IXMtest_A09_s1_w1CE70AD49-290D-4312-82E6-CDC717F32637,exact_task,deterministic,6.0,100,-1,0.5100991920394554,0.7934876320613752,0.6428571428571429,54,44,16,98,70,28,0.4,0.833468382329109
IXMtest_A09_s1_w1CE70AD49-290D-4312-82E6-CDC717F32637,exact_task,poisson,-6.0,50,0,0.5561830672624547,0.8007118295933616,0.6946107784431138,58,39,12,97,70,27,0.38571428571428573,0.8535098121724494
IXMtest_A09_s1_w1CE70AD49-290D-4312-82E6-CDC717F32637,exact_task,poisson,-6.0,50,1,0.5305915515556163,0.8106259815433028,0.6545454545454545,54,41,16,95,70,25,0.35714285714285715,0.8313848397632329
IXMtest_A09_s1_w1CE70AD49-290D-4312-82E6-CDC717F32637,exact_task,poisson,-6.0,50,2,0.5476034203985223,0.8021909754960809,0.6826347305389222,57,40,13,97,70,27,0.38571428571428573,0.8492361480580679
IXMtest_A09_s1_w1CE70AD49-290D-4312-82E6-CDC717F32637,exact_task,poisson,-6.0,50,3,0.543255009104006,0.8051815313505803,0.6746987951807228,56,40,14,96,70,26,0.37142857142857144,0.8495150101295352
IXMtest_A09_s1_w1CE70AD49-290D-4312-82E6-CDC717F32637,exact_task,poisson,-6.0,200,0,0.5278022895080517,0.8252908526853173,0.6395348837209303,55,47,15,102,70,32,0.45714285714285713,0.8693347870197914
IXMtest_A09_s1_w1CE70AD49-290D-4312-82E6-CDC717F32637,exact_task,poisson,-6.0,200,1,0.5521781190735428,0.8234235108991427,0.6705882352941176,57,43,13,100,70,30,0.42857142857142855,0.868333547942404
IXMtest_A09_s1_w1CE70AD49-290D-4312-82E6-CDC717F32637,exact_task,poisson,-6.0,200,2,0.5420495777746528,0.8130743666619792,0.6666666666666666,57,44,13,101,70,31,0.44285714285714284,0.8693938199351063
IXMtest_A09_s1_w1CE70AD49-290D-4312-82E6-CDC717F32637,exact_task,poisson,-6.0,200,3,0.5586183915194091,0.8232271032917607,0.6785714285714286,57,41,13,98,70,28,0.4,0.8688539614168538
IXMtest_A09_s1_w1CE70AD49-290D-4312-82E6-CDC717F32637,exact_task,poisson,6.0,50,0,0.5521548278735378,0.8040149247983094,0.6867469879518072,57,39,13,96,70,26,0.37142857142857144,0.8416721147559897
IXMtest_A09_s1_w1CE70AD49-290D-4312-82E6-CDC717F32637,exact_task,poisson,6.0,50,1,0.5402682463239582,0.8055785458580448,0.6706586826347305,56,41,14,97,70,27,0.38571428571428573,0.853442440927516
IXMtest_A09_s1_w1CE70AD49-290D-4312-82E6-CDC717F32637,exact_task,poisson,6.0,50,2,0.5681530635812744,0.8073754061418109,0.7037037037037037,57,35,13,92,70,22,0.3142857142857143,0.8530598938119043
IXMtest_A09_s1_w1CE70AD49-290D-4312-82E6-CDC717F32637,exact_task,poisson,6.0,50,3,0.5231757455361356,0.8045060992678311,0.6503067484662577,53,40,17,93,70,23,0.32857142857142857,0.8294319088051789
IXMtest_A09_s1_w1CE70AD49-290D-4312-82E6-CDC717F32637,exact_task,poisson,6.0,200,0,0.5413274856592706,0.8167397152052153,0.6627906976744186,57,45,13,102,70,32,0.45714285714285713,0.8692204474296674
IXMtest_A09_s1_w1CE70AD49-290D-4312-82E6-CDC717F32637,exact_task,poisson,6.0,200,1,0.5490703093971262,0.8187890578729075,0.6705882352941176,57,43,13,100,70,30,0.42857142857142855,0.87134858812074
IXMtest_A09_s1_w1CE70AD49-290D-4312-82E6-CDC717F32637,exact_task,poisson,6.0,200,2,0.535537366995408,0.8224323850286623,0.6511627906976745,56,46,14,102,70,32,0.45714285714285713,0.8708715526897345
IXMtest_A09_s1_w1CE70AD49-290D-4312-82E6-CDC717F32637,exact_task,poisson,6.0,200,3,0.5373946017900029,0.8204864009472365,0.6549707602339181,56,45,14,101,70,31,0.44285714285714284,0.8695652173913043
IXMtest_A09_s1_w1CE70AD49-290D-4312-82E6-CDC717F32637,surrogate,deterministic,-6.0,100,-1,0.5168034392561364,0.8021220046787949,0.6442953020134228,48,31,22,79,70,9,0.12857142857142856,0.730524773330891
IXMtest_A09_s1_w1CE70AD49-290D-4312-82E6-CDC717F32637,surrogate,deterministic,-4.0,100,-1,0.5330195636635875,0.8286031398770316,0.6432748538011696,55,46,15,101,70,31,0.44285714285714284,0.8606013276064037
IXMtest_A09_s1_w1CE70AD49-290D-4312-82E6-CDC717F32637,surrogate,deterministic,-2.0,100,-1,0.5439096827595611,0.8304335334989726,0.6549707602339181,56,45,14,101,70,31,0.44285714285714284,0.8711996099340977
IXMtest_A09_s1_w1CE70AD49-290D-4312-82E6-CDC717F32637,surrogate,deterministic,0.0,100,-1,0.5422406357760181,0.8327266906560278,0.6511627906976745,56,46,14,102,70,32,0.45714285714285713,0.8722599082972176
IXMtest_A09_s1_w1CE70AD49-290D-4312-82E6-CDC717F32637,surrogate,deterministic,2.0,100,-1,0.5439387103780746,0.8304778524522389,0.6549707602339181,56,45,14,101,70,31,0.44285714285714284,0.8711983578321497
IXMtest_A09_s1_w1CE70AD49-290D-4312-82E6-CDC717F32637,surrogate,deterministic,4.0,100,-1,0.5276852965106207,0.8251079181802432,0.6395348837209303,55,47,15,102,70,32,0.45714285714285713,0.8606488753518263
IXMtest_A09_s1_w1CE70AD49-290D-4312-82E6-CDC717F32637,surrogate,deterministic,6.0,100,-1,0.509489479542336,0.8021749252368694,0.6351351351351351,47,31,23,78,70,8,0.11428571428571428,0.7248863280746645
IXMtest_A09_s1_w1CE70AD49-290D-4312-82E6-CDC717F32637,surrogate,poisson,-6.0,50,0,0.5549829417506287,0.7948484504733581,0.6982248520710059,59,40,11,99,70,29,0.4142857142857143,0.8539310614844821
IXMtest_A09_s1_w1CE70AD49-290D-4312-82E6-CDC717F32637,surrogate,poisson,-6.0,50,1,0.5443326685051584,0.8116388896460843,0.6706586826347305,56,41,14,97,70,27,0.38571428571428573,0.8496219931271478
IXMtest_A09_s1_w1CE70AD49-290D-4312-82E6-CDC717F32637,surrogate,poisson,-6.0,50,2,0.5594210775927465,0.8005508524172062,0.6987951807228916,58,38,12,96,70,26,0.37142857142857144,0.8443100050414776
IXMtest_A09_s1_w1CE70AD49-290D-4312-82E6-CDC717F32637,surrogate,poisson,-6.0,50,3,0.5265839035204033,0.819130516587294,0.6428571428571429,54,44,16,98,70,28,0.4,0.8526186281062033
IXMtest_A09_s1_w1CE70AD49-290D-4312-82E6-CDC717F32637,surrogate,poisson,-6.0,200,0,0.5625192241852153,0.8289756987992646,0.6785714285714286,57,41,13,98,70,28,0.4,0.8637164076257561
IXMtest_A09_s1_w1CE70AD49-290D-4312-82E6-CDC717F32637,surrogate,poisson,-6.0,200,1,0.5373545907847079,0.82522312156223,0.6511627906976745,56,46,14,102,70,32,0.45714285714285713,0.8711753398220541
IXMtest_A09_s1_w1CE70AD49-290D-4312-82E6-CDC717F32637,surrogate,poisson,-6.0,200,2,0.5616658127516798,0.8277180398445807,0.6785714285714286,57,41,13,98,70,28,0.4,0.8655609905227759
IXMtest_A09_s1_w1CE70AD49-290D-4312-82E6-CDC717F32637,surrogate,poisson,-6.0,200,3,0.5414725403584411,0.8267125392972626,0.6549707602339181,56,45,14,101,70,31,0.44285714285714284,0.8711950908317638
IXMtest_A09_s1_w1CE70AD49-290D-4312-82E6-CDC717F32637,surrogate,poisson,6.0,50,0,0.5356266002440137,0.7940429424670027,0.6745562130177515,57,42,13,99,70,29,0.4142857142857143,0.8507991818801606
IXMtest_A09_s1_w1CE70AD49-290D-4312-82E6-CDC717F32637,surrogate,poisson,6.0,50,1,0.5708244850438519,0.8070277202344113,0.7073170731707317,58,36,12,94,70,24,0.34285714285714286,0.8623317362537075
IXMtest_A09_s1_w1CE70AD49-290D-4312-82E6-CDC717F32637,surrogate,poisson,6.0,50,2,0.5440920600304909,0.7973762948722711,0.6823529411764706,58,42,12,100,70,30,0.42857142857142855,0.8613348373754465
IXMtest_A09_s1_w1CE70AD49-290D-4312-82E6-CDC717F32637,surrogate,poisson,6.0,50,3,0.5556875894040055,0.8091591214128502,0.6867469879518072,57,39,13,96,70,26,0.37142857142857144,0.8548264427610964
IXMtest_A09_s1_w1CE70AD49-290D-4312-82E6-CDC717F32637,surrogate,poisson,6.0,200,0,0.5415102831277295,0.821935251176018,0.6588235294117647,56,44,14,100,70,30,0.42857142857142855,0.8702500191146112
IXMtest_A09_s1_w1CE70AD49-290D-4312-82E6-CDC717F32637,surrogate,poisson,6.0,200,1,0.5461198806113898,0.8289319616422881,0.6588235294117647,56,44,14,100,70,30,0.42857142857142855,0.8750816435026961
IXMtest_A09_s1_w1CE70AD49-290D-4312-82E6-CDC717F32637,surrogate,poisson,6.0,200,2,0.5520373595563798,0.8232136063560049,0.6705882352941176,57,43,13,100,70,30,0.42857142857142855,0.8736721786176941
IXMtest_A09_s1_w1CE70AD49-290D-4312-82E6-CDC717F32637,surrogate,poisson,6.0,200,3,0.5552610801198786,0.8280209089506961,0.6705882352941176,57,43,13,100,70,30,0.42857142857142855,0.8677322143810795
IXMtest_A12_s7_w1EAEEA614-51ED-43B3-A4FF-088730911E4C,clear,deterministic,-6.0,100,-1,0.11423992673992675,0.7996794871794872,0.14285714285714285,1,2,10,3,11,8,0.7272727272727273,0.150443211001574
IXMtest_A12_s7_w1EAEEA614-51ED-43B3-A4FF-088730911E4C,clear,deterministic,-4.0,100,-1,0.23404192192066825,0.7411327527487828,0.3157894736842105,3,5,8,8,11,3,0.2727272727272727,0.4117647058823529
IXMtest_A12_s7_w1EAEEA614-51ED-43B3-A4FF-088730911E4C,clear,deterministic,-2.0,100,-1,0.2776589912191105,0.7404239765842946,0.375,6,15,5,21,11,10,0.9090909090909091,0.8057947105222457
IXMtest_A12_s7_w1EAEEA614-51ED-43B3-A4FF-088730911E4C,clear,deterministic,0.0,100,-1,0.2668512918913145,0.7560786603587245,0.35294117647058826,6,17,5,23,11,12,1.0909090909090908,0.8345560712681539
IXMtest_A12_s7_w1EAEEA614-51ED-43B3-A4FF-088730911E4C,clear,deterministic,2.0,100,-1,0.2776589912191105,0.7404239765842946,0.375,6,15,5,21,11,10,0.9090909090909091,0.8057947105222457
IXMtest_A12_s7_w1EAEEA614-51ED-43B3-A4FF-088730911E4C,clear,deterministic,4.0,100,-1,0.23404192192066825,0.7411327527487828,0.3157894736842105,3,5,8,8,11,3,0.2727272727272727,0.4117647058823529
IXMtest_A12_s7_w1EAEEA614-51ED-43B3-A4FF-088730911E4C,clear,deterministic,6.0,100,-1,0.11423992673992675,0.7996794871794872,0.14285714285714285,1,2,10,3,11,8,0.7272727272727273,0.150443211001574
IXMtest_A12_s7_w1EAEEA614-51ED-43B3-A4FF-088730911E4C,clear,poisson,-6.0,50,0,0.2587667402509263,0.7331724307109577,0.35294117647058826,3,3,8,6,11,5,0.45454545454545453,0.4577893820713664
IXMtest_A12_s7_w1EAEEA614-51ED-43B3-A4FF-088730911E4C,clear,poisson,-6.0,50,1,0.3335505648813909,0.7504887709831295,0.4444444444444444,4,3,7,7,11,4,0.36363636363636365,0.5336203621628467
IXMtest_A12_s7_w1EAEEA614-51ED-43B3-A4FF-088730911E4C,clear,poisson,-6.0,50,2,0.22971302754748743,0.6891390826424623,0.3333333333333333,3,4,8,7,11,4,0.36363636363636365,0.4299193217557774
IXMtest_A12_s7_w1EAEEA614-51ED-43B3-A4FF-088730911E4C,clear,poisson,-6.0,50,3,0.2651641272483989,0.7512983605371302,0.35294117647058826,3,3,8,6,11,5,0.45454545454545453,0.4674842558833278
IXMtest_A12_s7_w1EAEEA614-51ED-43B3-A4FF-088730911E4C,clear,poisson,-6.0,200,0,0.3462273885650385,0.7270775159865808,0.47619047619047616,5,5,6,10,11,1,0.09090909090909091,0.6319654171848167
IXMtest_A12_s7_w1EAEEA614-51ED-43B3-A4FF-088730911E4C,clear,poisson,-6.0,200,1,0.34553712979919654,0.7774585420481922,0.4444444444444444,4,3,7,7,11,4,0.36363636363636365,0.5567320343336883
IXMtest_A12_s7_w1EAEEA614-51ED-43B3-A4FF-088730911E4C,clear,poisson,-6.0,200,2,0.41292884745355096,0.7845648101617468,0.5263157894736842,5,3,6,8,11,3,0.2727272727272727,0.6028673401488113
IXMtest_A12_s7_w1EAEEA614-51ED-43B3-A4FF-088730911E4C,clear,poisson,-6.0,200,3,0.31472591604264033,0.7474740506012708,0.42105263157894735,4,4,7,8,11,3,0.2727272727272727,0.5353438951453839
IXMtest_A12_s7_w1EAEEA614-51ED-43B3-A4FF-088730911E4C,clear,poisson,6.0,50,0,0.24026949632863995,0.7608534050406931,0.3157894736842105,3,5,8,8,11,3,0.2727272727272727,0.5080017996015168
IXMtest_A12_s7_w1EAEEA614-51ED-43B3-A4FF-088730911E4C,clear,poisson,6.0,50,1,0.236232783298804,0.708698349896412,0.3333333333333333,3,4,8,7,11,4,0.36363636363636365,0.4830708661417323
IXMtest_A12_s7_w1EAEEA614-51ED-43B3-A4FF-088730911E4C,clear,poisson,6.0,50,2,0.3241231933039744,0.7292771849339423,0.4444444444444444,4,3,7,7,11,4,0.36363636363636365,0.49410845648069784
IXMtest_A12_s7_w1EAEEA614-51ED-43B3-A4FF-088730911E4C,clear,poisson,6.0,50,3,0.1851932015216536,0.7407728060866144,0.25,2,3,9,5,11,6,0.5454545454545454,0.3574400918352705
IXMtest_A12_s7_w1EAEEA614-51ED-43B3-A4FF-088730911E4C,clear,poisson,6.0,200,0,0.37982670006624575,0.7596534001324915,0.5,5,4,6,9,11,2,0.18181818181818182,0.632229216920633
IXMtest_A12_s7_w1EAEEA614-51ED-43B3-A4FF-088730911E4C,clear,poisson,6.0,200,1,0.3165542244549042,0.7122470050235346,0.4444444444444444,4,3,7,7,11,4,0.36363636363636365,0.48253131179960446
IXMtest_A12_s7_w1EAEEA614-51ED-43B3-A4FF-088730911E4C,clear,poisson,6.0,200,2,0.41304905018227295,0.7434882903280913,0.5555555555555556,5,2,6,7,11,4,0.36363636363636365,0.5383403692268918
IXMtest_A12_s7_w1EAEEA614-51ED-43B3-A4FF-088730911E4C,clear,poisson,6.0,200,3,0.40192968455009537,0.7636664006451812,0.5263157894736842,5,3,6,8,11,3,0.2727272727272727,0.6023208026109029
IXMtest_A12_s7_w1EAEEA614-51ED-43B3-A4FF-088730911E4C,cubic,deterministic,-6.0,100,-1,0.11423992673992675,0.7996794871794872,0.14285714285714285,1,2,10,3,11,8,0.7272727272727273,0.150443211001574
IXMtest_A12_s7_w1EAEEA614-51ED-43B3-A4FF-088730911E4C,cubic,deterministic,-4.0,100,-1,0.23404192192066825,0.7411327527487828,0.3157894736842105,3,5,8,8,11,3,0.2727272727272727,0.4117647058823529
IXMtest_A12_s7_w1EAEEA614-51ED-43B3-A4FF-088730911E4C,cubic,deterministic,-2.0,100,-1,0.2776589912191105,0.7404239765842946,0.375,6,15,5,21,11,10,0.9090909090909091,0.8057947105222457
IXMtest_A12_s7_w1EAEEA614-51ED-43B3-A4FF-088730911E4C,cubic,deterministic,0.0,100,-1,0.2668512918913145,0.7560786603587245,0.35294117647058826,6,17,5,23,11,12,1.0909090909090908,0.8345560712681539
IXMtest_A12_s7_w1EAEEA614-51ED-43B3-A4FF-088730911E4C,cubic,deterministic,2.0,100,-1,0.2776589912191105,0.7404239765842946,0.375,6,15,5,21,11,10,0.9090909090909091,0.8057947105222457
IXMtest_A12_s7_w1EAEEA614-51ED-43B3-A4FF-088730911E4C,cubic,deterministic,4.0,100,-1,0.23404192192066825,0.7411327527487828,0.3157894736842105,3,5,8,8,11,3,0.2727272727272727,0.4117647058823529
IXMtest_A12_s7_w1EAEEA614-51ED-43B3-A4FF-088730911E4C,cubic,deterministic,6.0,100,-1,0.11423992673992675,0.7996794871794872,0.14285714285714285,1,2,10,3,11,8,0.7272727272727273,0.150443211001574
IXMtest_A12_s7_w1EAEEA614-51ED-43B3-A4FF-088730911E4C,cubic,poisson,-6.0,50,0,0.2587667402509263,0.7331724307109577,0.35294117647058826,3,3,8,6,11,5,0.45454545454545453,0.4577893820713664
IXMtest_A12_s7_w1EAEEA614-51ED-43B3-A4FF-088730911E4C,cubic,poisson,-6.0,50,1,0.3335505648813909,0.7504887709831295,0.4444444444444444,4,3,7,7,11,4,0.36363636363636365,0.5336203621628467
IXMtest_A12_s7_w1EAEEA614-51ED-43B3-A4FF-088730911E4C,cubic,poisson,-6.0,50,2,0.22971302754748743,0.6891390826424623,0.3333333333333333,3,4,8,7,11,4,0.36363636363636365,0.4299193217557774
IXMtest_A12_s7_w1EAEEA614-51ED-43B3-A4FF-088730911E4C,cubic,poisson,-6.0,50,3,0.2651641272483989,0.7512983605371302,0.35294117647058826,3,3,8,6,11,5,0.45454545454545453,0.4674842558833278
IXMtest_A12_s7_w1EAEEA614-51ED-43B3-A4FF-088730911E4C,cubic,poisson,-6.0,200,0,0.3462273885650385,0.7270775159865808,0.47619047619047616,5,5,6,10,11,1,0.09090909090909091,0.6319654171848167
IXMtest_A12_s7_w1EAEEA614-51ED-43B3-A4FF-088730911E4C,cubic,poisson,-6.0,200,1,0.34553712979919654,0.7774585420481922,0.4444444444444444,4,3,7,7,11,4,0.36363636363636365,0.5567320343336883
IXMtest_A12_s7_w1EAEEA614-51ED-43B3-A4FF-088730911E4C,cubic,poisson,-6.0,200,2,0.41292884745355096,0.7845648101617468,0.5263157894736842,5,3,6,8,11,3,0.2727272727272727,0.6028673401488113
IXMtest_A12_s7_w1EAEEA614-51ED-43B3-A4FF-088730911E4C,cubic,poisson,-6.0,200,3,0.31472591604264033,0.7474740506012708,0.42105263157894735,4,4,7,8,11,3,0.2727272727272727,0.5353438951453839
IXMtest_A12_s7_w1EAEEA614-51ED-43B3-A4FF-088730911E4C,cubic,poisson,6.0,50,0,0.24026949632863995,0.7608534050406931,0.3157894736842105,3,5,8,8,11,3,0.2727272727272727,0.5080017996015168
IXMtest_A12_s7_w1EAEEA614-51ED-43B3-A4FF-088730911E4C,cubic,poisson,6.0,50,1,0.236232783298804,0.708698349896412,0.3333333333333333,3,4,8,7,11,4,0.36363636363636365,0.4830708661417323
IXMtest_A12_s7_w1EAEEA614-51ED-43B3-A4FF-088730911E4C,cubic,poisson,6.0,50,2,0.3241231933039744,0.7292771849339423,0.4444444444444444,4,3,7,7,11,4,0.36363636363636365,0.49410845648069784
IXMtest_A12_s7_w1EAEEA614-51ED-43B3-A4FF-088730911E4C,cubic,poisson,6.0,50,3,0.1851932015216536,0.7407728060866144,0.25,2,3,9,5,11,6,0.5454545454545454,0.3574400918352705
IXMtest_A12_s7_w1EAEEA614-51ED-43B3-A4FF-088730911E4C,cubic,poisson,6.0,200,0,0.37982670006624575,0.7596534001324915,0.5,5,4,6,9,11,2,0.18181818181818182,0.632229216920633
IXMtest_A12_s7_w1EAEEA614-51ED-43B3-A4FF-088730911E4C,cubic,poisson,6.0,200,1,0.3165542244549042,0.7122470050235346,0.4444444444444444,4,3,7,7,11,4,0.36363636363636365,0.48253131179960446
IXMtest_A12_s7_w1EAEEA614-51ED-43B3-A4FF-088730911E4C,cubic,poisson,6.0,200,2,0.41304905018227295,0.7434882903280913,0.5555555555555556,5,2,6,7,11,4,0.36363636363636365,0.5383403692268918
IXMtest_A12_s7_w1EAEEA614-51ED-43B3-A4FF-088730911E4C,cubic,poisson,6.0,200,3,0.40192968455009537,0.7636664006451812,0.5263157894736842,5,3,6,8,11,3,0.2727272727272727,0.6023208026109029
IXMtest_A12_s7_w1EAEEA614-51ED-43B3-A4FF-088730911E4C,image_fidelity,deterministic,-6.0,100,-1,0.11423992673992675,0.7996794871794872,0.14285714285714285,1,2,10,3,11,8,0.7272727272727273,0.1503148823334438
IXMtest_A12_s7_w1EAEEA614-51ED-43B3-A4FF-088730911E4C,image_fidelity,deterministic,-4.0,100,-1,0.23448957197291007,0.7425503112475486,0.3157894736842105,3,5,8,8,11,3,0.2727272727272727,0.4124381625441696
IXMtest_A12_s7_w1EAEEA614-51ED-43B3-A4FF-088730911E4C,image_fidelity,deterministic,-2.0,100,-1,0.2775753054311274,0.7402008144830065,0.375,6,15,5,21,11,10,0.9090909090909091,0.8061823802163833
IXMtest_A12_s7_w1EAEEA614-51ED-43B3-A4FF-088730911E4C,image_fidelity,deterministic,0.0,100,-1,0.2668460169711744,0.7560637147516607,0.35294117647058826,6,17,5,23,11,12,1.0909090909090908,0.8348719996007785
IXMtest_A12_s7_w1EAEEA614-51ED-43B3-A4FF-088730911E4C,image_fidelity,deterministic,2.0,100,-1,0.2778246849825597,0.7408658266201592,0.375,6,15,5,21,11,10,0.9090909090909091,0.8043568036341111
IXMtest_A12_s7_w1EAEEA614-51ED-43B3-A4FF-088730911E4C,image_fidelity,deterministic,4.0,100,-1,0.23403674088443283,0.7411163461340373,0.3157894736842105,3,5,8,8,11,3,0.2727272727272727,0.41162741353702526
IXMtest_A12_s7_w1EAEEA614-51ED-43B3-A4FF-088730911E4C,image_fidelity,deterministic,6.0,100,-1,0.11442329740885118,0.8009630818619583,0.14285714285714285,1,2,10,3,11,8,0.7272727272727273,0.150149154789526
IXMtest_A12_s7_w1EAEEA614-51ED-43B3-A4FF-088730911E4C,image_fidelity,poisson,-6.0,50,0,0.16651168790051654,0.7076746735771953,0.23529411764705882,2,4,9,6,11,5,0.45454545454545453,0.3777319000498327
IXMtest_A12_s7_w1EAEEA614-51ED-43B3-A4FF-088730911E4C,image_fidelity,poisson,-6.0,50,1,0.43982783674552334,0.6963940748470786,0.631578947368421,6,2,5,8,11,3,0.2727272727272727,0.590084349778506
IXMtest_A12_s7_w1EAEEA614-51ED-43B3-A4FF-088730911E4C,image_fidelity,poisson,-6.0,50,2,0.25034123049121393,0.6675766146432371,0.375,3,2,8,5,11,6,0.5454545454545454,0.36738173035942606
IXMtest_A12_s7_w1EAEEA614-51ED-43B3-A4FF-088730911E4C,image_fidelity,poisson,-6.0,50,3,0.37903482762912405,0.7201661724953358,0.5263157894736842,5,3,6,8,11,3,0.2727272727272727,0.567303557166554
IXMtest_A12_s7_w1EAEEA614-51ED-43B3-A4FF-088730911E4C,image_fidelity,poisson,-6.0,200,0,0.2571163809799957,0.7713491429399871,0.3333333333333333,3,4,8,7,11,4,0.36363636363636365,0.4966487054803522
IXMtest_A12_s7_w1EAEEA614-51ED-43B3-A4FF-088730911E4C,image_fidelity,poisson,-6.0,200,1,0.33378442750824644,0.7927380153320853,0.42105263157894735,4,4,7,8,11,3,0.2727272727272727,0.5472066511305662
IXMtest_A12_s7_w1EAEEA614-51ED-43B3-A4FF-088730911E4C,image_fidelity,poisson,-6.0,200,2,0.34112256759519366,0.7675257770891857,0.4444444444444444,4,3,7,7,11,4,0.36363636363636365,0.5169032258064516
IXMtest_A12_s7_w1EAEEA614-51ED-43B3-A4FF-088730911E4C,image_fidelity,poisson,-6.0,200,3,0.39308433505466867,0.7075518030984036,0.5555555555555556,5,2,6,7,11,4,0.36363636363636365,0.5197812801543905
IXMtest_A12_s7_w1EAEEA614-51ED-43B3-A4FF-088730911E4C,image_fidelity,poisson,6.0,50,0,0.37208960439780453,0.7069702483558287,0.5263157894736842,5,3,6,8,11,3,0.2727272727272727,0.5522350577599197
IXMtest_A12_s7_w1EAEEA614-51ED-43B3-A4FF-088730911E4C,image_fidelity,poisson,6.0,50,1,0.4498732455947979,0.7122993055250967,0.631578947368421,6,2,5,8,11,3,0.2727272727272727,0.5766759607225118
IXMtest_A12_s7_w1EAEEA614-51ED-43B3-A4FF-088730911E4C,image_fidelity,poisson,6.0,50,2,0.271856711337141,0.7249512302323761,0.375,3,2,8,5,11,6,0.5454545454545454,0.38997253714527147
IXMtest_A12_s7_w1EAEEA614-51ED-43B3-A4FF-088730911E4C,image_fidelity,poisson,6.0,50,3,0.18394532097158967,0.7357812838863587,0.25,2,3,9,5,11,6,0.5454545454545454,0.33906919334930663
IXMtest_A12_s7_w1EAEEA614-51ED-43B3-A4FF-088730911E4C,image_fidelity,poisson,6.0,200,0,0.40204060775372896,0.7236730939567122,0.5555555555555556,5,2,6,7,11,4,0.36363636363636365,0.5258852102773872
IXMtest_A12_s7_w1EAEEA614-51ED-43B3-A4FF-088730911E4C,image_fidelity,poisson,6.0,200,1,0.36893047083577424,0.7378609416715485,0.5,5,4,6,9,11,2,0.18181818181818182,0.5922840065205579
IXMtest_A12_s7_w1EAEEA614-51ED-43B3-A4FF-088730911E4C,image_fidelity,poisson,6.0,200,2,0.337008970490136,0.758270183602806,0.4444444444444444,4,3,7,7,11,4,0.36363636363636365,0.49678941161053597
IXMtest_A12_s7_w1EAEEA614-51ED-43B3-A4FF-088730911E4C,image_fidelity,poisson,6.0,200,3,0.37142795734700196,0.7057131189593038,0.5263157894736842,5,3,6,8,11,3,0.2727272727272727,0.5389305220373428
IXMtest_A12_s7_w1EAEEA614-51ED-43B3-A4FF-088730911E4C,exact_task,deterministic,-6.0,100,-1,0.10565240359218173,0.7923930269413629,0.13333333333333333,1,3,10,4,11,7,0.6363636363636364,0.18567251461988304
IXMtest_A12_s7_w1EAEEA614-51ED-43B3-A4FF-088730911E4C,exact_task,deterministic,-4.0,100,-1,0.3389677367823974,0.7061827849633279,0.48,6,8,5,14,11,3,0.2727272727272727,0.6960241857281387
IXMtest_A12_s7_w1EAEEA614-51ED-43B3-A4FF-088730911E4C,exact_task,deterministic,-2.0,100,-1,0.3476973571753708,0.75334427387997,0.46153846153846156,6,9,5,15,11,4,0.36363636363636365,0.7431994284772215
IXMtest_A12_s7_w1EAEEA614-51ED-43B3-A4FF-088730911E4C,exact_task,deterministic,0.0,100,-1,0.3374595588732086,0.7592840074647195,0.4444444444444444,6,10,5,16,11,5,0.45454545454545453,0.7516279069767442
IXMtest_A12_s7_w1EAEEA614-51ED-43B3-A4FF-088730911E4C,exact_task,deterministic,2.0,100,-1,0.33575752620305516,0.7554544339568742,0.4444444444444444,6,10,5,16,11,5,0.45454545454545453,0.7486876640419947
IXMtest_A12_s7_w1EAEEA614-51ED-43B3-A4FF-088730911E4C,exact_task,deterministic,4.0,100,-1,0.3394561316703635,0.7072002743132573,0.48,6,8,5,14,11,3,0.2727272727272727,0.6968160847525203
IXMtest_A12_s7_w1EAEEA614-51ED-43B3-A4FF-088730911E4C,exact_task,deterministic,6.0,100,-1,0.1744818347820339,0.6979273391281356,0.25,2,3,9,5,11,6,0.5454545454545454,0.21907339595605796
IXMtest_A12_s7_w1EAEEA614-51ED-43B3-A4FF-088730911E4C,exact_task,poisson,-6.0,50,0,0.33774974021267673,0.717718197951938,0.47058823529411764,4,2,7,6,11,5,0.45454545454545453,0.4916383590279592
IXMtest_A12_s7_w1EAEEA614-51ED-43B3-A4FF-088730911E4C,exact_task,poisson,-6.0,50,1,0.09795763993948563,0.783661119515885,0.125,1,4,10,5,11,6,0.5454545454545454,0.27235927594898035
IXMtest_A12_s7_w1EAEEA614-51ED-43B3-A4FF-088730911E4C,exact_task,poisson,-6.0,50,2,0.19257417277361216,0.8184402342878517,0.23529411764705882,2,4,9,6,11,5,0.45454545454545453,0.4169889502762431
IXMtest_A12_s7_w1EAEEA614-51ED-43B3-A4FF-088730911E4C,exact_task,poisson,-6.0,50,3,0.2765613470931528,0.7374969255817407,0.375,3,2,8,5,11,6,0.5454545454545454,0.3941472976757211
IXMtest_A12_s7_w1EAEEA614-51ED-43B3-A4FF-088730911E4C,exact_task,poisson,-6.0,200,0,0.35833575468204937,0.7166715093640987,0.5,5,4,6,9,11,2,0.18181818181818182,0.5893708002443494
IXMtest_A12_s7_w1EAEEA614-51ED-43B3-A4FF-088730911E4C,exact_task,poisson,-6.0,200,1,0.4452287440563095,0.6996451692313436,0.6363636363636364,7,4,4,11,11,0,0.0,0.6893111372680903
IXMtest_A12_s7_w1EAEEA614-51ED-43B3-A4FF-088730911E4C,exact_task,poisson,-6.0,200,2,0.37595762687769346,0.7143194910676176,0.5263157894736842,5,3,6,8,11,3,0.2727272727272727,0.5493535162409334
IXMtest_A12_s7_w1EAEEA614-51ED-43B3-A4FF-088730911E4C,exact_task,poisson,-6.0,200,3,0.4349098111290933,0.7248496852151556,0.6,6,3,5,9,11,2,0.18181818181818182,0.6529829049889522
IXMtest_A12_s7_w1EAEEA614-51ED-43B3-A4FF-088730911E4C,exact_task,poisson,6.0,50,0,0.2562856692469258,0.7261427295329564,0.35294117647058826,3,3,8,6,11,5,0.45454545454545453,0.43586414269117746
IXMtest_A12_s7_w1EAEEA614-51ED-43B3-A4FF-088730911E4C,exact_task,poisson,6.0,50,1,0.11030199186121226,0.7721139430284858,0.14285714285714285,1,2,10,3,11,8,0.7272727272727273,0.15827809149684918
IXMtest_A12_s7_w1EAEEA614-51ED-43B3-A4FF-088730911E4C,exact_task,poisson,6.0,50,2,0.26776015583226165,0.7586537748580747,0.35294117647058826,3,3,8,6,11,5,0.45454545454545453,0.4646857602790261
IXMtest_A12_s7_w1EAEEA614-51ED-43B3-A4FF-088730911E4C,exact_task,poisson,6.0,50,3,0.3715838999892161,0.668851019980589,0.5555555555555556,5,2,6,7,11,4,0.36363636363636365,0.5401066164941988
IXMtest_A12_s7_w1EAEEA614-51ED-43B3-A4FF-088730911E4C,exact_task,poisson,6.0,200,0,0.3910928186411279,0.7821856372822558,0.5,5,4,6,9,11,2,0.18181818181818182,0.6005628405484702
IXMtest_A12_s7_w1EAEEA614-51ED-43B3-A4FF-088730911E4C,exact_task,poisson,6.0,200,1,0.4159298960927059,0.7278773181622354,0.5714285714285714,6,4,5,10,11,1,0.09090909090909091,0.6646330935251799
IXMtest_A12_s7_w1EAEEA614-51ED-43B3-A4FF-088730911E4C,exact_task,poisson,6.0,200,2,0.4210732615938665,0.7368782077892663,0.5714285714285714,6,4,5,10,11,1,0.09090909090909091,0.6511009651505519
IXMtest_A12_s7_w1EAEEA614-51ED-43B3-A4FF-088730911E4C,exact_task,poisson,6.0,200,3,0.4921315464726641,0.7030450663895201,0.7,7,2,4,9,11,2,0.18181818181818182,0.6697205680256527
IXMtest_A12_s7_w1EAEEA614-51ED-43B3-A4FF-088730911E4C,surrogate,deterministic,-6.0,100,-1,0.11364673664993154,0.7955271565495208,0.14285714285714285,1,2,10,3,11,8,0.7272727272727273,0.1489767172093794
IXMtest_A12_s7_w1EAEEA614-51ED-43B3-A4FF-088730911E4C,surrogate,deterministic,-4.0,100,-1,0.2741792279516147,0.7197204733729886,0.38095238095238093,4,6,7,10,11,1,0.09090909090909091,0.5264531280579294
IXMtest_A12_s7_w1EAEEA614-51ED-43B3-A4FF-088730911E4C,surrogate,deterministic,-2.0,100,-1,0.27801489709618415,0.7413730589231577,0.375,6,15,5,21,11,10,0.9090909090909091,0.8072289156626506
IXMtest_A12_s7_w1EAEEA614-51ED-43B3-A4FF-088730911E4C,surrogate,deterministic,0.0,100,-1,0.2676996252713952,0.7584822716022863,0.35294117647058826,6,17,5,23,11,12,1.0909090909090908,0.8369586908800638
IXMtest_A12_s7_w1EAEEA614-51ED-43B3-A4FF-088730911E4C,surrogate,deterministic,2.0,100,-1,0.2782304496243542,0.7419478656649446,0.375,6,15,5,21,11,10,0.9090909090909091,0.8054051266181855
IXMtest_A12_s7_w1EAEEA614-51ED-43B3-A4FF-088730911E4C,surrogate,deterministic,4.0,100,-1,0.27441194270444796,0.7203313495991759,0.38095238095238093,4,6,7,10,11,1,0.09090909090909091,0.5270023480302635
IXMtest_A12_s7_w1EAEEA614-51ED-43B3-A4FF-088730911E4C,surrogate,deterministic,6.0,100,-1,0.11382857142857142,0.7968,0.14285714285714285,1,2,10,3,11,8,0.7272727272727273,0.14903846153846154
IXMtest_A12_s7_w1EAEEA614-51ED-43B3-A4FF-088730911E4C,surrogate,poisson,-6.0,50,0,0.24667775619192625,0.7400332685757788,0.3333333333333333,3,4,8,7,11,4,0.36363636363636365,0.5243013750712883
IXMtest_A12_s7_w1EAEEA614-51ED-43B3-A4FF-088730911E4C,surrogate,poisson,-6.0,50,1,0.2789454006456978,0.7438544017218608,0.375,3,2,8,5,11,6,0.5454545454545454,0.4064723113404938
IXMtest_A12_s7_w1EAEEA614-51ED-43B3-A4FF-088730911E4C,surrogate,poisson,-6.0,50,2,0.3405285620658398,0.7661892646481395,0.4444444444444444,4,3,7,7,11,4,0.36363636363636365,0.5271307990099638
IXMtest_A12_s7_w1EAEEA614-51ED-43B3-A4FF-088730911E4C,surrogate,poisson,-6.0,50,3,0.2677371849170039,0.7585886905981777,0.35294117647058826,3,3,8,6,11,5,0.45454545454545453,0.4579120069644412
IXMtest_A12_s7_w1EAEEA614-51ED-43B3-A4FF-088730911E4C,surrogate,poisson,-6.0,200,0,0.3839977555513878,0.691195959992498,0.5555555555555556,5,2,6,7,11,4,0.36363636363636365,0.5525934329110733
IXMtest_A12_s7_w1EAEEA614-51ED-43B3-A4FF-088730911E4C,surrogate,poisson,-6.0,200,1,0.4438763835694824,0.7028042739850138,0.631578947368421,6,2,5,8,11,3,0.2727272727272727,0.5963913780576411
IXMtest_A12_s7_w1EAEEA614-51ED-43B3-A4FF-088730911E4C,surrogate,poisson,-6.0,200,2,0.4479884098093227,0.7093149821980943,0.631578947368421,6,2,5,8,11,3,0.2727272727272727,0.6012662044015676
IXMtest_A12_s7_w1EAEEA614-51ED-43B3-A4FF-088730911E4C,surrogate,poisson,-6.0,200,3,0.4659829379531023,0.7378063184257453,0.631578947368421,6,2,5,8,11,3,0.2727272727272727,0.6198656601081852
IXMtest_A12_s7_w1EAEEA614-51ED-43B3-A4FF-088730911E4C,surrogate,poisson,6.0,50,0,0.3489742163906207,0.7851919868788966,0.4444444444444444,4,3,7,7,11,4,0.36363636363636365,0.5772530882979371
IXMtest_A12_s7_w1EAEEA614-51ED-43B3-A4FF-088730911E4C,surrogate,poisson,6.0,50,1,0.3163831315832618,0.6723141546144313,0.47058823529411764,4,2,7,6,11,5,0.45454545454545453,0.4239568394454688
IXMtest_A12_s7_w1EAEEA614-51ED-43B3-A4FF-088730911E4C,surrogate,poisson,6.0,50,2,0.28895839694895564,0.770555725197215,0.375,3,2,8,5,11,6,0.5454545454545454,0.41453492380886714
IXMtest_A12_s7_w1EAEEA614-51ED-43B3-A4FF-088730911E4C,surrogate,poisson,6.0,50,3,0.2902532129810389,0.6893513808299674,0.42105263157894735,4,4,7,8,11,3,0.2727272727272727,0.5507300636465743
IXMtest_A12_s7_w1EAEEA614-51ED-43B3-A4FF-088730911E4C,surrogate,poisson,6.0,200,0,0.3912457243479133,0.704242303826244,0.5555555555555556,5,2,6,7,11,4,0.36363636363636365,0.5173590982286634
IXMtest_A12_s7_w1EAEEA614-51ED-43B3-A4FF-088730911E4C,surrogate,poisson,6.0,200,1,0.45711278916592984,0.7237619161793889,0.631578947368421,6,2,5,8,11,3,0.2727272727272727,0.6091029182178456
IXMtest_A12_s7_w1EAEEA614-51ED-43B3-A4FF-088730911E4C,surrogate,poisson,6.0,200,2,0.28644358920386526,0.7638495712103074,0.375,3,2,8,5,11,6,0.5454545454545454,0.3421457341633101
IXMtest_A12_s7_w1EAEEA614-51ED-43B3-A4FF-088730911E4C,surrogate,poisson,6.0,200,3,0.4621889289829954,0.6932833934744931,0.6666666666666666,7,3,4,10,11,1,0.09090909090909091,0.6804287415641127
IXMtest_A16_s2_w15AF20A10-82AE-48FA-AC50-7AE8AC3AA544,clear,deterministic,-6.0,100,-1,0.6299184092686493,0.8267679121651021,0.7619047619047619,32,6,14,38,46,8,0.17391304347826086,0.6351851851851852
IXMtest_A16_s2_w15AF20A10-82AE-48FA-AC50-7AE8AC3AA544,clear,deterministic,-4.0,100,-1,0.6939759607991778,0.8378490258429098,0.8282828282828283,41,12,5,53,46,7,0.15217391304347827,0.7862806461119609
IXMtest_A16_s2_w15AF20A10-82AE-48FA-AC50-7AE8AC3AA544,clear,deterministic,-2.0,100,-1,0.7492547618522263,0.8574804496753257,0.8737864077669902,45,12,1,57,46,11,0.2391304347826087,0.8487468253764655
IXMtest_A16_s2_w15AF20A10-82AE-48FA-AC50-7AE8AC3AA544,clear,deterministic,0.0,100,-1,0.7416472003300209,0.8487740181554683,0.8737864077669902,45,12,1,57,46,11,0.2391304347826087,0.8522854893051235
IXMtest_A16_s2_w15AF20A10-82AE-48FA-AC50-7AE8AC3AA544,clear,deterministic,2.0,100,-1,0.7492547618522263,0.8574804496753257,0.8737864077669902,45,12,1,57,46,11,0.2391304347826087,0.8487468253764655
IXMtest_A16_s2_w15AF20A10-82AE-48FA-AC50-7AE8AC3AA544,clear,deterministic,4.0,100,-1,0.6939759607991778,0.8378490258429098,0.8282828282828283,41,12,5,53,46,7,0.15217391304347827,0.7862806461119609
IXMtest_A16_s2_w15AF20A10-82AE-48FA-AC50-7AE8AC3AA544,clear,deterministic,6.0,100,-1,0.6299184092686493,0.8267679121651021,0.7619047619047619,32,6,14,38,46,8,0.17391304347826086,0.6351851851851852
IXMtest_A16_s2_w15AF20A10-82AE-48FA-AC50-7AE8AC3AA544,clear,poisson,-6.0,50,0,0.7083860659479155,0.8237047278464135,0.86,43,11,3,54,46,8,0.17391304347826086,0.8178073226133491
IXMtest_A16_s2_w15AF20A10-82AE-48FA-AC50-7AE8AC3AA544,clear,poisson,-6.0,50,1,0.6937461845805687,0.8066816099774055,0.86,43,11,3,54,46,8,0.17391304347826086,0.8156564353881868
IXMtest_A16_s2_w15AF20A10-82AE-48FA-AC50-7AE8AC3AA544,clear,poisson,-6.0,50,2,0.6453905667549406,0.8108753274613356,0.7959183673469388,39,13,7,52,46,6,0.13043478260869565,0.7609077382947066
IXMtest_A16_s2_w15AF20A10-82AE-48FA-AC50-7AE8AC3AA544,clear,poisson,-6.0,50,3,0.6791031854534838,0.8234126123623492,0.8247422680412371,40,11,6,51,46,5,0.10869565217391304,0.7904380987815087
IXMtest_A16_s2_w15AF20A10-82AE-48FA-AC50-7AE8AC3AA544,clear,poisson,-6.0,200,0,0.7195237946375758,0.8366555751599719,0.86,43,11,3,54,46,8,0.17391304347826086,0.824428077950857
IXMtest_A16_s2_w15AF20A10-82AE-48FA-AC50-7AE8AC3AA544,clear,poisson,-6.0,200,1,0.7134490989831875,0.8378878953174644,0.8514851485148515,43,12,3,55,46,9,0.1956521739130435,0.8300823355237527
IXMtest_A16_s2_w15AF20A10-82AE-48FA-AC50-7AE8AC3AA544,clear,poisson,-6.0,200,2,0.7137500291436385,0.829941894353068,0.86,43,11,3,54,46,8,0.17391304347826086,0.815916746398941
IXMtest_A16_s2_w15AF20A10-82AE-48FA-AC50-7AE8AC3AA544,clear,poisson,-6.0,200,3,0.7213582049717866,0.8415845724670843,0.8571428571428571,42,10,4,52,46,6,0.13043478260869565,0.8060541688794477
IXMtest_A16_s2_w15AF20A10-82AE-48FA-AC50-7AE8AC3AA544,clear,poisson,6.0,50,0,0.6762007190383679,0.8198933718340211,0.8247422680412371,40,11,6,51,46,5,0.10869565217391304,0.7767629566694987
IXMtest_A16_s2_w15AF20A10-82AE-48FA-AC50-7AE8AC3AA544,clear,poisson,6.0,50,1,0.6535342087735729,0.8169177609669662,0.8,40,14,6,54,46,8,0.17391304347826086,0.7950981300371875
IXMtest_A16_s2_w15AF20A10-82AE-48FA-AC50-7AE8AC3AA544,clear,poisson,6.0,50,2,0.6966558242391546,0.8155970625238884,0.8541666666666666,41,9,5,50,46,4,0.08695652173913043,0.7834073207687605
IXMtest_A16_s2_w15AF20A10-82AE-48FA-AC50-7AE8AC3AA544,clear,poisson,6.0,50,3,0.6840870692763693,0.8175674730376121,0.8367346938775511,41,11,5,52,46,6,0.13043478260869565,0.7893282836798485
IXMtest_A16_s2_w15AF20A10-82AE-48FA-AC50-7AE8AC3AA544,clear,poisson,6.0,200,0,0.728826632212569,0.8389980998726085,0.8686868686868687,43,10,3,53,46,7,0.15217391304347827,0.823276714061697
IXMtest_A16_s2_w15AF20A10-82AE-48FA-AC50-7AE8AC3AA544,clear,poisson,6.0,200,1,0.7087353162454046,0.8437325193397675,0.84,42,12,4,54,46,8,0.17391304347826086,0.8212521344682404
IXMtest_A16_s2_w15AF20A10-82AE-48FA-AC50-7AE8AC3AA544,clear,poisson,6.0,200,2,0.7096049666089248,0.8363201392176614,0.8484848484848485,42,11,4,53,46,7,0.15217391304347827,0.8124023270778888
IXMtest_A16_s2_w15AF20A10-82AE-48FA-AC50-7AE8AC3AA544,clear,poisson,6.0,200,3,0.723091740751939,0.840804349711557,0.86,43,11,3,54,46,8,0.17391304347826086,0.8251938440617685
IXMtest_A16_s2_w15AF20A10-82AE-48FA-AC50-7AE8AC3AA544,cubic,deterministic,-6.0,100,-1,0.6299184092686493,0.8267679121651021,0.7619047619047619,32,6,14,38,46,8,0.17391304347826086,0.6351851851851852
IXMtest_A16_s2_w15AF20A10-82AE-48FA-AC50-7AE8AC3AA544,cubic,deterministic,-4.0,100,-1,0.6939759607991778,0.8378490258429098,0.8282828282828283,41,12,5,53,46,7,0.15217391304347827,0.7862806461119609
IXMtest_A16_s2_w15AF20A10-82AE-48FA-AC50-7AE8AC3AA544,cubic,deterministic,-2.0,100,-1,0.7492547618522263,0.8574804496753257,0.8737864077669902,45,12,1,57,46,11,0.2391304347826087,0.8487468253764655
IXMtest_A16_s2_w15AF20A10-82AE-48FA-AC50-7AE8AC3AA544,cubic,deterministic,0.0,100,-1,0.7416472003300209,0.8487740181554683,0.8737864077669902,45,12,1,57,46,11,0.2391304347826087,0.8522854893051235
IXMtest_A16_s2_w15AF20A10-82AE-48FA-AC50-7AE8AC3AA544,cubic,deterministic,2.0,100,-1,0.7492547618522263,0.8574804496753257,0.8737864077669902,45,12,1,57,46,11,0.2391304347826087,0.8487468253764655
IXMtest_A16_s2_w15AF20A10-82AE-48FA-AC50-7AE8AC3AA544,cubic,deterministic,4.0,100,-1,0.6939759607991778,0.8378490258429098,0.8282828282828283,41,12,5,53,46,7,0.15217391304347827,0.7862806461119609
IXMtest_A16_s2_w15AF20A10-82AE-48FA-AC50-7AE8AC3AA544,cubic,deterministic,6.0,100,-1,0.6299184092686493,0.8267679121651021,0.7619047619047619,32,6,14,38,46,8,0.17391304347826086,0.6351851851851852
IXMtest_A16_s2_w15AF20A10-82AE-48FA-AC50-7AE8AC3AA544,cubic,poisson,-6.0,50,0,0.7083860659479155,0.8237047278464135,0.86,43,11,3,54,46,8,0.17391304347826086,0.8178073226133491
IXMtest_A16_s2_w15AF20A10-82AE-48FA-AC50-7AE8AC3AA544,cubic,poisson,-6.0,50,1,0.6937461845805687,0.8066816099774055,0.86,43,11,3,54,46,8,0.17391304347826086,0.8156564353881868
IXMtest_A16_s2_w15AF20A10-82AE-48FA-AC50-7AE8AC3AA544,cubic,poisson,-6.0,50,2,0.6453905667549406,0.8108753274613356,0.7959183673469388,39,13,7,52,46,6,0.13043478260869565,0.7609077382947066
IXMtest_A16_s2_w15AF20A10-82AE-48FA-AC50-7AE8AC3AA544,cubic,poisson,-6.0,50,3,0.6791031854534838,0.8234126123623492,0.8247422680412371,40,11,6,51,46,5,0.10869565217391304,0.7904380987815087
IXMtest_A16_s2_w15AF20A10-82AE-48FA-AC50-7AE8AC3AA544,cubic,poisson,-6.0,200,0,0.7195237946375758,0.8366555751599719,0.86,43,11,3,54,46,8,0.17391304347826086,0.824428077950857
IXMtest_A16_s2_w15AF20A10-82AE-48FA-AC50-7AE8AC3AA544,cubic,poisson,-6.0,200,1,0.7134490989831875,0.8378878953174644,0.8514851485148515,43,12,3,55,46,9,0.1956521739130435,0.8300823355237527
IXMtest_A16_s2_w15AF20A10-82AE-48FA-AC50-7AE8AC3AA544,cubic,poisson,-6.0,200,2,0.7137500291436385,0.829941894353068,0.86,43,11,3,54,46,8,0.17391304347826086,0.815916746398941
IXMtest_A16_s2_w15AF20A10-82AE-48FA-AC50-7AE8AC3AA544,cubic,poisson,-6.0,200,3,0.7213582049717866,0.8415845724670843,0.8571428571428571,42,10,4,52,46,6,0.13043478260869565,0.8060541688794477
IXMtest_A16_s2_w15AF20A10-82AE-48FA-AC50-7AE8AC3AA544,cubic,poisson,6.0,50,0,0.6762007190383679,0.8198933718340211,0.8247422680412371,40,11,6,51,46,5,0.10869565217391304,0.7767629566694987
IXMtest_A16_s2_w15AF20A10-82AE-48FA-AC50-7AE8AC3AA544,cubic,poisson,6.0,50,1,0.6535342087735729,0.8169177609669662,0.8,40,14,6,54,46,8,0.17391304347826086,0.7950981300371875
IXMtest_A16_s2_w15AF20A10-82AE-48FA-AC50-7AE8AC3AA544,cubic,poisson,6.0,50,2,0.6966558242391546,0.8155970625238884,0.8541666666666666,41,9,5,50,46,4,0.08695652173913043,0.7834073207687605
IXMtest_A16_s2_w15AF20A10-82AE-48FA-AC50-7AE8AC3AA544,cubic,poisson,6.0,50,3,0.6840870692763693,0.8175674730376121,0.8367346938775511,41,11,5,52,46,6,0.13043478260869565,0.7893282836798485
IXMtest_A16_s2_w15AF20A10-82AE-48FA-AC50-7AE8AC3AA544,cubic,poisson,6.0,200,0,0.728826632212569,0.8389980998726085,0.8686868686868687,43,10,3,53,46,7,0.15217391304347827,0.823276714061697
IXMtest_A16_s2_w15AF20A10-82AE-48FA-AC50-7AE8AC3AA544,cubic,poisson,6.0,200,1,0.7087353162454046,0.8437325193397675,0.84,42,12,4,54,46,8,0.17391304347826086,0.8212521344682404
IXMtest_A16_s2_w15AF20A10-82AE-48FA-AC50-7AE8AC3AA544,cubic,poisson,6.0,200,2,0.7096049666089248,0.8363201392176614,0.8484848484848485,42,11,4,53,46,7,0.15217391304347827,0.8124023270778888
IXMtest_A16_s2_w15AF20A10-82AE-48FA-AC50-7AE8AC3AA544,cubic,poisson,6.0,200,3,0.723091740751939,0.840804349711557,0.86,43,11,3,54,46,8,0.17391304347826086,0.8251938440617685
IXMtest_A16_s2_w15AF20A10-82AE-48FA-AC50-7AE8AC3AA544,image_fidelity,deterministic,-6.0,100,-1,0.6290920199636026,0.8256832762022285,0.7619047619047619,32,6,14,38,46,8,0.17391304347826086,0.6345487599903955
IXMtest_A16_s2_w15AF20A10-82AE-48FA-AC50-7AE8AC3AA544,image_fidelity,deterministic,-4.0,100,-1,0.6759215068349914,0.8449018835437393,0.8,40,14,6,54,46,8,0.17391304347826086,0.7861463113431286
IXMtest_A16_s2_w15AF20A10-82AE-48FA-AC50-7AE8AC3AA544,image_fidelity,deterministic,-2.0,100,-1,0.7490048189555519,0.8571944039157984,0.8737864077669902,45,12,1,57,46,11,0.2391304347826087,0.8486146741918933
IXMtest_A16_s2_w15AF20A10-82AE-48FA-AC50-7AE8AC3AA544,image_fidelity,deterministic,0.0,100,-1,0.7418843662808534,0.84904544141031,0.8737864077669902,45,12,1,57,46,11,0.2391304347826087,0.8523959516678715
IXMtest_A16_s2_w15AF20A10-82AE-48FA-AC50-7AE8AC3AA544,image_fidelity,deterministic,2.0,100,-1,0.7492041999171137,0.8574225843495857,0.8737864077669902,45,12,1,57,46,11,0.2391304347826087,0.8487468253764655
IXMtest_A16_s2_w15AF20A10-82AE-48FA-AC50-7AE8AC3AA544,image_fidelity,deterministic,4.0,100,-1,0.6934205704194586,0.8371784935552,0.8282828282828283,41,12,5,53,46,7,0.15217391304347827,0.7860260782910158
IXMtest_A16_s2_w15AF20A10-82AE-48FA-AC50-7AE8AC3AA544,image_fidelity,deterministic,6.0,100,-1,0.6291429872541255,0.8257501707710397,0.7619047619047619,32,6,14,38,46,8,0.17391304347826086,0.6347855917667239
IXMtest_A16_s2_w15AF20A10-82AE-48FA-AC50-7AE8AC3AA544,image_fidelity,poisson,-6.0,50,0,0.6883652136745617,0.8310750750461172,0.8282828282828283,41,12,5,53,46,7,0.15217391304347827,0.7935106732348112
IXMtest_A16_s2_w15AF20A10-82AE-48FA-AC50-7AE8AC3AA544,image_fidelity,poisson,-6.0,50,1,0.7058538549127915,0.8263654886783901,0.8541666666666666,41,9,5,50,46,4,0.08695652173913043,0.7967691296239149
IXMtest_A16_s2_w15AF20A10-82AE-48FA-AC50-7AE8AC3AA544,image_fidelity,poisson,-6.0,50,2,0.6892770658630946,0.820567935551303,0.84,42,12,4,54,46,8,0.17391304347826086,0.8047366441420993
IXMtest_A16_s2_w15AF20A10-82AE-48FA-AC50-7AE8AC3AA544,image_fidelity,poisson,-6.0,50,3,0.6711350806867011,0.8229394441753597,0.8155339805825242,42,15,4,57,46,11,0.2391304347826087,0.7925990875935598
IXMtest_A16_s2_w15AF20A10-82AE-48FA-AC50-7AE8AC3AA544,image_fidelity,poisson,-6.0,200,0,0.7287033220671522,0.833960468587963,0.8737864077669902,45,12,1,57,46,11,0.2391304347826087,0.8487844449514539
IXMtest_A16_s2_w15AF20A10-82AE-48FA-AC50-7AE8AC3AA544,image_fidelity,poisson,-6.0,200,1,0.7159211116174847,0.8324664088575404,0.86,43,11,3,54,46,8,0.17391304347826086,0.8194406090970058
IXMtest_A16_s2_w15AF20A10-82AE-48FA-AC50-7AE8AC3AA544,image_fidelity,poisson,-6.0,200,2,0.7458036893496176,0.8305541085938923,0.8979591836734694,44,8,2,52,46,6,0.13043478260869565,0.8321050903119869
IXMtest_A16_s2_w15AF20A10-82AE-48FA-AC50-7AE8AC3AA544,image_fidelity,poisson,-6.0,200,3,0.743739927584525,0.8367074185325906,0.8888888888888888,44,9,2,53,46,7,0.15217391304347827,0.8342041146043699
IXMtest_A16_s2_w15AF20A10-82AE-48FA-AC50-7AE8AC3AA544,image_fidelity,poisson,6.0,50,0,0.6970313286983426,0.8215012088230467,0.8484848484848485,42,11,4,53,46,7,0.15217391304347827,0.7970051644045364
IXMtest_A16_s2_w15AF20A10-82AE-48FA-AC50-7AE8AC3AA544,image_fidelity,poisson,6.0,50,1,0.6690638600565469,0.8124346872115213,0.8235294117647058,42,14,4,56,46,10,0.21739130434782608,0.788697375066368
IXMtest_A16_s2_w15AF20A10-82AE-48FA-AC50-7AE8AC3AA544,image_fidelity,poisson,6.0,50,2,0.7011227156559792,0.8208265939387073,0.8541666666666666,41,9,5,50,46,4,0.08695652173913043,0.7804099085426207
IXMtest_A16_s2_w15AF20A10-82AE-48FA-AC50-7AE8AC3AA544,image_fidelity,poisson,6.0,50,3,0.7188911403920097,0.8192015320746158,0.8775510204081632,43,9,3,52,46,6,0.13043478260869565,0.8186100685906561
IXMtest_A16_s2_w15AF20A10-82AE-48FA-AC50-7AE8AC3AA544,image_fidelity,poisson,6.0,200,0,0.7286698854035423,0.8388176587784962,0.8686868686868687,43,10,3,53,46,7,0.15217391304347827,0.828597185748442
IXMtest_A16_s2_w15AF20A10-82AE-48FA-AC50-7AE8AC3AA544,image_fidelity,poisson,6.0,200,1,0.740388467097864,0.8329370254850971,0.8888888888888888,44,9,2,53,46,7,0.15217391304347827,0.8417056912902258
IXMtest_A16_s2_w15AF20A10-82AE-48FA-AC50-7AE8AC3AA544,image_fidelity,poisson,6.0,200,2,0.698891212500083,0.8370441265989366,0.8349514563106796,43,14,3,57,46,11,0.2391304347826087,0.8184473169616782
IXMtest_A16_s2_w15AF20A10-82AE-48FA-AC50-7AE8AC3AA544,image_fidelity,poisson,6.0,200,3,0.7137848034517011,0.8382821528909514,0.8514851485148515,43,12,3,55,46,9,0.1956521739130435,0.8237607151283194
IXMtest_A16_s2_w15AF20A10-82AE-48FA-AC50-7AE8AC3AA544,exact_task,deterministic,-6.0,100,-1,0.6889536003315279,0.8065798247783741,0.8541666666666666,41,9,5,50,46,4,0.08695652173913043,0.7681330040774135
IXMtest_A16_s2_w15AF20A10-82AE-48FA-AC50-7AE8AC3AA544,exact_task,deterministic,-4.0,100,-1,0.7212380862736073,0.8386489375274504,0.86,43,11,3,54,46,8,0.17391304347826086,0.8231457298672477
IXMtest_A16_s2_w15AF20A10-82AE-48FA-AC50-7AE8AC3AA544,exact_task,deterministic,-2.0,100,-1,0.7549290894662763,0.8555863013951132,0.8823529411764706,45,11,1,56,46,10,0.21739130434782608,0.8425034567321489
IXMtest_A16_s2_w15AF20A10-82AE-48FA-AC50-7AE8AC3AA544,exact_task,deterministic,0.0,100,-1,0.7634431582702824,0.8652355793729868,0.8823529411764706,45,11,1,56,46,10,0.21739130434782608,0.8484146404956526
IXMtest_A16_s2_w15AF20A10-82AE-48FA-AC50-7AE8AC3AA544,exact_task,deterministic,2.0,100,-1,0.7556995287672982,0.8564594659362713,0.8823529411764706,45,11,1,56,46,10,0.21739130434782608,0.843104323712065
IXMtest_A16_s2_w15AF20A10-82AE-48FA-AC50-7AE8AC3AA544,exact_task,deterministic,4.0,100,-1,0.72551887358101,0.8436265971872209,0.86,43,11,3,54,46,8,0.17391304347826086,0.8274664476960976
IXMtest_A16_s2_w15AF20A10-82AE-48FA-AC50-7AE8AC3AA544,exact_task,deterministic,6.0,100,-1,0.6795255584917311,0.8038290143133894,0.845360824742268,41,10,5,51,46,5,0.10869565217391304,0.7726858444887497
IXMtest_A16_s2_w15AF20A10-82AE-48FA-AC50-7AE8AC3AA544,exact_task,poisson,-6.0,50,0,0.6630822442023385,0.8086368831735836,0.82,41,13,5,54,46,8,0.17391304347826086,0.7797389830062954
IXMtest_A16_s2_w15AF20A10-82AE-48FA-AC50-7AE8AC3AA544,exact_task,poisson,-6.0,50,1,0.6879294341337445,0.8107739759433418,0.8484848484848485,42,11,4,53,46,7,0.15217391304347827,0.7847153571381497
IXMtest_A16_s2_w15AF20A10-82AE-48FA-AC50-7AE8AC3AA544,exact_task,poisson,-6.0,50,2,0.6775700890197099,0.8066310583567975,0.84,42,12,4,54,46,8,0.17391304347826086,0.7858239810986415
IXMtest_A16_s2_w15AF20A10-82AE-48FA-AC50-7AE8AC3AA544,exact_task,poisson,-6.0,50,3,0.6867640155459543,0.8175762089832789,0.84,42,12,4,54,46,8,0.17391304347826086,0.7880298604349237
IXMtest_A16_s2_w15AF20A10-82AE-48FA-AC50-7AE8AC3AA544,exact_task,poisson,-6.0,200,0,0.7176038501638925,0.8236135098471948,0.8712871287128713,44,11,2,55,46,9,0.1956521739130435,0.8291546540362438
IXMtest_A16_s2_w15AF20A10-82AE-48FA-AC50-7AE8AC3AA544,exact_task,poisson,-6.0,200,1,0.7534123095427537,0.8371247883808375,0.9,45,9,1,54,46,8,0.17391304347826086,0.8534142176229195
IXMtest_A16_s2_w15AF20A10-82AE-48FA-AC50-7AE8AC3AA544,exact_task,poisson,-6.0,200,2,0.7494574285823097,0.8327304762025663,0.9,45,9,1,54,46,8,0.17391304347826086,0.8506472842067745
IXMtest_A16_s2_w15AF20A10-82AE-48FA-AC50-7AE8AC3AA544,exact_task,poisson,-6.0,200,3,0.7338404305505606,0.8339095801710915,0.88,44,10,2,54,46,8,0.17391304347826086,0.8224352037924461
IXMtest_A16_s2_w15AF20A10-82AE-48FA-AC50-7AE8AC3AA544,exact_task,poisson,6.0,50,0,0.7214726147711358,0.8137539957302345,0.8865979381443299,43,8,3,51,46,5,0.10869565217391304,0.8221360389652786
IXMtest_A16_s2_w15AF20A10-82AE-48FA-AC50-7AE8AC3AA544,exact_task,poisson,6.0,50,1,0.656057602263174,0.8074555104777527,0.8125,39,11,7,50,46,4,0.08695652173913043,0.7559040267280982
IXMtest_A16_s2_w15AF20A10-82AE-48FA-AC50-7AE8AC3AA544,exact_task,poisson,6.0,50,2,0.6897198264875992,0.8019997982413944,0.86,43,11,3,54,46,8,0.17391304347826086,0.7987972215292094
IXMtest_A16_s2_w15AF20A10-82AE-48FA-AC50-7AE8AC3AA544,exact_task,poisson,6.0,50,3,0.6961208173882447,0.8038538010316636,0.865979381443299,42,9,4,51,46,5,0.10869565217391304,0.8095407900471493
IXMtest_A16_s2_w15AF20A10-82AE-48FA-AC50-7AE8AC3AA544,exact_task,poisson,6.0,200,0,0.7329510713245759,0.8328989446870181,0.88,44,10,2,54,46,8,0.17391304347826086,0.8211032647630744
IXMtest_A16_s2_w15AF20A10-82AE-48FA-AC50-7AE8AC3AA544,exact_task,poisson,6.0,200,1,0.7255171202752884,0.8326957857705014,0.8712871287128713,44,11,2,55,46,9,0.1956521739130435,0.824648798166195
IXMtest_A16_s2_w15AF20A10-82AE-48FA-AC50-7AE8AC3AA544,exact_task,poisson,6.0,200,2,0.7291696663361589,0.8393929879916247,0.8686868686868687,43,10,3,53,46,7,0.15217391304347827,0.8180879835896364
IXMtest_A16_s2_w15AF20A10-82AE-48FA-AC50-7AE8AC3AA544,exact_task,poisson,6.0,200,3,0.7287369524010152,0.8259018793878172,0.8823529411764706,45,11,1,56,46,10,0.21739130434782608,0.8379946031826091
IXMtest_A16_s2_w15AF20A10-82AE-48FA-AC50-7AE8AC3AA544,surrogate,deterministic,-6.0,100,-1,0.634597700763711,0.8172849176502339,0.7764705882352941,33,6,13,39,46,7,0.15217391304347827,0.6544137375905554
IXMtest_A16_s2_w15AF20A10-82AE-48FA-AC50-7AE8AC3AA544,surrogate,deterministic,-4.0,100,-1,0.6881733151644992,0.8516144775160678,0.8080808080808081,40,13,6,53,46,7,0.15217391304347827,0.7857182909050129
IXMtest_A16_s2_w15AF20A10-82AE-48FA-AC50-7AE8AC3AA544,surrogate,deterministic,-2.0,100,-1,0.7492725342649278,0.8575007892143063,0.8737864077669902,45,12,1,57,46,11,0.2391304347826087,0.8482474279769321
IXMtest_A16_s2_w15AF20A10-82AE-48FA-AC50-7AE8AC3AA544,surrogate,deterministic,0.0,100,-1,0.7445645034609629,0.8521127095164354,0.8737864077669902,45,12,1,57,46,11,0.2391304347826087,0.8540918833768045
IXMtest_A16_s2_w15AF20A10-82AE-48FA-AC50-7AE8AC3AA544,surrogate,deterministic,2.0,100,-1,0.7508961891257859,0.8593589719995105,0.8737864077669902,45,12,1,57,46,11,0.2391304347826087,0.8497954262700886
IXMtest_A16_s2_w15AF20A10-82AE-48FA-AC50-7AE8AC3AA544,surrogate,deterministic,4.0,100,-1,0.7185406272405968,0.8499809858821694,0.845360824742268,41,10,5,51,46,5,0.10869565217391304,0.7857022660982724
IXMtest_A16_s2_w15AF20A10-82AE-48FA-AC50-7AE8AC3AA544,surrogate,deterministic,6.0,100,-1,0.6280372540025925,0.8242988958784027,0.7619047619047619,32,6,14,38,46,8,0.17391304347826086,0.6333373105834625
IXMtest_A16_s2_w15AF20A10-82AE-48FA-AC50-7AE8AC3AA544,surrogate,poisson,-6.0,50,0,0.7109993341431937,0.8079537887990837,0.88,44,10,2,54,46,8,0.17391304347826086,0.8033355434283674
IXMtest_A16_s2_w15AF20A10-82AE-48FA-AC50-7AE8AC3AA544,surrogate,poisson,-6.0,50,1,0.7001908505772353,0.8168893256734412,0.8571428571428571,42,10,4,52,46,6,0.13043478260869565,0.7794482331060136
IXMtest_A16_s2_w15AF20A10-82AE-48FA-AC50-7AE8AC3AA544,surrogate,poisson,-6.0,50,2,0.7020926995642737,0.821962184855735,0.8541666666666666,41,9,5,50,46,4,0.08695652173913043,0.7831106360235168
IXMtest_A16_s2_w15AF20A10-82AE-48FA-AC50-7AE8AC3AA544,surrogate,poisson,-6.0,50,3,0.6963050995951475,0.8123559495276721,0.8571428571428571,42,10,4,52,46,6,0.13043478260869565,0.7998732120923967
IXMtest_A16_s2_w15AF20A10-82AE-48FA-AC50-7AE8AC3AA544,surrogate,poisson,-6.0,200,0,0.7143653246348003,0.8389639277687772,0.8514851485148515,43,12,3,55,46,9,0.1956521739130435,0.8372973183155548
IXMtest_A16_s2_w15AF20A10-82AE-48FA-AC50-7AE8AC3AA544,surrogate,poisson,-6.0,200,1,0.7214163650966425,0.838856238484468,0.86,43,11,3,54,46,8,0.17391304347826086,0.8366332158032728
IXMtest_A16_s2_w15AF20A10-82AE-48FA-AC50-7AE8AC3AA544,surrogate,poisson,-6.0,200,2,0.7258428262546692,0.8330696074059272,0.8712871287128713,44,11,2,55,46,9,0.1956521739130435,0.8390667530784187
IXMtest_A16_s2_w15AF20A10-82AE-48FA-AC50-7AE8AC3AA544,surrogate,poisson,-6.0,200,3,0.7078352379296455,0.8426609975352923,0.84,42,12,4,54,46,8,0.17391304347826086,0.8069512946979038
IXMtest_A16_s2_w15AF20A10-82AE-48FA-AC50-7AE8AC3AA544,surrogate,poisson,6.0,50,0,0.6799095198235344,0.8175102559782973,0.8316831683168316,42,13,4,55,46,9,0.1956521739130435,0.8023353657747226
IXMtest_A16_s2_w15AF20A10-82AE-48FA-AC50-7AE8AC3AA544,surrogate,poisson,6.0,50,1,0.7015813127108135,0.818511531495949,0.8571428571428571,42,10,4,52,46,6,0.13043478260869565,0.7905476016302644
IXMtest_A16_s2_w15AF20A10-82AE-48FA-AC50-7AE8AC3AA544,surrogate,poisson,6.0,50,2,0.6772519735328046,0.8211680179085257,0.8247422680412371,40,11,6,51,46,5,0.10869565217391304,0.7694317439581972
IXMtest_A16_s2_w15AF20A10-82AE-48FA-AC50-7AE8AC3AA544,surrogate,poisson,6.0,50,3,0.7036036665332659,0.8208709442888102,0.8571428571428571,42,10,4,52,46,6,0.13043478260869565,0.8026749676840689
IXMtest_A16_s2_w15AF20A10-82AE-48FA-AC50-7AE8AC3AA544,surrogate,poisson,6.0,200,0,0.7232313140177183,0.8409666442066492,0.86,43,11,3,54,46,8,0.17391304347826086,0.8394374222958972
IXMtest_A16_s2_w15AF20A10-82AE-48FA-AC50-7AE8AC3AA544,surrogate,poisson,6.0,200,1,0.7143634777171503,0.8419283844523557,0.8484848484848485,42,11,4,53,46,7,0.15217391304347827,0.8121753611503946
IXMtest_A16_s2_w15AF20A10-82AE-48FA-AC50-7AE8AC3AA544,surrogate,poisson,6.0,200,2,0.7357997393236493,0.8257308185743175,0.8910891089108911,45,10,1,55,46,9,0.1956521739130435,0.8475428454755433
IXMtest_A16_s2_w15AF20A10-82AE-48FA-AC50-7AE8AC3AA544,surrogate,poisson,6.0,200,3,0.7139509357600505,0.841442174288631,0.8484848484848485,42,11,4,53,46,7,0.15217391304347827,0.8257866260440195
IXMtest_A22_s8_w1E2AFE190-831D-4D9C-961E-3AA2ECB3599D,clear,deterministic,-6.0,100,-1,0.6458184008460925,0.8226496296491893,0.7850467289719626,42,13,10,55,52,3,0.057692307692307696,0.8265513656838965
IXMtest_A22_s8_w1E2AFE190-831D-4D9C-961E-3AA2ECB3599D,clear,deterministic,-4.0,100,-1,0.6787832594930528,0.8337229165512497,0.8141592920353983,46,15,6,61,52,9,0.17307692307692307,0.8823793238773336
IXMtest_A22_s8_w1E2AFE190-831D-4D9C-961E-3AA2ECB3599D,clear,deterministic,-2.0,100,-1,0.6756752983148389,0.8372498261727351,0.8070175438596491,46,16,6,62,52,10,0.19230769230769232,0.876772264067346
IXMtest_A22_s8_w1E2AFE190-831D-4D9C-961E-3AA2ECB3599D,clear,deterministic,0.0,100,-1,0.682502541381423,0.8382911649576174,0.8141592920353983,46,15,6,61,52,9,0.17307692307692307,0.8774393706458359
IXMtest_A22_s8_w1E2AFE190-831D-4D9C-961E-3AA2ECB3599D,clear,deterministic,2.0,100,-1,0.6756752983148389,0.8372498261727351,0.8070175438596491,46,16,6,62,52,10,0.19230769230769232,0.876772264067346
IXMtest_A22_s8_w1E2AFE190-831D-4D9C-961E-3AA2ECB3599D,clear,deterministic,4.0,100,-1,0.6787832594930528,0.8337229165512497,0.8141592920353983,46,15,6,61,52,9,0.17307692307692307,0.8823793238773336
IXMtest_A22_s8_w1E2AFE190-831D-4D9C-961E-3AA2ECB3599D,clear,deterministic,6.0,100,-1,0.6458184008460925,0.8226496296491893,0.7850467289719626,42,13,10,55,52,3,0.057692307692307696,0.8265513656838965
IXMtest_A22_s8_w1E2AFE190-831D-4D9C-961E-3AA2ECB3599D,clear,poisson,-6.0,50,0,0.664113999393351,0.7842197226878933,0.8468468468468469,47,12,5,59,52,7,0.1346153846153846,0.8681980166304072
IXMtest_A22_s8_w1E2AFE190-831D-4D9C-961E-3AA2ECB3599D,clear,poisson,-6.0,50,1,0.6446927915927725,0.7818614706550645,0.8245614035087719,47,15,5,62,52,10,0.19230769230769232,0.8526613860869339
IXMtest_A22_s8_w1E2AFE190-831D-4D9C-961E-3AA2ECB3599D,clear,poisson,-6.0,50,2,0.6523990002144945,0.7842668832365731,0.831858407079646,47,14,5,61,52,9,0.17307692307692307,0.8621363809323869
IXMtest_A22_s8_w1E2AFE190-831D-4D9C-961E-3AA2ECB3599D,clear,poisson,-6.0,50,3,0.6502697631305002,0.7916327551153917,0.8214285714285714,46,14,6,60,52,8,0.15384615384615385,0.850171659197526
IXMtest_A22_s8_w1E2AFE190-831D-4D9C-961E-3AA2ECB3599D,clear,poisson,-6.0,200,0,0.6617367102605611,0.8127853071678631,0.8141592920353983,46,15,6,61,52,9,0.17307692307692307,0.8677202224173252
IXMtest_A22_s8_w1E2AFE190-831D-4D9C-961E-3AA2ECB3599D,clear,poisson,-6.0,200,1,0.6627654700390764,0.814048892547996,0.8141592920353983,46,15,6,61,52,9,0.17307692307692307,0.8671284133428867
IXMtest_A22_s8_w1E2AFE190-831D-4D9C-961E-3AA2ECB3599D,clear,poisson,-6.0,200,2,0.6662994979423593,0.8183896007335499,0.8141592920353983,46,15,6,61,52,9,0.17307692307692307,0.8746683817027092
IXMtest_A22_s8_w1E2AFE190-831D-4D9C-961E-3AA2ECB3599D,clear,poisson,-6.0,200,3,0.6699045710878756,0.8053108141801057,0.831858407079646,47,14,5,61,52,9,0.17307692307692307,0.8651639181139135
IXMtest_A22_s8_w1E2AFE190-831D-4D9C-961E-3AA2ECB3599D,clear,poisson,6.0,50,0,0.6518221474338199,0.7835734325534218,0.831858407079646,47,14,5,61,52,9,0.17307692307692307,0.8532540347935443
IXMtest_A22_s8_w1E2AFE190-831D-4D9C-961E-3AA2ECB3599D,clear,poisson,6.0,50,1,0.6353550447506839,0.7906640556897401,0.8035714285714286,45,15,7,60,52,8,0.15384615384615385,0.8521230259466104
IXMtest_A22_s8_w1E2AFE190-831D-4D9C-961E-3AA2ECB3599D,clear,poisson,6.0,50,2,0.6358768907464721,0.7879344080988894,0.8070175438596491,46,16,6,62,52,10,0.19230769230769232,0.8513522371232679
IXMtest_A22_s8_w1E2AFE190-831D-4D9C-961E-3AA2ECB3599D,clear,poisson,6.0,50,3,0.6460529940686494,0.7935216122799715,0.8141592920353983,46,15,6,61,52,9,0.17307692307692307,0.8581142042705651
IXMtest_A22_s8_w1E2AFE190-831D-4D9C-961E-3AA2ECB3599D,clear,poisson,6.0,200,0,0.6562924825292524,0.8132319892210301,0.8070175438596491,46,16,6,62,52,10,0.19230769230769232,0.8650501561150601
IXMtest_A22_s8_w1E2AFE190-831D-4D9C-961E-3AA2ECB3599D,clear,poisson,6.0,200,1,0.66249514595065,0.8137168640480809,0.8141592920353983,46,15,6,61,52,9,0.17307692307692307,0.8669517668710032
IXMtest_A22_s8_w1E2AFE190-831D-4D9C-961E-3AA2ECB3599D,clear,poisson,6.0,200,2,0.6637941005059492,0.8153123190996985,0.8141592920353983,46,15,6,61,52,9,0.17307692307692307,0.867460938017679
IXMtest_A22_s8_w1E2AFE190-831D-4D9C-961E-3AA2ECB3599D,clear,poisson,6.0,200,3,0.6611470850249065,0.8120610935632003,0.8141592920353983,46,15,6,61,52,9,0.17307692307692307,0.8680944009376166
IXMtest_A22_s8_w1E2AFE190-831D-4D9C-961E-3AA2ECB3599D,cubic,deterministic,-6.0,100,-1,0.6458184008460925,0.8226496296491893,0.7850467289719626,42,13,10,55,52,3,0.057692307692307696,0.8265513656838965
IXMtest_A22_s8_w1E2AFE190-831D-4D9C-961E-3AA2ECB3599D,cubic,deterministic,-4.0,100,-1,0.6787832594930528,0.8337229165512497,0.8141592920353983,46,15,6,61,52,9,0.17307692307692307,0.8823793238773336
IXMtest_A22_s8_w1E2AFE190-831D-4D9C-961E-3AA2ECB3599D,cubic,deterministic,-2.0,100,-1,0.6756752983148389,0.8372498261727351,0.8070175438596491,46,16,6,62,52,10,0.19230769230769232,0.876772264067346
IXMtest_A22_s8_w1E2AFE190-831D-4D9C-961E-3AA2ECB3599D,cubic,deterministic,0.0,100,-1,0.682502541381423,0.8382911649576174,0.8141592920353983,46,15,6,61,52,9,0.17307692307692307,0.8774393706458359
IXMtest_A22_s8_w1E2AFE190-831D-4D9C-961E-3AA2ECB3599D,cubic,deterministic,2.0,100,-1,0.6756752983148389,0.8372498261727351,0.8070175438596491,46,16,6,62,52,10,0.19230769230769232,0.876772264067346
IXMtest_A22_s8_w1E2AFE190-831D-4D9C-961E-3AA2ECB3599D,cubic,deterministic,4.0,100,-1,0.6787832594930528,0.8337229165512497,0.8141592920353983,46,15,6,61,52,9,0.17307692307692307,0.8823793238773336
IXMtest_A22_s8_w1E2AFE190-831D-4D9C-961E-3AA2ECB3599D,cubic,deterministic,6.0,100,-1,0.6458184008460925,0.8226496296491893,0.7850467289719626,42,13,10,55,52,3,0.057692307692307696,0.8265513656838965
IXMtest_A22_s8_w1E2AFE190-831D-4D9C-961E-3AA2ECB3599D,cubic,poisson,-6.0,50,0,0.664113999393351,0.7842197226878933,0.8468468468468469,47,12,5,59,52,7,0.1346153846153846,0.8681980166304072
IXMtest_A22_s8_w1E2AFE190-831D-4D9C-961E-3AA2ECB3599D,cubic,poisson,-6.0,50,1,0.6446927915927725,0.7818614706550645,0.8245614035087719,47,15,5,62,52,10,0.19230769230769232,0.8526613860869339
IXMtest_A22_s8_w1E2AFE190-831D-4D9C-961E-3AA2ECB3599D,cubic,poisson,-6.0,50,2,0.6523990002144945,0.7842668832365731,0.831858407079646,47,14,5,61,52,9,0.17307692307692307,0.8621363809323869
IXMtest_A22_s8_w1E2AFE190-831D-4D9C-961E-3AA2ECB3599D,cubic,poisson,-6.0,50,3,0.6502697631305002,0.7916327551153917,0.8214285714285714,46,14,6,60,52,8,0.15384615384615385,0.850171659197526
IXMtest_A22_s8_w1E2AFE190-831D-4D9C-961E-3AA2ECB3599D,cubic,poisson,-6.0,200,0,0.6617367102605611,0.8127853071678631,0.8141592920353983,46,15,6,61,52,9,0.17307692307692307,0.8677202224173252
IXMtest_A22_s8_w1E2AFE190-831D-4D9C-961E-3AA2ECB3599D,cubic,poisson,-6.0,200,1,0.6627654700390764,0.814048892547996,0.8141592920353983,46,15,6,61,52,9,0.17307692307692307,0.8671284133428867
IXMtest_A22_s8_w1E2AFE190-831D-4D9C-961E-3AA2ECB3599D,cubic,poisson,-6.0,200,2,0.6662994979423593,0.8183896007335499,0.8141592920353983,46,15,6,61,52,9,0.17307692307692307,0.8746683817027092
IXMtest_A22_s8_w1E2AFE190-831D-4D9C-961E-3AA2ECB3599D,cubic,poisson,-6.0,200,3,0.6699045710878756,0.8053108141801057,0.831858407079646,47,14,5,61,52,9,0.17307692307692307,0.8651639181139135
IXMtest_A22_s8_w1E2AFE190-831D-4D9C-961E-3AA2ECB3599D,cubic,poisson,6.0,50,0,0.6518221474338199,0.7835734325534218,0.831858407079646,47,14,5,61,52,9,0.17307692307692307,0.8532540347935443
IXMtest_A22_s8_w1E2AFE190-831D-4D9C-961E-3AA2ECB3599D,cubic,poisson,6.0,50,1,0.6353550447506839,0.7906640556897401,0.8035714285714286,45,15,7,60,52,8,0.15384615384615385,0.8521230259466104
IXMtest_A22_s8_w1E2AFE190-831D-4D9C-961E-3AA2ECB3599D,cubic,poisson,6.0,50,2,0.6358768907464721,0.7879344080988894,0.8070175438596491,46,16,6,62,52,10,0.19230769230769232,0.8513522371232679
IXMtest_A22_s8_w1E2AFE190-831D-4D9C-961E-3AA2ECB3599D,cubic,poisson,6.0,50,3,0.6460529940686494,0.7935216122799715,0.8141592920353983,46,15,6,61,52,9,0.17307692307692307,0.8581142042705651
IXMtest_A22_s8_w1E2AFE190-831D-4D9C-961E-3AA2ECB3599D,cubic,poisson,6.0,200,0,0.6562924825292524,0.8132319892210301,0.8070175438596491,46,16,6,62,52,10,0.19230769230769232,0.8650501561150601
IXMtest_A22_s8_w1E2AFE190-831D-4D9C-961E-3AA2ECB3599D,cubic,poisson,6.0,200,1,0.66249514595065,0.8137168640480809,0.8141592920353983,46,15,6,61,52,9,0.17307692307692307,0.8669517668710032
IXMtest_A22_s8_w1E2AFE190-831D-4D9C-961E-3AA2ECB3599D,cubic,poisson,6.0,200,2,0.6637941005059492,0.8153123190996985,0.8141592920353983,46,15,6,61,52,9,0.17307692307692307,0.867460938017679
IXMtest_A22_s8_w1E2AFE190-831D-4D9C-961E-3AA2ECB3599D,cubic,poisson,6.0,200,3,0.6611470850249065,0.8120610935632003,0.8141592920353983,46,15,6,61,52,9,0.17307692307692307,0.8680944009376166
IXMtest_A22_s8_w1E2AFE190-831D-4D9C-961E-3AA2ECB3599D,image_fidelity,deterministic,-6.0,100,-1,0.6453209306628953,0.8220159473920214,0.7850467289719626,42,13,10,55,52,3,0.057692307692307696,0.8261760540035561
IXMtest_A22_s8_w1E2AFE190-831D-4D9C-961E-3AA2ECB3599D,image_fidelity,deterministic,-4.0,100,-1,0.678834202831352,0.8337854882602476,0.8141592920353983,46,15,6,61,52,9,0.17307692307692307,0.8825590849196782
IXMtest_A22_s8_w1E2AFE190-831D-4D9C-961E-3AA2ECB3599D,image_fidelity,deterministic,-2.0,100,-1,0.6763764146228685,0.838118600728337,0.8070175438596491,46,16,6,62,52,10,0.19230769230769232,0.8772649193771818
IXMtest_A22_s8_w1E2AFE190-831D-4D9C-961E-3AA2ECB3599D,image_fidelity,deterministic,0.0,100,-1,0.6827430035184859,0.8385865151911839,0.8141592920353983,46,15,6,61,52,9,0.17307692307692307,0.8775448023709941
IXMtest_A22_s8_w1E2AFE190-831D-4D9C-961E-3AA2ECB3599D,image_fidelity,deterministic,2.0,100,-1,0.6760405191087336,0.8377023823738656,0.8070175438596491,46,16,6,62,52,10,0.19230769230769232,0.876992314616077
IXMtest_A22_s8_w1E2AFE190-831D-4D9C-961E-3AA2ECB3599D,image_fidelity,deterministic,4.0,100,-1,0.6796576467441662,0.834796892196639,0.8141592920353983,46,15,6,61,52,9,0.17307692307692307,0.8831223392336993
IXMtest_A22_s8_w1E2AFE190-831D-4D9C-961E-3AA2ECB3599D,image_fidelity,deterministic,6.0,100,-1,0.6453429064317143,0.8220439403356361,0.7850467289719626,42,13,10,55,52,3,0.057692307692307696,0.8260528775134907
IXMtest_A22_s8_w1E2AFE190-831D-4D9C-961E-3AA2ECB3599D,image_fidelity,poisson,-6.0,50,0,0.6565328081864398,0.7992573317052311,0.8214285714285714,46,14,6,60,52,8,0.15384615384615385,0.8596553491856934
IXMtest_A22_s8_w1E2AFE190-831D-4D9C-961E-3AA2ECB3599D,image_fidelity,poisson,-6.0,50,1,0.6512552103721482,0.7928324300182673,0.8214285714285714,46,14,6,60,52,8,0.15384615384615385,0.8607112838831688
IXMtest_A22_s8_w1E2AFE190-831D-4D9C-961E-3AA2ECB3599D,image_fidelity,poisson,-6.0,50,2,0.6583905339698377,0.7914694716871453,0.831858407079646,47,14,5,61,52,9,0.17307692307692307,0.857620958780542
IXMtest_A22_s8_w1E2AFE190-831D-4D9C-961E-3AA2ECB3599D,image_fidelity,poisson,-6.0,50,3,0.644633096856728,0.7917776080957637,0.8141592920353983,46,15,6,61,52,9,0.17307692307692307,0.8641715450897849
IXMtest_A22_s8_w1E2AFE190-831D-4D9C-961E-3AA2ECB3599D,image_fidelity,poisson,-6.0,200,0,0.6640325254114049,0.8156051670813994,0.8141592920353983,46,15,6,61,52,9,0.17307692307692307,0.8664705804064575
IXMtest_A22_s8_w1E2AFE190-831D-4D9C-961E-3AA2ECB3599D,image_fidelity,poisson,-6.0,200,1,0.6606167691992105,0.8114097273859869,0.8141592920353983,46,15,6,61,52,9,0.17307692307692307,0.8644473541509609
IXMtest_A22_s8_w1E2AFE190-831D-4D9C-961E-3AA2ECB3599D,image_fidelity,poisson,-6.0,200,2,0.6693314424838428,0.8046218404327047,0.831858407079646,47,14,5,61,52,9,0.17307692307692307,0.8654127148587976
IXMtest_A22_s8_w1E2AFE190-831D-4D9C-961E-3AA2ECB3599D,image_fidelity,poisson,-6.0,200,3,0.6603945985763966,0.8111368439036176,0.8141592920353983,46,15,6,61,52,9,0.17307692307692307,0.8659266038011114
IXMtest_A22_s8_w1E2AFE190-831D-4D9C-961E-3AA2ECB3599D,image_fidelity,poisson,6.0,50,0,0.6447883217008612,0.7919682646977969,0.8141592920353983,46,15,6,61,52,9,0.17307692307692307,0.8536285684408659
IXMtest_A22_s8_w1E2AFE190-831D-4D9C-961E-3AA2ECB3599D,image_fidelity,poisson,6.0,50,1,0.6443178477168305,0.7913903999130636,0.8141592920353983,46,15,6,61,52,9,0.17307692307692307,0.8442736967609459
IXMtest_A22_s8_w1E2AFE190-831D-4D9C-961E-3AA2ECB3599D,image_fidelity,poisson,6.0,50,2,0.6516664762442972,0.7862497702512716,0.8288288288288288,46,13,6,59,52,7,0.1346153846153846,0.8463011221613572
IXMtest_A22_s8_w1E2AFE190-831D-4D9C-961E-3AA2ECB3599D,image_fidelity,poisson,6.0,50,3,0.6503453879231708,0.7917248200803818,0.8214285714285714,46,14,6,60,52,8,0.15384615384615385,0.8658971446683748
IXMtest_A22_s8_w1E2AFE190-831D-4D9C-961E-3AA2ECB3599D,image_fidelity,poisson,6.0,200,0,0.6630237456730002,0.8143661224027067,0.8141592920353983,46,15,6,61,52,9,0.17307692307692307,0.8659022137283007
IXMtest_A22_s8_w1E2AFE190-831D-4D9C-961E-3AA2ECB3599D,image_fidelity,poisson,6.0,200,1,0.6617481636816767,0.8127993749568421,0.8141592920353983,46,15,6,61,52,9,0.17307692307692307,0.8662061299031285
IXMtest_A22_s8_w1E2AFE190-831D-4D9C-961E-3AA2ECB3599D,image_fidelity,poisson,6.0,200,2,0.6679707806541483,0.8131818199267893,0.8214285714285714,46,14,6,60,52,8,0.15384615384615385,0.8732432178476985
IXMtest_A22_s8_w1E2AFE190-831D-4D9C-961E-3AA2ECB3599D,image_fidelity,poisson,6.0,200,3,0.661692292102713,0.81273075008268,0.8141592920353983,46,15,6,61,52,9,0.17307692307692307,0.8662680472509844
IXMtest_A22_s8_w1E2AFE190-831D-4D9C-961E-3AA2ECB3599D,exact_task,deterministic,-6.0,100,-1,0.6758732717847955,0.7981056720011946,0.8468468468468469,47,12,5,59,52,7,0.1346153846153846,0.8695935327679697
IXMtest_A22_s8_w1E2AFE190-831D-4D9C-961E-3AA2ECB3599D,exact_task,deterministic,-4.0,100,-1,0.6785016940685732,0.8333770807581388,0.8141592920353983,46,15,6,61,52,9,0.17307692307692307,0.8734233360130845
IXMtest_A22_s8_w1E2AFE190-831D-4D9C-961E-3AA2ECB3599D,exact_task,deterministic,-2.0,100,-1,0.7043687491013189,0.8467411558345641,0.831858407079646,47,14,5,61,52,9,0.17307692307692307,0.8850423382346827
IXMtest_A22_s8_w1E2AFE190-831D-4D9C-961E-3AA2ECB3599D,exact_task,deterministic,0.0,100,-1,0.7008183658141506,0.8607877754021631,0.8141592920353983,46,15,6,61,52,9,0.17307692307692307,0.8882763588010416
IXMtest_A22_s8_w1E2AFE190-831D-4D9C-961E-3AA2ECB3599D,exact_task,deterministic,2.0,100,-1,0.7031281633913602,0.8452498134385501,0.831858407079646,47,14,5,61,52,9,0.17307692307692307,0.8844251735076953
IXMtest_A22_s8_w1E2AFE190-831D-4D9C-961E-3AA2ECB3599D,exact_task,deterministic,4.0,100,-1,0.6776655274698402,0.8323500500444776,0.8141592920353983,46,15,6,61,52,9,0.17307692307692307,0.8730934932882652
IXMtest_A22_s8_w1E2AFE190-831D-4D9C-961E-3AA2ECB3599D,exact_task,deterministic,6.0,100,-1,0.6746189671948891,0.7966245250918371,0.8468468468468469,47,12,5,59,52,7,0.1346153846153846,0.8691493576320108
IXMtest_A22_s8_w1E2AFE190-831D-4D9C-961E-3AA2ECB3599D,exact_task,poisson,-6.0,50,0,0.6560662436262333,0.7886753779762167,0.831858407079646,47,14,5,61,52,9,0.17307692307692307,0.8538554916345595
IXMtest_A22_s8_w1E2AFE190-831D-4D9C-961E-3AA2ECB3599D,exact_task,poisson,-6.0,50,1,0.6586515595291683,0.7917832577318725,0.831858407079646,47,14,5,61,52,9,0.17307692307692307,0.8560995544306468
IXMtest_A22_s8_w1E2AFE190-831D-4D9C-961E-3AA2ECB3599D,exact_task,poisson,-6.0,50,2,0.6563286990121054,0.7889908828549779,0.831858407079646,47,14,5,61,52,9,0.17307692307692307,0.8595210856444041
IXMtest_A22_s8_w1E2AFE190-831D-4D9C-961E-3AA2ECB3599D,exact_task,poisson,-6.0,50,3,0.6655349801647439,0.7929778487069289,0.8392857142857143,47,13,5,60,52,8,0.15384615384615385,0.8642682038030876
IXMtest_A22_s8_w1E2AFE190-831D-4D9C-961E-3AA2ECB3599D,exact_task,poisson,-6.0,200,0,0.6759016598712791,0.805329637293439,0.8392857142857143,47,13,5,60,52,8,0.15384615384615385,0.8695570520215705
IXMtest_A22_s8_w1E2AFE190-831D-4D9C-961E-3AA2ECB3599D,exact_task,poisson,-6.0,200,1,0.6582806380543291,0.8085403489145564,0.8141592920353983,46,15,6,61,52,9,0.17307692307692307,0.8629590207557212
IXMtest_A22_s8_w1E2AFE190-831D-4D9C-961E-3AA2ECB3599D,exact_task,poisson,-6.0,200,2,0.6662468915802117,0.8110831723585186,0.8214285714285714,46,14,6,60,52,8,0.15384615384615385,0.8709205778594519
IXMtest_A22_s8_w1E2AFE190-831D-4D9C-961E-3AA2ECB3599D,exact_task,poisson,-6.0,200,3,0.6708683329205709,0.8064693789364309,0.831858407079646,47,14,5,61,52,9,0.17307692307692307,0.8654087044588363
IXMtest_A22_s8_w1E2AFE190-831D-4D9C-961E-3AA2ECB3599D,exact_task,poisson,6.0,50,0,0.6433158592655543,0.7901596967066048,0.8141592920353983,46,15,6,61,52,9,0.17307692307692307,0.8631433799156745
IXMtest_A22_s8_w1E2AFE190-831D-4D9C-961E-3AA2ECB3599D,exact_task,poisson,6.0,50,1,0.6621988409071183,0.7890028742723112,0.8392857142857143,47,13,5,60,52,8,0.15384615384615385,0.8563791780241882
IXMtest_A22_s8_w1E2AFE190-831D-4D9C-961E-3AA2ECB3599D,exact_task,poisson,6.0,50,2,0.6501774805971353,0.7915204111617299,0.8214285714285714,46,14,6,60,52,8,0.15384615384615385,0.8552934027319083
IXMtest_A22_s8_w1E2AFE190-831D-4D9C-961E-3AA2ECB3599D,exact_task,poisson,6.0,50,3,0.6483697684137871,0.7893197180689582,0.8214285714285714,46,14,6,60,52,8,0.15384615384615385,0.8620160418529541
IXMtest_A22_s8_w1E2AFE190-831D-4D9C-961E-3AA2ECB3599D,exact_task,poisson,6.0,200,0,0.6767636528646449,0.806356692774896,0.8392857142857143,47,13,5,60,52,8,0.15384615384615385,0.8731318276254942
IXMtest_A22_s8_w1E2AFE190-831D-4D9C-961E-3AA2ECB3599D,exact_task,poisson,6.0,200,1,0.6624908751235461,0.8034463804689814,0.8245614035087719,47,15,5,62,52,10,0.19230769230769232,0.8646966513285634
IXMtest_A22_s8_w1E2AFE190-831D-4D9C-961E-3AA2ECB3599D,exact_task,poisson,6.0,200,2,0.6708296528540341,0.8064228805585729,0.831858407079646,47,14,5,61,52,9,0.17307692307692307,0.8671699218489968
IXMtest_A22_s8_w1E2AFE190-831D-4D9C-961E-3AA2ECB3599D,exact_task,poisson,6.0,200,3,0.6653457627697177,0.8099861459805259,0.8214285714285714,46,14,6,60,52,8,0.15384615384615385,0.870123258306538
IXMtest_A22_s8_w1E2AFE190-831D-4D9C-961E-3AA2ECB3599D,surrogate,deterministic,-6.0,100,-1,0.6504586868085543,0.8092916219594805,0.8037383177570093,43,12,9,55,52,3,0.057692307692307696,0.8239221642430713
IXMtest_A22_s8_w1E2AFE190-831D-4D9C-961E-3AA2ECB3599D,surrogate,deterministic,-4.0,100,-1,0.67886025830332,0.833817491176904,0.8141592920353983,46,15,6,61,52,9,0.17307692307692307,0.8825760226143663
IXMtest_A22_s8_w1E2AFE190-831D-4D9C-961E-3AA2ECB3599D,surrogate,deterministic,-2.0,100,-1,0.6779005625741855,0.8400072188419255,0.8070175438596491,46,16,6,62,52,10,0.19230769230769232,0.8781534712414499
IXMtest_A22_s8_w1E2AFE190-831D-4D9C-961E-3AA2ECB3599D,surrogate,deterministic,0.0,100,-1,0.6854611577814099,0.8419251177097753,0.8141592920353983,46,15,6,61,52,9,0.17307692307692307,0.8790191868116645
IXMtest_A22_s8_w1E2AFE190-831D-4D9C-961E-3AA2ECB3599D,surrogate,deterministic,2.0,100,-1,0.6783579841685282,0.8405740238610023,0.8070175438596491,46,16,6,62,52,10,0.19230769230769232,0.8784453862987894
IXMtest_A22_s8_w1E2AFE190-831D-4D9C-961E-3AA2ECB3599D,surrogate,deterministic,4.0,100,-1,0.6791702421914755,0.8341982322569209,0.8141592920353983,46,15,6,61,52,9,0.17307692307692307,0.8826451369163391
IXMtest_A22_s8_w1E2AFE190-831D-4D9C-961E-3AA2ECB3599D,surrogate,deterministic,6.0,100,-1,0.6508648831051425,0.8097970057238401,0.8037383177570093,43,12,9,55,52,3,0.057692307692307696,0.8238622682398267
IXMtest_A22_s8_w1E2AFE190-831D-4D9C-961E-3AA2ECB3599D,surrogate,poisson,-6.0,50,0,0.6443917058649051,0.7914811169862422,0.8141592920353983,46,15,6,61,52,9,0.17307692307692307,0.8553568145404881
IXMtest_A22_s8_w1E2AFE190-831D-4D9C-961E-3AA2ECB3599D,surrogate,poisson,-6.0,50,1,0.6559203571002776,0.7885000037482061,0.831858407079646,47,14,5,61,52,9,0.17307692307692307,0.8559182242080243
IXMtest_A22_s8_w1E2AFE190-831D-4D9C-961E-3AA2ECB3599D,surrogate,poisson,-6.0,50,2,0.6316858772262856,0.7896073465328569,0.8,46,17,6,63,52,11,0.21153846153846154,0.8566874403898666
IXMtest_A22_s8_w1E2AFE190-831D-4D9C-961E-3AA2ECB3599D,surrogate,poisson,-6.0,50,3,0.6441144005746832,0.7911405137493391,0.8141592920353983,46,15,6,61,52,9,0.17307692307692307,0.8551722339565568
IXMtest_A22_s8_w1E2AFE190-831D-4D9C-961E-3AA2ECB3599D,surrogate,poisson,-6.0,200,0,0.6621451521376301,0.8132869803429587,0.8141592920353983,46,15,6,61,52,9,0.17307692307692307,0.8657342843102097
IXMtest_A22_s8_w1E2AFE190-831D-4D9C-961E-3AA2ECB3599D,surrogate,poisson,-6.0,200,1,0.661585196257887,0.8125992084471874,0.8141592920353983,46,15,6,61,52,9,0.17307692307692307,0.8655789068412039
IXMtest_A22_s8_w1E2AFE190-831D-4D9C-961E-3AA2ECB3599D,surrogate,poisson,-6.0,200,2,0.6598841906585452,0.8105099298306044,0.8141592920353983,46,15,6,61,52,9,0.17307692307692307,0.8656211725863997
IXMtest_A22_s8_w1E2AFE190-831D-4D9C-961E-3AA2ECB3599D,surrogate,poisson,-6.0,200,3,0.6594511909343705,0.8099780932128681,0.8141592920353983,46,15,6,61,52,9,0.17307692307692307,0.8658546336522829
IXMtest_A22_s8_w1E2AFE190-831D-4D9C-961E-3AA2ECB3599D,surrogate,poisson,6.0,50,0,0.647515855513173,0.7953183877498755,0.8141592920353983,46,15,6,61,52,9,0.17307692307692307,0.855828781979251
IXMtest_A22_s8_w1E2AFE190-831D-4D9C-961E-3AA2ECB3599D,surrogate,poisson,6.0,50,1,0.6423351044208118,0.7922132954523345,0.8108108108108109,45,14,7,59,52,7,0.1346153846153846,0.8525806451612903
IXMtest_A22_s8_w1E2AFE190-831D-4D9C-961E-3AA2ECB3599D,surrogate,poisson,6.0,50,2,0.6412504384944213,0.7876228211942349,0.8141592920353983,46,15,6,61,52,9,0.17307692307692307,0.8529163812635018
IXMtest_A22_s8_w1E2AFE190-831D-4D9C-961E-3AA2ECB3599D,surrogate,poisson,6.0,50,3,0.6631753091565665,0.7901663258035686,0.8392857142857143,47,13,5,60,52,8,0.15384615384615385,0.8558338584331023
IXMtest_A22_s8_w1E2AFE190-831D-4D9C-961E-3AA2ECB3599D,surrogate,poisson,6.0,200,0,0.6717097393215395,0.8074808568439784,0.831858407079646,47,14,5,61,52,9,0.17307692307692307,0.8661737719741496
IXMtest_A22_s8_w1E2AFE190-831D-4D9C-961E-3AA2ECB3599D,surrogate,poisson,6.0,200,1,0.6608478436475131,0.8116935470887934,0.8141592920353983,46,15,6,61,52,9,0.17307692307692307,0.8663292013764332
IXMtest_A22_s8_w1E2AFE190-831D-4D9C-961E-3AA2ECB3599D,surrogate,poisson,6.0,200,2,0.6587753625000035,0.8091479995923956,0.8141592920353983,46,15,6,61,52,9,0.17307692307692307,0.8638884824623243
IXMtest_A22_s8_w1E2AFE190-831D-4D9C-961E-3AA2ECB3599D,surrogate,poisson,6.0,200,3,0.6594082216778395,0.8099253157564767,0.8141592920353983,46,15,6,61,52,9,0.17307692307692307,0.8644851762024042
IXMtest_B02_s9_w124B5080D-EBE1-47D2-B147-C0F342039EDF,clear,deterministic,-6.0,100,-1,0.6638833172726354,0.8470235427271554,0.7837837837837838,29,7,9,36,38,2,0.05263157894736842,0.7932145239683599
IXMtest_B02_s9_w124B5080D-EBE1-47D2-B147-C0F342039EDF,clear,deterministic,-4.0,100,-1,0.7565472321740107,0.851115636195762,0.8888888888888888,36,7,2,43,38,5,0.13157894736842105,0.8947716071337839
IXMtest_B02_s9_w124B5080D-EBE1-47D2-B147-C0F342039EDF,clear,deterministic,-2.0,100,-1,0.7848113602385546,0.8611124647061918,0.9113924050632911,36,5,2,41,38,3,0.07894736842105263,0.8960072717479127
IXMtest_B02_s9_w124B5080D-EBE1-47D2-B147-C0F342039EDF,clear,deterministic,0.0,100,-1,0.7845159517189493,0.8607883359138471,0.9113924050632911,36,5,2,41,38,3,0.07894736842105263,0.8959192259150189
IXMtest_B02_s9_w124B5080D-EBE1-47D2-B147-C0F342039EDF,clear,deterministic,2.0,100,-1,0.7848113602385546,0.8611124647061918,0.9113924050632911,36,5,2,41,38,3,0.07894736842105263,0.8960072717479127
IXMtest_B02_s9_w124B5080D-EBE1-47D2-B147-C0F342039EDF,clear,deterministic,4.0,100,-1,0.7565472321740107,0.851115636195762,0.8888888888888888,36,7,2,43,38,5,0.13157894736842105,0.8947716071337839
IXMtest_B02_s9_w124B5080D-EBE1-47D2-B147-C0F342039EDF,clear,deterministic,6.0,100,-1,0.6638833172726354,0.8470235427271554,0.7837837837837838,29,7,9,36,38,2,0.05263157894736842,0.7932145239683599
IXMtest_B02_s9_w124B5080D-EBE1-47D2-B147-C0F342039EDF,clear,poisson,-6.0,50,0,0.74086000529762,0.8149460058273821,0.9090909090909091,35,4,3,39,38,1,0.02631578947368421,0.8483258038798831
IXMtest_B02_s9_w124B5080D-EBE1-47D2-B147-C0F342039EDF,clear,poisson,-6.0,50,1,0.7418259637175532,0.8160085600893084,0.9090909090909091,35,4,3,39,38,1,0.02631578947368421,0.8462437786017303
IXMtest_B02_s9_w124B5080D-EBE1-47D2-B147-C0F342039EDF,clear,poisson,-6.0,50,2,0.7630259062219541,0.8160138163762565,0.935064935064935,36,3,2,39,38,1,0.02631578947368421,0.8575140472246582
IXMtest_B02_s9_w124B5080D-EBE1-47D2-B147-C0F342039EDF,clear,poisson,-6.0,50,3,0.7661812400869102,0.8179502427954853,0.9367088607594937,37,4,1,41,38,3,0.07894736842105263,0.8684012729686076
IXMtest_B02_s9_w124B5080D-EBE1-47D2-B147-C0F342039EDF,clear,poisson,-6.0,200,0,0.7780825351795749,0.8306556794484652,0.9367088607594937,37,4,1,41,38,3,0.07894736842105263,0.8834014291992903
IXMtest_B02_s9_w124B5080D-EBE1-47D2-B147-C0F342039EDF,clear,poisson,-6.0,200,1,0.7947274657688107,0.8376857071617193,0.9487179487179487,37,3,1,40,38,2,0.05263157894736842,0.8831063158066038
IXMtest_B02_s9_w124B5080D-EBE1-47D2-B147-C0F342039EDF,clear,poisson,-6.0,200,2,0.7595776225003791,0.8334254469101382,0.9113924050632911,36,5,2,41,38,3,0.07894736842105263,0.8804441342142428
IXMtest_B02_s9_w124B5080D-EBE1-47D2-B147-C0F342039EDF,clear,poisson,-6.0,200,3,0.7511019745004417,0.836942200157635,0.8974358974358975,35,5,3,40,38,2,0.05263157894736842,0.8688316190916445
IXMtest_B02_s9_w124B5080D-EBE1-47D2-B147-C0F342039EDF,clear,poisson,6.0,50,0,0.7767513784498933,0.8199042328082207,0.9473684210526315,36,2,2,38,38,0,0.0,0.8661464287489438
IXMtest_B02_s9_w124B5080D-EBE1-47D2-B147-C0F342039EDF,clear,poisson,6.0,50,1,0.7608368244288893,0.8151823118880958,0.9333333333333333,35,2,3,37,38,1,0.02631578947368421,0.8512116505502948
IXMtest_B02_s9_w124B5080D-EBE1-47D2-B147-C0F342039EDF,clear,poisson,6.0,50,2,0.7572506049218642,0.8203548219986863,0.9230769230769231,36,4,2,40,38,2,0.05263157894736842,0.8575298206680483
IXMtest_B02_s9_w124B5080D-EBE1-47D2-B147-C0F342039EDF,clear,poisson,6.0,50,3,0.722195900225508,0.8206771593471681,0.88,33,4,5,37,38,1,0.02631578947368421,0.8141805515040239
IXMtest_B02_s9_w124B5080D-EBE1-47D2-B147-C0F342039EDF,clear,poisson,6.0,200,0,0.784121756972241,0.8385746567619798,0.935064935064935,36,3,2,39,38,1,0.02631578947368421,0.8688570626228588
IXMtest_B02_s9_w124B5080D-EBE1-47D2-B147-C0F342039EDF,clear,poisson,6.0,200,1,0.7772475946733061,0.8297643240431241,0.9367088607594937,37,4,1,41,38,3,0.07894736842105263,0.8809014452518984
IXMtest_B02_s9_w124B5080D-EBE1-47D2-B147-C0F342039EDF,clear,poisson,6.0,200,2,0.774056844826748,0.8263579829907175,0.9367088607594937,37,4,1,41,38,3,0.07894736842105263,0.8809175207418253
IXMtest_B02_s9_w124B5080D-EBE1-47D2-B147-C0F342039EDF,clear,poisson,6.0,200,3,0.7952519026175746,0.8382384919482544,0.9487179487179487,37,3,1,40,38,2,0.05263157894736842,0.8824150992473135
IXMtest_B02_s9_w124B5080D-EBE1-47D2-B147-C0F342039EDF,cubic,deterministic,-6.0,100,-1,0.6638833172726354,0.8470235427271554,0.7837837837837838,29,7,9,36,38,2,0.05263157894736842,0.7932145239683599
IXMtest_B02_s9_w124B5080D-EBE1-47D2-B147-C0F342039EDF,cubic,deterministic,-4.0,100,-1,0.7565472321740107,0.851115636195762,0.8888888888888888,36,7,2,43,38,5,0.13157894736842105,0.8947716071337839
IXMtest_B02_s9_w124B5080D-EBE1-47D2-B147-C0F342039EDF,cubic,deterministic,-2.0,100,-1,0.7848113602385546,0.8611124647061918,0.9113924050632911,36,5,2,41,38,3,0.07894736842105263,0.8960072717479127
IXMtest_B02_s9_w124B5080D-EBE1-47D2-B147-C0F342039EDF,cubic,deterministic,0.0,100,-1,0.7845159517189493,0.8607883359138471,0.9113924050632911,36,5,2,41,38,3,0.07894736842105263,0.8959192259150189
IXMtest_B02_s9_w124B5080D-EBE1-47D2-B147-C0F342039EDF,cubic,deterministic,2.0,100,-1,0.7848113602385546,0.8611124647061918,0.9113924050632911,36,5,2,41,38,3,0.07894736842105263,0.8960072717479127
IXMtest_B02_s9_w124B5080D-EBE1-47D2-B147-C0F342039EDF,cubic,deterministic,4.0,100,-1,0.7565472321740107,0.851115636195762,0.8888888888888888,36,7,2,43,38,5,0.13157894736842105,0.8947716071337839
IXMtest_B02_s9_w124B5080D-EBE1-47D2-B147-C0F342039EDF,cubic,deterministic,6.0,100,-1,0.6638833172726354,0.8470235427271554,0.7837837837837838,29,7,9,36,38,2,0.05263157894736842,0.7932145239683599
IXMtest_B02_s9_w124B5080D-EBE1-47D2-B147-C0F342039EDF,cubic,poisson,-6.0,50,0,0.74086000529762,0.8149460058273821,0.9090909090909091,35,4,3,39,38,1,0.02631578947368421,0.8483258038798831
IXMtest_B02_s9_w124B5080D-EBE1-47D2-B147-C0F342039EDF,cubic,poisson,-6.0,50,1,0.7418259637175532,0.8160085600893084,0.9090909090909091,35,4,3,39,38,1,0.02631578947368421,0.8462437786017303
IXMtest_B02_s9_w124B5080D-EBE1-47D2-B147-C0F342039EDF,cubic,poisson,-6.0,50,2,0.7630259062219541,0.8160138163762565,0.935064935064935,36,3,2,39,38,1,0.02631578947368421,0.8575140472246582
IXMtest_B02_s9_w124B5080D-EBE1-47D2-B147-C0F342039EDF,cubic,poisson,-6.0,50,3,0.7661812400869102,0.8179502427954853,0.9367088607594937,37,4,1,41,38,3,0.07894736842105263,0.8684012729686076
IXMtest_B02_s9_w124B5080D-EBE1-47D2-B147-C0F342039EDF,cubic,poisson,-6.0,200,0,0.7780825351795749,0.8306556794484652,0.9367088607594937,37,4,1,41,38,3,0.07894736842105263,0.8834014291992903
IXMtest_B02_s9_w124B5080D-EBE1-47D2-B147-C0F342039EDF,cubic,poisson,-6.0,200,1,0.7947274657688107,0.8376857071617193,0.9487179487179487,37,3,1,40,38,2,0.05263157894736842,0.8831063158066038
IXMtest_B02_s9_w124B5080D-EBE1-47D2-B147-C0F342039EDF,cubic,poisson,-6.0,200,2,0.7595776225003791,0.8334254469101382,0.9113924050632911,36,5,2,41,38,3,0.07894736842105263,0.8804441342142428
IXMtest_B02_s9_w124B5080D-EBE1-47D2-B147-C0F342039EDF,cubic,poisson,-6.0,200,3,0.7511019745004417,0.836942200157635,0.8974358974358975,35,5,3,40,38,2,0.05263157894736842,0.8688316190916445
IXMtest_B02_s9_w124B5080D-EBE1-47D2-B147-C0F342039EDF,cubic,poisson,6.0,50,0,0.7767513784498933,0.8199042328082207,0.9473684210526315,36,2,2,38,38,0,0.0,0.8661464287489438
IXMtest_B02_s9_w124B5080D-EBE1-47D2-B147-C0F342039EDF,cubic,poisson,6.0,50,1,0.7608368244288893,0.8151823118880958,0.9333333333333333,35,2,3,37,38,1,0.02631578947368421,0.8512116505502948
IXMtest_B02_s9_w124B5080D-EBE1-47D2-B147-C0F342039EDF,cubic,poisson,6.0,50,2,0.7572506049218642,0.8203548219986863,0.9230769230769231,36,4,2,40,38,2,0.05263157894736842,0.8575298206680483
IXMtest_B02_s9_w124B5080D-EBE1-47D2-B147-C0F342039EDF,cubic,poisson,6.0,50,3,0.722195900225508,0.8206771593471681,0.88,33,4,5,37,38,1,0.02631578947368421,0.8141805515040239
IXMtest_B02_s9_w124B5080D-EBE1-47D2-B147-C0F342039EDF,cubic,poisson,6.0,200,0,0.784121756972241,0.8385746567619798,0.935064935064935,36,3,2,39,38,1,0.02631578947368421,0.8688570626228588
IXMtest_B02_s9_w124B5080D-EBE1-47D2-B147-C0F342039EDF,cubic,poisson,6.0,200,1,0.7772475946733061,0.8297643240431241,0.9367088607594937,37,4,1,41,38,3,0.07894736842105263,0.8809014452518984
IXMtest_B02_s9_w124B5080D-EBE1-47D2-B147-C0F342039EDF,cubic,poisson,6.0,200,2,0.774056844826748,0.8263579829907175,0.9367088607594937,37,4,1,41,38,3,0.07894736842105263,0.8809175207418253
IXMtest_B02_s9_w124B5080D-EBE1-47D2-B147-C0F342039EDF,cubic,poisson,6.0,200,3,0.7952519026175746,0.8382384919482544,0.9487179487179487,37,3,1,40,38,2,0.05263157894736842,0.8824150992473135
IXMtest_B02_s9_w124B5080D-EBE1-47D2-B147-C0F342039EDF,image_fidelity,deterministic,-6.0,100,-1,0.6648851574850819,0.8483017526533804,0.7837837837837838,29,7,9,36,38,2,0.05263157894736842,0.7939939482748777
IXMtest_B02_s9_w124B5080D-EBE1-47D2-B147-C0F342039EDF,image_fidelity,deterministic,-4.0,100,-1,0.7553300023817991,0.8497462526795241,0.8888888888888888,36,7,2,43,38,5,0.13157894736842105,0.8940789919382156
IXMtest_B02_s9_w124B5080D-EBE1-47D2-B147-C0F342039EDF,image_fidelity,deterministic,-2.0,100,-1,0.7846417922165514,0.8609264109042717,0.9113924050632911,36,5,2,41,38,3,0.07894736842105263,0.8959294299855224
IXMtest_B02_s9_w124B5080D-EBE1-47D2-B147-C0F342039EDF,image_fidelity,deterministic,0.0,100,-1,0.784541036533332,0.860815859529628,0.9113924050632911,36,5,2,41,38,3,0.07894736842105263,0.8959122195856684
IXMtest_B02_s9_w124B5080D-EBE1-47D2-B147-C0F342039EDF,image_fidelity,deterministic,2.0,100,-1,0.7845219106714346,0.8607948742089353,0.9113924050632911,36,5,2,41,38,3,0.07894736842105263,0.8958435043181091
IXMtest_B02_s9_w124B5080D-EBE1-47D2-B147-C0F342039EDF,image_fidelity,deterministic,4.0,100,-1,0.7555174417618467,0.8499571219820774,0.8888888888888888,36,7,2,43,38,5,0.13157894736842105,0.8940522964367972
IXMtest_B02_s9_w124B5080D-EBE1-47D2-B147-C0F342039EDF,image_fidelity,deterministic,6.0,100,-1,0.6622423892232902,0.8449299448710943,0.7837837837837838,29,7,9,36,38,2,0.05263157894736842,0.7919606422333244
IXMtest_B02_s9_w124B5080D-EBE1-47D2-B147-C0F342039EDF,image_fidelity,poisson,-6.0,50,0,0.7657859438722402,0.8204849398631145,0.9333333333333333,35,2,3,37,38,1,0.02631578947368421,0.8514579530038354
IXMtest_B02_s9_w124B5080D-EBE1-47D2-B147-C0F342039EDF,image_fidelity,poisson,-6.0,50,1,0.7580371206829234,0.823011731027174,0.9210526315789473,35,3,3,38,38,0,0.0,0.8507762312633833
IXMtest_B02_s9_w124B5080D-EBE1-47D2-B147-C0F342039EDF,image_fidelity,poisson,-6.0,50,2,0.6912647688346938,0.8132526692172869,0.85,34,8,4,42,38,4,0.10526315789473684,0.8595943582787193
IXMtest_B02_s9_w124B5080D-EBE1-47D2-B147-C0F342039EDF,image_fidelity,poisson,-6.0,50,3,0.7515767101973112,0.8159975710713665,0.9210526315789473,35,3,3,38,38,0,0.0,0.843899383509709
IXMtest_B02_s9_w124B5080D-EBE1-47D2-B147-C0F342039EDF,image_fidelity,poisson,-6.0,200,0,0.7980800440200989,0.8412195058590232,0.9487179487179487,37,3,1,40,38,2,0.05263157894736842,0.8839814995765748
IXMtest_B02_s9_w124B5080D-EBE1-47D2-B147-C0F342039EDF,image_fidelity,poisson,-6.0,200,1,0.7957110552218335,0.8387224636122029,0.9487179487179487,37,3,1,40,38,2,0.05263157894736842,0.8834216256621925
IXMtest_B02_s9_w124B5080D-EBE1-47D2-B147-C0F342039EDF,image_fidelity,poisson,-6.0,200,2,0.7405230801513378,0.8385334878184266,0.8831168831168831,34,5,4,39,38,1,0.02631578947368421,0.855398241964705
IXMtest_B02_s9_w124B5080D-EBE1-47D2-B147-C0F342039EDF,image_fidelity,poisson,-6.0,200,3,0.7636978483463389,0.8379462502688997,0.9113924050632911,36,5,2,41,38,3,0.07894736842105263,0.8824496038266925
IXMtest_B02_s9_w124B5080D-EBE1-47D2-B147-C0F342039EDF,image_fidelity,poisson,6.0,50,0,0.7639082183504362,0.8169574001803276,0.935064935064935,36,3,2,39,38,1,0.02631578947368421,0.8656490059674921
IXMtest_B02_s9_w124B5080D-EBE1-47D2-B147-C0F342039EDF,image_fidelity,poisson,6.0,50,1,0.760499786796683,0.8118849075261886,0.9367088607594937,37,4,1,41,38,3,0.07894736842105263,0.86879915426631
IXMtest_B02_s9_w124B5080D-EBE1-47D2-B147-C0F342039EDF,image_fidelity,poisson,6.0,50,2,0.7374016921025742,0.8111418613128317,0.9090909090909091,35,4,3,39,38,1,0.02631578947368421,0.8442843083287461
IXMtest_B02_s9_w124B5080D-EBE1-47D2-B147-C0F342039EDF,image_fidelity,poisson,6.0,50,3,0.7534286574341647,0.8180082566428073,0.9210526315789473,35,3,3,38,38,0,0.0,0.8431203032519784
IXMtest_B02_s9_w124B5080D-EBE1-47D2-B147-C0F342039EDF,image_fidelity,poisson,6.0,200,0,0.7983526151967366,0.8415068106127764,0.9487179487179487,37,3,1,40,38,2,0.05263157894736842,0.8844883414419838
IXMtest_B02_s9_w124B5080D-EBE1-47D2-B147-C0F342039EDF,image_fidelity,poisson,6.0,200,1,0.7618592393490212,0.8359288876190649,0.9113924050632911,36,5,2,41,38,3,0.07894736842105263,0.8792872323034167
IXMtest_B02_s9_w124B5080D-EBE1-47D2-B147-C0F342039EDF,image_fidelity,poisson,6.0,200,2,0.7629676430279568,0.837145052766786,0.9113924050632911,36,5,2,41,38,3,0.07894736842105263,0.8814381788278973
IXMtest_B02_s9_w124B5080D-EBE1-47D2-B147-C0F342039EDF,image_fidelity,poisson,6.0,200,3,0.7539518561706371,0.8377242846340412,0.9,36,6,2,42,38,4,0.10526315789473684,0.8828121180515947
IXMtest_B02_s9_w124B5080D-EBE1-47D2-B147-C0F342039EDF,exact_task,deterministic,-6.0,100,-1,0.7351930751657958,0.8192151408990297,0.8974358974358975,35,5,3,40,38,2,0.05263157894736842,0.858569917275108
IXMtest_B02_s9_w124B5080D-EBE1-47D2-B147-C0F342039EDF,exact_task,deterministic,-4.0,100,-1,0.7707832622028824,0.8457205238059404,0.9113924050632911,36,5,2,41,38,3,0.07894736842105263,0.887359664547545
IXMtest_B02_s9_w124B5080D-EBE1-47D2-B147-C0F342039EDF,exact_task,deterministic,-2.0,100,-1,0.7890231001305833,0.8657336793099455,0.9113924050632911,36,5,2,41,38,3,0.07894736842105263,0.8978730587440918
IXMtest_B02_s9_w124B5080D-EBE1-47D2-B147-C0F342039EDF,exact_task,deterministic,0.0,100,-1,0.7958542559376579,0.8732289752649302,0.9113924050632911,36,5,2,41,38,3,0.07894736842105263,0.9020203042261121
IXMtest_B02_s9_w124B5080D-EBE1-47D2-B147-C0F342039EDF,exact_task,deterministic,2.0,100,-1,0.7876514432699265,0.8642286669211694,0.9113924050632911,36,5,2,41,38,3,0.07894736842105263,0.8970523685721039
IXMtest_B02_s9_w124B5080D-EBE1-47D2-B147-C0F342039EDF,exact_task,deterministic,4.0,100,-1,0.7700150544645924,0.8448776292042055,0.9113924050632911,36,5,2,41,38,3,0.07894736842105263,0.8867624683009299
IXMtest_B02_s9_w124B5080D-EBE1-47D2-B147-C0F342039EDF,exact_task,deterministic,6.0,100,-1,0.7447000532085601,0.8171014472705035,0.9113924050632911,36,5,2,41,38,3,0.07894736842105263,0.8709550590608387
IXMtest_B02_s9_w124B5080D-EBE1-47D2-B147-C0F342039EDF,exact_task,poisson,-6.0,50,0,0.7072621123100696,0.8112712464733152,0.8717948717948718,34,6,4,40,38,2,0.05263157894736842,0.8403369789136952
IXMtest_B02_s9_w124B5080D-EBE1-47D2-B147-C0F342039EDF,exact_task,poisson,-6.0,50,1,0.7482533377756401,0.8123893381564092,0.9210526315789473,35,3,3,38,38,0,0.0,0.8537794299876085
IXMtest_B02_s9_w124B5080D-EBE1-47D2-B147-C0F342039EDF,exact_task,poisson,-6.0,50,2,0.7260991626173765,0.8115225935135384,0.8947368421052632,34,4,4,38,38,0,0.0,0.8220800435611217
IXMtest_B02_s9_w124B5080D-EBE1-47D2-B147-C0F342039EDF,exact_task,poisson,-6.0,50,3,0.7558095498712689,0.8097959462906453,0.9333333333333333,35,2,3,37,38,1,0.02631578947368421,0.8455846410571914
IXMtest_B02_s9_w124B5080D-EBE1-47D2-B147-C0F342039EDF,exact_task,poisson,-6.0,200,0,0.7539534094090817,0.8167828601931719,0.9230769230769231,36,4,2,40,38,2,0.05263157894736842,0.8614405937313631
IXMtest_B02_s9_w124B5080D-EBE1-47D2-B147-C0F342039EDF,exact_task,poisson,-6.0,200,1,0.7564655217852938,0.8300107808477529,0.9113924050632911,36,5,2,41,38,3,0.07894736842105263,0.8775506864557936
IXMtest_B02_s9_w124B5080D-EBE1-47D2-B147-C0F342039EDF,exact_task,poisson,-6.0,200,2,0.7832312713437732,0.825568096821815,0.9487179487179487,37,3,1,40,38,2,0.05263157894736842,0.8755920481177377
IXMtest_B02_s9_w124B5080D-EBE1-47D2-B147-C0F342039EDF,exact_task,poisson,-6.0,200,3,0.7536883497780276,0.8269636060064469,0.9113924050632911,36,5,2,41,38,3,0.07894736842105263,0.8761836348200875
IXMtest_B02_s9_w124B5080D-EBE1-47D2-B147-C0F342039EDF,exact_task,poisson,6.0,50,0,0.7531033852609149,0.8039887491298957,0.9367088607594937,37,4,1,41,38,3,0.07894736842105263,0.8601554907677357
IXMtest_B02_s9_w124B5080D-EBE1-47D2-B147-C0F342039EDF,exact_task,poisson,6.0,50,1,0.7113529376364615,0.8129747858702417,0.875,35,7,3,42,38,4,0.10526315789473684,0.8508784954219253
IXMtest_B02_s9_w124B5080D-EBE1-47D2-B147-C0F342039EDF,exact_task,poisson,6.0,50,2,0.7689642115434429,0.8105298445998452,0.9487179487179487,37,3,1,40,38,2,0.05263157894736842,0.8688650431998954
IXMtest_B02_s9_w124B5080D-EBE1-47D2-B147-C0F342039EDF,exact_task,poisson,6.0,50,3,0.7035038077655417,0.8069602500840036,0.8717948717948718,34,6,4,40,38,2,0.05263157894736842,0.8380856760374833
IXMtest_B02_s9_w124B5080D-EBE1-47D2-B147-C0F342039EDF,exact_task,poisson,6.0,200,0,0.7607139512949762,0.8346722521153211,0.9113924050632911,36,5,2,41,38,3,0.07894736842105263,0.8796013397598236
IXMtest_B02_s9_w124B5080D-EBE1-47D2-B147-C0F342039EDF,exact_task,poisson,6.0,200,1,0.7551029994659471,0.8285157910806918,0.9113924050632911,36,5,2,41,38,3,0.07894736842105263,0.876978816463753
IXMtest_B02_s9_w124B5080D-EBE1-47D2-B147-C0F342039EDF,exact_task,poisson,6.0,200,2,0.7544501098937539,0.8277994261334245,0.9113924050632911,36,5,2,41,38,3,0.07894736842105263,0.8767195159941631
IXMtest_B02_s9_w124B5080D-EBE1-47D2-B147-C0F342039EDF,exact_task,poisson,6.0,200,3,0.7873687425887257,0.8299292151610892,0.9487179487179487,37,3,1,40,38,2,0.05263157894736842,0.8786839181859766
IXMtest_B02_s9_w124B5080D-EBE1-47D2-B147-C0F342039EDF,surrogate,deterministic,-6.0,100,-1,0.674173728703452,0.8314809320675908,0.8108108108108109,30,6,8,36,38,2,0.05263157894736842,0.798484677145765
IXMtest_B02_s9_w124B5080D-EBE1-47D2-B147-C0F342039EDF,surrogate,deterministic,-4.0,100,-1,0.7694483942658216,0.8549426602953573,0.9,36,6,2,42,38,4,0.10526315789473684,0.8926618705035971
IXMtest_B02_s9_w124B5080D-EBE1-47D2-B147-C0F342039EDF,surrogate,deterministic,-2.0,100,-1,0.7857670395651957,0.8621610573007008,0.9113924050632911,36,5,2,41,38,3,0.07894736842105263,0.8964704297453859
IXMtest_B02_s9_w124B5080D-EBE1-47D2-B147-C0F342039EDF,surrogate,deterministic,0.0,100,-1,0.777744535532507,0.8641605950361189,0.9,36,6,2,42,38,4,0.10526315789473684,0.898713528966619
IXMtest_B02_s9_w124B5080D-EBE1-47D2-B147-C0F342039EDF,surrogate,deterministic,2.0,100,-1,0.7858763497316263,0.8622809948444234,0.9113924050632911,36,5,2,41,38,3,0.07894736842105263,0.8965819161474996
IXMtest_B02_s9_w124B5080D-EBE1-47D2-B147-C0F342039EDF,surrogate,deterministic,4.0,100,-1,0.7701148753345884,0.8556831948162094,0.9,36,6,2,42,38,4,0.10526315789473684,0.8931085838072028
IXMtest_B02_s9_w124B5080D-EBE1-47D2-B147-C0F342039EDF,surrogate,deterministic,6.0,100,-1,0.674783275492798,0.8322327064411176,0.8108108108108109,30,6,8,36,38,2,0.05263157894736842,0.7982947578895743
IXMtest_B02_s9_w124B5080D-EBE1-47D2-B147-C0F342039EDF,surrogate,poisson,-6.0,50,0,0.7710448553873367,0.8138806806866331,0.9473684210526315,36,2,2,38,38,0,0.0,0.8603839155451372
IXMtest_B02_s9_w124B5080D-EBE1-47D2-B147-C0F342039EDF,surrogate,poisson,-6.0,50,1,0.7727537872590038,0.8249668809927203,0.9367088607594937,37,4,1,41,38,3,0.07894736842105263,0.8718293620292084
IXMtest_B02_s9_w124B5080D-EBE1-47D2-B147-C0F342039EDF,surrogate,poisson,-6.0,50,2,0.753069404229079,0.8158251879148355,0.9230769230769231,36,4,2,40,38,2,0.05263157894736842,0.8768102985875201
IXMtest_B02_s9_w124B5080D-EBE1-47D2-B147-C0F342039EDF,surrogate,poisson,-6.0,50,3,0.7527557176873322,0.8137899650673862,0.925,37,5,1,42,38,4,0.10526315789473684,0.8735369774919615
IXMtest_B02_s9_w124B5080D-EBE1-47D2-B147-C0F342039EDF,surrogate,poisson,-6.0,200,0,0.7790048371894437,0.8316402991617035,0.9367088607594937,37,4,1,41,38,3,0.07894736842105263,0.8825833292704728
IXMtest_B02_s9_w124B5080D-EBE1-47D2-B147-C0F342039EDF,surrogate,poisson,-6.0,200,1,0.7628384767421349,0.8264083498039795,0.9230769230769231,36,4,2,40,38,2,0.05263157894736842,0.8676131939497358
IXMtest_B02_s9_w124B5080D-EBE1-47D2-B147-C0F342039EDF,surrogate,poisson,-6.0,200,2,0.7613158656099438,0.8353326858775773,0.9113924050632911,36,5,2,41,38,3,0.07894736842105263,0.8813990668537309
IXMtest_B02_s9_w124B5080D-EBE1-47D2-B147-C0F342039EDF,surrogate,poisson,-6.0,200,3,0.7928798162225916,0.835738184667056,0.9487179487179487,37,3,1,40,38,2,0.05263157894736842,0.8821044422058297
IXMtest_B02_s9_w124B5080D-EBE1-47D2-B147-C0F342039EDF,surrogate,poisson,6.0,50,0,0.7828608514149885,0.825177654194177,0.9487179487179487,37,3,1,40,38,2,0.05263157894736842,0.8762461826818982
IXMtest_B02_s9_w124B5080D-EBE1-47D2-B147-C0F342039EDF,surrogate,poisson,6.0,50,1,0.7520256935692027,0.8164850387322773,0.9210526315789473,35,3,3,38,38,0,0.0,0.8425579779667185
IXMtest_B02_s9_w124B5080D-EBE1-47D2-B147-C0F342039EDF,surrogate,poisson,6.0,50,2,0.6978689323125122,0.8036066493295595,0.868421052631579,33,5,5,38,38,0,0.0,0.8161639743875851
IXMtest_B02_s9_w124B5080D-EBE1-47D2-B147-C0F342039EDF,surrogate,poisson,6.0,50,3,0.7503428989142377,0.814658004535458,0.9210526315789473,35,3,3,38,38,0,0.0,0.8492229452799571
IXMtest_B02_s9_w124B5080D-EBE1-47D2-B147-C0F342039EDF,surrogate,poisson,6.0,200,0,0.7753582082209962,0.8277472763440366,0.9367088607594937,37,4,1,41,38,3,0.07894736842105263,0.8811154678424418
IXMtest_B02_s9_w124B5080D-EBE1-47D2-B147-C0F342039EDF,surrogate,poisson,6.0,200,1,0.7811388346720194,0.8353845870797985,0.935064935064935,36,3,2,39,38,1,0.02631578947368421,0.8677970592131408
IXMtest_B02_s9_w124B5080D-EBE1-47D2-B147-C0F342039EDF,surrogate,poisson,6.0,200,2,0.7960940443274512,0.8391261548316378,0.9487179487179487,37,3,1,40,38,2,0.05263157894736842,0.8833200006530293
IXMtest_B02_s9_w124B5080D-EBE1-47D2-B147-C0F342039EDF,surrogate,poisson,6.0,200,3,0.7610896817733654,0.8245138219211459,0.9230769230769231,36,4,2,40,38,2,0.05263157894736842,0.8655707278271245
IXMtest_B04_s2_w17C6C7F8D-98F7-422B-92CD-EA61EE813325,clear,deterministic,-6.0,100,-1,0.603223097591221,0.8261533727879765,0.7301587301587301,46,18,16,64,62,2,0.03225806451612903,0.7730205150111173
IXMtest_B04_s2_w17C6C7F8D-98F7-422B-92CD-EA61EE813325,clear,deterministic,-4.0,100,-1,0.6672693203182325,0.8402650700303669,0.7941176470588235,54,20,8,74,62,12,0.1935483870967742,0.8586465566985694
IXMtest_B04_s2_w17C6C7F8D-98F7-422B-92CD-EA61EE813325,clear,deterministic,-2.0,100,-1,0.6596195014304836,0.8428471407167292,0.782608695652174,54,22,8,76,62,14,0.22580645161290322,0.8684422762948246
IXMtest_B04_s2_w17C6C7F8D-98F7-422B-92CD-EA61EE813325,clear,deterministic,0.0,100,-1,0.6628304529106961,0.8375766632235159,0.7913669064748201,55,22,7,77,62,15,0.24193548387096775,0.8706577539582045
IXMtest_B04_s2_w17C6C7F8D-98F7-422B-92CD-EA61EE813325,clear,deterministic,2.0,100,-1,0.6596195014304836,0.8428471407167292,0.782608695652174,54,22,8,76,62,14,0.22580645161290322,0.8684422762948246
IXMtest_B04_s2_w17C6C7F8D-98F7-422B-92CD-EA61EE813325,clear,deterministic,4.0,100,-1,0.6672693203182325,0.8402650700303669,0.7941176470588235,54,20,8,74,62,12,0.1935483870967742,0.8586465566985694
IXMtest_B04_s2_w17C6C7F8D-98F7-422B-92CD-EA61EE813325,clear,deterministic,6.0,100,-1,0.603223097591221,0.8261533727879765,0.7301587301587301,46,18,16,64,62,2,0.03225806451612903,0.7730205150111173
IXMtest_B04_s2_w17C6C7F8D-98F7-422B-92CD-EA61EE813325,clear,poisson,-6.0,50,0,0.6526812460022196,0.8128848245664008,0.8029197080291971,55,20,7,75,62,13,0.20967741935483872,0.8673880080121306
IXMtest_B04_s2_w17C6C7F8D-98F7-422B-92CD-EA61EE813325,clear,poisson,-6.0,50,1,0.6618674107674365,0.8122918223054902,0.8148148148148148,55,18,7,73,62,11,0.1774193548387097,0.8475863043375877
IXMtest_B04_s2_w17C6C7F8D-98F7-422B-92CD-EA61EE813325,clear,poisson,-6.0,50,2,0.6345769476390564,0.8141741969708648,0.7794117647058824,53,21,9,74,62,12,0.1935483870967742,0.8461625197323912
IXMtest_B04_s2_w17C6C7F8D-98F7-422B-92CD-EA61EE813325,clear,poisson,-6.0,50,3,0.6537262084262866,0.8171577605328582,0.8,54,19,8,73,62,11,0.1774193548387097,0.8520405778130989
IXMtest_B04_s2_w17C6C7F8D-98F7-422B-92CD-EA61EE813325,clear,poisson,-6.0,200,0,0.6678364256186757,0.8347955320233447,0.8,54,19,8,73,62,11,0.1774193548387097,0.8570228767214805
IXMtest_B04_s2_w17C6C7F8D-98F7-422B-92CD-EA61EE813325,clear,poisson,-6.0,200,1,0.6607189335556465,0.8381342027511441,0.7883211678832117,54,21,8,75,62,13,0.20967741935483872,0.8658100410650418
IXMtest_B04_s2_w17C6C7F8D-98F7-422B-92CD-EA61EE813325,clear,poisson,-6.0,200,2,0.6647491064603064,0.8370914673944598,0.7941176470588235,54,20,8,74,62,12,0.1935483870967742,0.858036919013579
IXMtest_B04_s2_w17C6C7F8D-98F7-422B-92CD-EA61EE813325,clear,poisson,-6.0,200,3,0.6617045530278333,0.8332575852943086,0.7941176470588235,54,20,8,74,62,12,0.1935483870967742,0.8559460622579257
IXMtest_B04_s2_w17C6C7F8D-98F7-422B-92CD-EA61EE813325,clear,poisson,6.0,50,0,0.652315146267882,0.8153939328348524,0.8,54,19,8,73,62,11,0.1774193548387097,0.8506900642051552
IXMtest_B04_s2_w17C6C7F8D-98F7-422B-92CD-EA61EE813325,clear,poisson,6.0,50,1,0.6355941283942116,0.8094830880492317,0.7851851851851852,53,20,9,73,62,11,0.1774193548387097,0.8343031810371833
IXMtest_B04_s2_w17C6C7F8D-98F7-422B-92CD-EA61EE813325,clear,poisson,6.0,50,2,0.6478899641080001,0.8128074095173093,0.7971014492753623,55,21,7,76,62,14,0.22580645161290322,0.8600688339381243
IXMtest_B04_s2_w17C6C7F8D-98F7-422B-92CD-EA61EE813325,clear,poisson,6.0,50,3,0.636617944934987,0.8167928350109267,0.7794117647058824,53,21,9,74,62,12,0.1935483870967742,0.8468421052631578
IXMtest_B04_s2_w17C6C7F8D-98F7-422B-92CD-EA61EE813325,clear,poisson,6.0,200,0,0.6694011699918332,0.8337087298989194,0.8029197080291971,55,20,7,75,62,13,0.20967741935483872,0.8688212747835139
IXMtest_B04_s2_w17C6C7F8D-98F7-422B-92CD-EA61EE813325,clear,poisson,6.0,200,1,0.6680351512188993,0.8350439390236242,0.8,54,19,8,73,62,11,0.1774193548387097,0.85657104736491
IXMtest_B04_s2_w17C6C7F8D-98F7-422B-92CD-EA61EE813325,clear,poisson,6.0,200,2,0.6670557421727625,0.8307876061606224,0.8029197080291971,55,20,7,75,62,13,0.20967741935483872,0.8663675435696406
IXMtest_B04_s2_w17C6C7F8D-98F7-422B-92CD-EA61EE813325,clear,poisson,6.0,200,3,0.6635155057669503,0.8355380442991226,0.7941176470588235,54,20,8,74,62,12,0.1935483870967742,0.857066534373867
IXMtest_B04_s2_w17C6C7F8D-98F7-422B-92CD-EA61EE813325,cubic,deterministic,-6.0,100,-1,0.603223097591221,0.8261533727879765,0.7301587301587301,46,18,16,64,62,2,0.03225806451612903,0.7730205150111173
IXMtest_B04_s2_w17C6C7F8D-98F7-422B-92CD-EA61EE813325,cubic,deterministic,-4.0,100,-1,0.6672693203182325,0.8402650700303669,0.7941176470588235,54,20,8,74,62,12,0.1935483870967742,0.8586465566985694
IXMtest_B04_s2_w17C6C7F8D-98F7-422B-92CD-EA61EE813325,cubic,deterministic,-2.0,100,-1,0.6596195014304836,0.8428471407167292,0.782608695652174,54,22,8,76,62,14,0.22580645161290322,0.8684422762948246
IXMtest_B04_s2_w17C6C7F8D-98F7-422B-92CD-EA61EE813325,cubic,deterministic,0.0,100,-1,0.6628304529106961,0.8375766632235159,0.7913669064748201,55,22,7,77,62,15,0.24193548387096775,0.8706577539582045
IXMtest_B04_s2_w17C6C7F8D-98F7-422B-92CD-EA61EE813325,cubic,deterministic,2.0,100,-1,0.6596195014304836,0.8428471407167292,0.782608695652174,54,22,8,76,62,14,0.22580645161290322,0.8684422762948246
IXMtest_B04_s2_w17C6C7F8D-98F7-422B-92CD-EA61EE813325,cubic,deterministic,4.0,100,-1,0.6672693203182325,0.8402650700303669,0.7941176470588235,54,20,8,74,62,12,0.1935483870967742,0.8586465566985694
IXMtest_B04_s2_w17C6C7F8D-98F7-422B-92CD-EA61EE813325,cubic,deterministic,6.0,100,-1,0.603223097591221,0.8261533727879765,0.7301587301587301,46,18,16,64,62,2,0.03225806451612903,0.7730205150111173
IXMtest_B04_s2_w17C6C7F8D-98F7-422B-92CD-EA61EE813325,cubic,poisson,-6.0,50,0,0.6526812460022196,0.8128848245664008,0.8029197080291971,55,20,7,75,62,13,0.20967741935483872,0.8673880080121306
IXMtest_B04_s2_w17C6C7F8D-98F7-422B-92CD-EA61EE813325,cubic,poisson,-6.0,50,1,0.6618674107674365,0.8122918223054902,0.8148148148148148,55,18,7,73,62,11,0.1774193548387097,0.8475863043375877
IXMtest_B04_s2_w17C6C7F8D-98F7-422B-92CD-EA61EE813325,cubic,poisson,-6.0,50,2,0.6345769476390564,0.8141741969708648,0.7794117647058824,53,21,9,74,62,12,0.1935483870967742,0.8461625197323912
IXMtest_B04_s2_w17C6C7F8D-98F7-422B-92CD-EA61EE813325,cubic,poisson,-6.0,50,3,0.6537262084262866,0.8171577605328582,0.8,54,19,8,73,62,11,0.1774193548387097,0.8520405778130989
IXMtest_B04_s2_w17C6C7F8D-98F7-422B-92CD-EA61EE813325,cubic,poisson,-6.0,200,0,0.6678364256186757,0.8347955320233447,0.8,54,19,8,73,62,11,0.1774193548387097,0.8570228767214805
IXMtest_B04_s2_w17C6C7F8D-98F7-422B-92CD-EA61EE813325,cubic,poisson,-6.0,200,1,0.6607189335556465,0.8381342027511441,0.7883211678832117,54,21,8,75,62,13,0.20967741935483872,0.8658100410650418
IXMtest_B04_s2_w17C6C7F8D-98F7-422B-92CD-EA61EE813325,cubic,poisson,-6.0,200,2,0.6647491064603064,0.8370914673944598,0.7941176470588235,54,20,8,74,62,12,0.1935483870967742,0.858036919013579
IXMtest_B04_s2_w17C6C7F8D-98F7-422B-92CD-EA61EE813325,cubic,poisson,-6.0,200,3,0.6617045530278333,0.8332575852943086,0.7941176470588235,54,20,8,74,62,12,0.1935483870967742,0.8559460622579257
IXMtest_B04_s2_w17C6C7F8D-98F7-422B-92CD-EA61EE813325,cubic,poisson,6.0,50,0,0.652315146267882,0.8153939328348524,0.8,54,19,8,73,62,11,0.1774193548387097,0.8506900642051552
IXMtest_B04_s2_w17C6C7F8D-98F7-422B-92CD-EA61EE813325,cubic,poisson,6.0,50,1,0.6355941283942116,0.8094830880492317,0.7851851851851852,53,20,9,73,62,11,0.1774193548387097,0.8343031810371833
IXMtest_B04_s2_w17C6C7F8D-98F7-422B-92CD-EA61EE813325,cubic,poisson,6.0,50,2,0.6478899641080001,0.8128074095173093,0.7971014492753623,55,21,7,76,62,14,0.22580645161290322,0.8600688339381243
IXMtest_B04_s2_w17C6C7F8D-98F7-422B-92CD-EA61EE813325,cubic,poisson,6.0,50,3,0.636617944934987,0.8167928350109267,0.7794117647058824,53,21,9,74,62,12,0.1935483870967742,0.8468421052631578
IXMtest_B04_s2_w17C6C7F8D-98F7-422B-92CD-EA61EE813325,cubic,poisson,6.0,200,0,0.6694011699918332,0.8337087298989194,0.8029197080291971,55,20,7,75,62,13,0.20967741935483872,0.8688212747835139
IXMtest_B04_s2_w17C6C7F8D-98F7-422B-92CD-EA61EE813325,cubic,poisson,6.0,200,1,0.6680351512188993,0.8350439390236242,0.8,54,19,8,73,62,11,0.1774193548387097,0.85657104736491
IXMtest_B04_s2_w17C6C7F8D-98F7-422B-92CD-EA61EE813325,cubic,poisson,6.0,200,2,0.6670557421727625,0.8307876061606224,0.8029197080291971,55,20,7,75,62,13,0.20967741935483872,0.8663675435696406
IXMtest_B04_s2_w17C6C7F8D-98F7-422B-92CD-EA61EE813325,cubic,poisson,6.0,200,3,0.6635155057669503,0.8355380442991226,0.7941176470588235,54,20,8,74,62,12,0.1935483870967742,0.857066534373867
IXMtest_B04_s2_w17C6C7F8D-98F7-422B-92CD-EA61EE813325,image_fidelity,deterministic,-6.0,100,-1,0.6026503566919187,0.8253689667737147,0.7301587301587301,46,18,16,64,62,2,0.03225806451612903,0.7725778887866439
IXMtest_B04_s2_w17C6C7F8D-98F7-422B-92CD-EA61EE813325,image_fidelity,deterministic,-4.0,100,-1,0.6667584734624057,0.8396217813971034,0.7941176470588235,54,20,8,74,62,12,0.1935483870967742,0.8583538120205748
IXMtest_B04_s2_w17C6C7F8D-98F7-422B-92CD-EA61EE813325,image_fidelity,deterministic,-2.0,100,-1,0.6596792984302645,0.842923547994227,0.782608695652174,54,22,8,76,62,14,0.22580645161290322,0.8682144613871127
IXMtest_B04_s2_w17C6C7F8D-98F7-422B-92CD-EA61EE813325,image_fidelity,deterministic,0.0,100,-1,0.6629526877330915,0.8377311235899975,0.7913669064748201,55,22,7,77,62,15,0.24193548387096775,0.8707806166017216
IXMtest_B04_s2_w17C6C7F8D-98F7-422B-92CD-EA61EE813325,image_fidelity,deterministic,2.0,100,-1,0.6597142381414396,0.8429681931807284,0.782608695652174,54,22,8,76,62,14,0.22580645161290322,0.8685620998593668
IXMtest_B04_s2_w17C6C7F8D-98F7-422B-92CD-EA61EE813325,image_fidelity,deterministic,4.0,100,-1,0.6665262318567773,0.8393293290048306,0.7941176470588235,54,20,8,74,62,12,0.1935483870967742,0.8582601168147581
IXMtest_B04_s2_w17C6C7F8D-98F7-422B-92CD-EA61EE813325,image_fidelity,deterministic,6.0,100,-1,0.6026370616555277,0.8253507583543096,0.7301587301587301,46,18,16,64,62,2,0.03225806451612903,0.772653579879064
IXMtest_B04_s2_w17C6C7F8D-98F7-422B-92CD-EA61EE813325,image_fidelity,poisson,-6.0,50,0,0.6497988812078029,0.8122486015097536,0.8,54,19,8,73,62,11,0.1774193548387097,0.8458767201888798
IXMtest_B04_s2_w17C6C7F8D-98F7-422B-92CD-EA61EE813325,image_fidelity,poisson,-6.0,50,1,0.6448514749111941,0.8151896003594341,0.7910447761194029,53,19,9,72,62,10,0.16129032258064516,0.8376315988790426
IXMtest_B04_s2_w17C6C7F8D-98F7-422B-92CD-EA61EE813325,image_fidelity,poisson,-6.0,50,2,0.6500721247291755,0.8186093422515545,0.7941176470588235,54,20,8,74,62,12,0.1935483870967742,0.8499064749560715
IXMtest_B04_s2_w17C6C7F8D-98F7-422B-92CD-EA61EE813325,image_fidelity,poisson,-6.0,50,3,0.6248013890745727,0.8170479703282875,0.7647058823529411,52,22,10,74,62,12,0.1935483870967742,0.8514005230640943
IXMtest_B04_s2_w17C6C7F8D-98F7-422B-92CD-EA61EE813325,image_fidelity,poisson,-6.0,200,0,0.6699723252785454,0.8344200778469157,0.8029197080291971,55,20,7,75,62,13,0.20967741935483872,0.8684947788437049
IXMtest_B04_s2_w17C6C7F8D-98F7-422B-92CD-EA61EE813325,image_fidelity,poisson,-6.0,200,1,0.6469774885672331,0.8361878861670844,0.7737226277372263,53,22,9,75,62,13,0.20967741935483872,0.8575393506197247
IXMtest_B04_s2_w17C6C7F8D-98F7-422B-92CD-EA61EE813325,image_fidelity,poisson,-6.0,200,2,0.670002382768779,0.834457513084752,0.8029197080291971,55,20,7,75,62,13,0.20967741935483872,0.8695348155987489
IXMtest_B04_s2_w17C6C7F8D-98F7-422B-92CD-EA61EE813325,image_fidelity,poisson,-6.0,200,3,0.6657130802513107,0.8383053603164654,0.7941176470588235,54,20,8,74,62,12,0.1935483870967742,0.8580670475534247
IXMtest_B04_s2_w17C6C7F8D-98F7-422B-92CD-EA61EE813325,image_fidelity,poisson,6.0,50,0,0.6489574007425125,0.8082469445611292,0.8029197080291971,55,20,7,75,62,13,0.20967741935483872,0.8573287480249093
IXMtest_B04_s2_w17C6C7F8D-98F7-422B-92CD-EA61EE813325,image_fidelity,poisson,6.0,50,1,0.6565635639602592,0.8117513154417749,0.8088235294117647,55,19,7,74,62,12,0.1935483870967742,0.8568878310026777
IXMtest_B04_s2_w17C6C7F8D-98F7-422B-92CD-EA61EE813325,image_fidelity,poisson,6.0,50,2,0.628109039013445,0.8177268621118434,0.7681159420289855,53,23,9,76,62,14,0.22580645161290322,0.8549885729272039
IXMtest_B04_s2_w17C6C7F8D-98F7-422B-92CD-EA61EE813325,image_fidelity,poisson,6.0,50,3,0.643447441977772,0.8043093024722151,0.8,54,19,8,73,62,11,0.1774193548387097,0.8391372067777411
IXMtest_B04_s2_w17C6C7F8D-98F7-422B-92CD-EA61EE813325,image_fidelity,poisson,6.0,200,0,0.6661215714820892,0.8296241390276929,0.8029197080291971,55,20,7,75,62,13,0.20967741935483872,0.8661666382559615
IXMtest_B04_s2_w17C6C7F8D-98F7-422B-92CD-EA61EE813325,image_fidelity,poisson,6.0,200,1,0.6710296226907422,0.8357368937148334,0.8029197080291971,55,20,7,75,62,13,0.20967741935483872,0.8687765741814445
IXMtest_B04_s2_w17C6C7F8D-98F7-422B-92CD-EA61EE813325,image_fidelity,poisson,6.0,200,2,0.6727513943884471,0.837881282101975,0.8029197080291971,55,20,7,75,62,13,0.20967741935483872,0.8707346599076946
IXMtest_B04_s2_w17C6C7F8D-98F7-422B-92CD-EA61EE813325,image_fidelity,poisson,6.0,200,3,0.6609653786153844,0.838446822873219,0.7883211678832117,54,21,8,75,62,13,0.20967741935483872,0.8621175753419439
IXMtest_B04_s2_w17C6C7F8D-98F7-422B-92CD-EA61EE813325,exact_task,deterministic,-6.0,100,-1,0.6300132006288496,0.8023753026876859,0.7851851851851852,53,20,9,73,62,11,0.1774193548387097,0.8229684488180988
IXMtest_B04_s2_w17C6C7F8D-98F7-422B-92CD-EA61EE813325,exact_task,deterministic,-4.0,100,-1,0.6610337525893794,0.8324128736310703,0.7941176470588235,54,20,8,74,62,12,0.1935483870967742,0.8544617739738963
IXMtest_B04_s2_w17C6C7F8D-98F7-422B-92CD-EA61EE813325,exact_task,deterministic,-2.0,100,-1,0.6724848617925007,0.8530595006071536,0.7883211678832117,54,21,8,75,62,13,0.20967741935483872,0.8662809736928283
IXMtest_B04_s2_w17C6C7F8D-98F7-422B-92CD-EA61EE813325,exact_task,deterministic,0.0,100,-1,0.678799815022481,0.861070135722962,0.7883211678832117,54,21,8,75,62,13,0.20967741935483872,0.8704318936877077
IXMtest_B04_s2_w17C6C7F8D-98F7-422B-92CD-EA61EE813325,exact_task,deterministic,2.0,100,-1,0.6714355636895,0.8517284465320508,0.7883211678832117,54,21,8,75,62,13,0.20967741935483872,0.8656263330720926
IXMtest_B04_s2_w17C6C7F8D-98F7-422B-92CD-EA61EE813325,exact_task,deterministic,4.0,100,-1,0.6597751806695663,0.830828005287602,0.7941176470588235,54,20,8,74,62,12,0.1935483870967742,0.853513819732252
IXMtest_B04_s2_w17C6C7F8D-98F7-422B-92CD-EA61EE813325,exact_task,deterministic,6.0,100,-1,0.6286239437141472,0.8006059660510366,0.7851851851851852,53,20,9,73,62,11,0.1774193548387097,0.8221933809214795
IXMtest_B04_s2_w17C6C7F8D-98F7-422B-92CD-EA61EE813325,exact_task,poisson,-6.0,50,0,0.644961033212418,0.8062012915155224,0.8,54,19,8,73,62,11,0.1774193548387097,0.8466288808053464
IXMtest_B04_s2_w17C6C7F8D-98F7-422B-92CD-EA61EE813325,exact_task,poisson,-6.0,50,1,0.6529912608669676,0.8132709339888596,0.8029197080291971,55,20,7,75,62,13,0.20967741935483872,0.856546130576082
IXMtest_B04_s2_w17C6C7F8D-98F7-422B-92CD-EA61EE813325,exact_task,poisson,-6.0,50,2,0.641885162761555,0.814243215725306,0.7883211678832117,54,21,8,75,62,13,0.20967741935483872,0.8561318332477476
IXMtest_B04_s2_w17C6C7F8D-98F7-422B-92CD-EA61EE813325,exact_task,poisson,-6.0,50,3,0.6500894480431596,0.8126118100539494,0.8,54,19,8,73,62,11,0.1774193548387097,0.8474211628828625
IXMtest_B04_s2_w17C6C7F8D-98F7-422B-92CD-EA61EE813325,exact_task,poisson,-6.0,200,0,0.6539291311969542,0.8295212127220623,0.7883211678832117,54,21,8,75,62,13,0.20967741935483872,0.8573689529584502
IXMtest_B04_s2_w17C6C7F8D-98F7-422B-92CD-EA61EE813325,exact_task,poisson,-6.0,200,1,0.6636199719913294,0.8265085105710194,0.8029197080291971,55,20,7,75,62,13,0.20967741935483872,0.8633022656664393
IXMtest_B04_s2_w17C6C7F8D-98F7-422B-92CD-EA61EE813325,exact_task,poisson,-6.0,200,2,0.6579270852697291,0.8285007740433626,0.7941176470588235,54,20,8,74,62,12,0.1935483870967742,0.8531611473546464
IXMtest_B04_s2_w17C6C7F8D-98F7-422B-92CD-EA61EE813325,exact_task,poisson,-6.0,200,3,0.6559584533878544,0.8260217561180389,0.7941176470588235,54,20,8,74,62,12,0.1935483870967742,0.8518316542770491
IXMtest_B04_s2_w17C6C7F8D-98F7-422B-92CD-EA61EE813325,exact_task,poisson,6.0,50,0,0.6432037444968021,0.8099602708478248,0.7941176470588235,54,20,8,74,62,12,0.1935483870967742,0.844824494341724
IXMtest_B04_s2_w17C6C7F8D-98F7-422B-92CD-EA61EE813325,exact_task,poisson,6.0,50,1,0.6480314467608277,0.8160395996247459,0.7941176470588235,54,20,8,74,62,12,0.1935483870967742,0.8570289208332542
IXMtest_B04_s2_w17C6C7F8D-98F7-422B-92CD-EA61EE813325,exact_task,poisson,6.0,50,2,0.6443144361564302,0.808321747178067,0.7971014492753623,55,21,7,76,62,14,0.22580645161290322,0.8583900035594522
IXMtest_B04_s2_w17C6C7F8D-98F7-422B-92CD-EA61EE813325,exact_task,poisson,6.0,50,3,0.646806957562689,0.8144976502641269,0.7941176470588235,54,20,8,74,62,12,0.1935483870967742,0.8574773413897281
IXMtest_B04_s2_w17C6C7F8D-98F7-422B-92CD-EA61EE813325,exact_task,poisson,6.0,200,0,0.6626189387256384,0.8252617691401133,0.8029197080291971,55,20,7,75,62,13,0.20967741935483872,0.8648745317294478
IXMtest_B04_s2_w17C6C7F8D-98F7-422B-92CD-EA61EE813325,exact_task,poisson,6.0,200,1,0.6657946666996698,0.8292169939804979,0.8029197080291971,55,20,7,75,62,13,0.20967741935483872,0.8659719794805907
IXMtest_B04_s2_w17C6C7F8D-98F7-422B-92CD-EA61EE813325,exact_task,poisson,6.0,200,2,0.6628008182756527,0.8254882918524039,0.8029197080291971,55,20,7,75,62,13,0.20967741935483872,0.8636312110334404
IXMtest_B04_s2_w17C6C7F8D-98F7-422B-92CD-EA61EE813325,exact_task,poisson,6.0,200,3,0.6555344284538451,0.8223977375148239,0.7971014492753623,55,21,7,76,62,14,0.22580645161290322,0.8631658695960983
IXMtest_B04_s2_w17C6C7F8D-98F7-422B-92CD-EA61EE813325,surrogate,deterministic,-6.0,100,-1,0.597154763556845,0.8178423935669834,0.7301587301587301,46,18,16,64,62,2,0.03225806451612903,0.7689580848805786
IXMtest_B04_s2_w17C6C7F8D-98F7-422B-92CD-EA61EE813325,surrogate,deterministic,-4.0,100,-1,0.6649397745893046,0.8373315680013467,0.7941176470588235,54,20,8,74,62,12,0.1935483870967742,0.8569922943077305
IXMtest_B04_s2_w17C6C7F8D-98F7-422B-92CD-EA61EE813325,surrogate,deterministic,-2.0,100,-1,0.6605914510855462,0.8440890763870867,0.782608695652174,54,22,8,76,62,14,0.22580645161290322,0.8687969776868285
IXMtest_B04_s2_w17C6C7F8D-98F7-422B-92CD-EA61EE813325,surrogate,deterministic,0.0,100,-1,0.6652429458160468,0.8406251769857319,0.7913669064748201,55,22,7,77,62,15,0.24193548387096775,0.8721578637345376
IXMtest_B04_s2_w17C6C7F8D-98F7-422B-92CD-EA61EE813325,surrogate,deterministic,2.0,100,-1,0.6608951604265039,0.8444771494338661,0.782608695652174,54,22,8,76,62,14,0.22580645161290322,0.8689945590680559
IXMtest_B04_s2_w17C6C7F8D-98F7-422B-92CD-EA61EE813325,surrogate,deterministic,4.0,100,-1,0.6606406840378785,0.8380349417887903,0.7883211678832117,54,21,8,75,62,13,0.20967741935483872,0.8583946827218265
IXMtest_B04_s2_w17C6C7F8D-98F7-422B-92CD-EA61EE813325,surrogate,deterministic,6.0,100,-1,0.5973925538340751,0.8181680628597114,0.7301587301587301,46,18,16,64,62,2,0.03225806451612903,0.7691970978649829
IXMtest_B04_s2_w17C6C7F8D-98F7-422B-92CD-EA61EE813325,surrogate,poisson,-6.0,50,0,0.651284203266794,0.8111448713413708,0.8029197080291971,55,20,7,75,62,13,0.20967741935483872,0.8581948693153818
IXMtest_B04_s2_w17C6C7F8D-98F7-422B-92CD-EA61EE813325,surrogate,poisson,-6.0,50,1,0.6532435628251863,0.8076465867656849,0.8088235294117647,55,19,7,74,62,12,0.1935483870967742,0.8428490351872872
IXMtest_B04_s2_w17C6C7F8D-98F7-422B-92CD-EA61EE813325,surrogate,poisson,-6.0,50,2,0.6452163834358268,0.8184689308398914,0.7883211678832117,54,21,8,75,62,13,0.20967741935483872,0.8585492276282547
IXMtest_B04_s2_w17C6C7F8D-98F7-422B-92CD-EA61EE813325,surrogate,poisson,-6.0,50,3,0.6280484167898628,0.8083215734610271,0.7769784172661871,54,23,8,77,62,15,0.24193548387096775,0.8574136889549742
IXMtest_B04_s2_w17C6C7F8D-98F7-422B-92CD-EA61EE813325,surrogate,poisson,-6.0,200,0,0.6635221981551044,0.8355464717508723,0.7941176470588235,54,20,8,74,62,12,0.1935483870967742,0.8568265541791529
IXMtest_B04_s2_w17C6C7F8D-98F7-422B-92CD-EA61EE813325,surrogate,poisson,-6.0,200,1,0.6516840802109074,0.8266733239712437,0.7883211678832117,54,21,8,75,62,13,0.20967741935483872,0.8576573143428762
IXMtest_B04_s2_w17C6C7F8D-98F7-422B-92CD-EA61EE813325,surrogate,poisson,-6.0,200,2,0.6665323248894057,0.8331654061117573,0.8,54,19,8,73,62,11,0.1774193548387097,0.855563076160424
IXMtest_B04_s2_w17C6C7F8D-98F7-422B-92CD-EA61EE813325,surrogate,poisson,-6.0,200,3,0.6444545671051148,0.8329271291830258,0.7737226277372263,53,22,9,75,62,13,0.20967741935483872,0.8553779069767442
IXMtest_B04_s2_w17C6C7F8D-98F7-422B-92CD-EA61EE813325,surrogate,poisson,6.0,50,0,0.635907178584311,0.8066600320930611,0.7883211678832117,54,21,8,75,62,13,0.20967741935483872,0.8496795895739763
IXMtest_B04_s2_w17C6C7F8D-98F7-422B-92CD-EA61EE813325,surrogate,poisson,6.0,50,1,0.6560235044400179,0.8170474555298405,0.8029197080291971,55,20,7,75,62,13,0.20967741935483872,0.8574461942501653
IXMtest_B04_s2_w17C6C7F8D-98F7-422B-92CD-EA61EE813325,surrogate,poisson,6.0,50,2,0.6502305362169655,0.8157437636176476,0.7971014492753623,55,21,7,76,62,14,0.22580645161290322,0.8571776360759198
IXMtest_B04_s2_w17C6C7F8D-98F7-422B-92CD-EA61EE813325,surrogate,poisson,6.0,50,3,0.653466955814487,0.8168336947681086,0.8,54,19,8,73,62,11,0.1774193548387097,0.8440254421229451
IXMtest_B04_s2_w17C6C7F8D-98F7-422B-92CD-EA61EE813325,surrogate,poisson,6.0,200,0,0.6722941225120295,0.8312000060148729,0.8088235294117647,55,19,7,74,62,12,0.1935483870967742,0.8676605266387832
IXMtest_B04_s2_w17C6C7F8D-98F7-422B-92CD-EA61EE813325,surrogate,poisson,6.0,200,1,0.6705887772830798,0.8290915791863531,0.8088235294117647,55,19,7,74,62,12,0.1935483870967742,0.8646641406744588
IXMtest_B04_s2_w17C6C7F8D-98F7-422B-92CD-EA61EE813325,surrogate,poisson,6.0,200,2,0.6661947187481363,0.8327433984351704,0.8,54,19,8,73,62,11,0.1774193548387097,0.8553246380966031
IXMtest_B04_s2_w17C6C7F8D-98F7-422B-92CD-EA61EE813325,surrogate,poisson,6.0,200,3,0.6708290253997873,0.8354870589070078,0.8029197080291971,55,20,7,75,62,13,0.20967741935483872,0.8684744164112238
IXMtest_B05_s5_w10296BEF4-0F48-4EC8-BC24-6C604871398B,clear,deterministic,-6.0,100,-1,0.6923549733281886,0.8398009398703029,0.8244274809160306,54,18,5,72,59,13,0.22033898305084745,0.8331799964045133
IXMtest_B05_s5_w10296BEF4-0F48-4EC8-BC24-6C604871398B,clear,deterministic,-4.0,100,-1,0.722717929978458,0.8541211899745412,0.8461538461538461,55,16,4,71,59,12,0.2033898305084746,0.8418425984406871
IXMtest_B05_s5_w10296BEF4-0F48-4EC8-BC24-6C604871398B,clear,deterministic,-2.0,100,-1,0.7273193292618088,0.8571977809157032,0.8484848484848485,56,17,3,73,59,14,0.23728813559322035,0.8460787106751861
IXMtest_B05_s5_w10296BEF4-0F48-4EC8-BC24-6C604871398B,clear,deterministic,0.0,100,-1,0.7289114231276869,0.859074177257631,0.8484848484848485,56,17,3,73,59,14,0.23728813559322035,0.8472596129425509
IXMtest_B05_s5_w10296BEF4-0F48-4EC8-BC24-6C604871398B,clear,deterministic,2.0,100,-1,0.7273193292618088,0.8571977809157032,0.8484848484848485,56,17,3,73,59,14,0.23728813559322035,0.8460787106751861
IXMtest_B05_s5_w10296BEF4-0F48-4EC8-BC24-6C604871398B,clear,deterministic,4.0,100,-1,0.722717929978458,0.8541211899745412,0.8461538461538461,55,16,4,71,59,12,0.2033898305084746,0.8418425984406871
IXMtest_B05_s5_w10296BEF4-0F48-4EC8-BC24-6C604871398B,clear,deterministic,6.0,100,-1,0.6923549733281886,0.8398009398703029,0.8244274809160306,54,18,5,72,59,13,0.22033898305084745,0.8331799964045133
IXMtest_B05_s5_w10296BEF4-0F48-4EC8-BC24-6C604871398B,clear,poisson,-6.0,50,0,0.6842058618434027,0.8148269809225979,0.8396946564885496,55,17,4,72,59,13,0.22033898305084745,0.8308878509210615
IXMtest_B05_s5_w10296BEF4-0F48-4EC8-BC24-6C604871398B,clear,poisson,-6.0,50,1,0.6759131321168445,0.8110957585402133,0.8333333333333334,55,18,4,73,59,14,0.23728813559322035,0.8221452218479446
IXMtest_B05_s5_w10296BEF4-0F48-4EC8-BC24-6C604871398B,clear,poisson,-6.0,50,2,0.6859856366253474,0.8084830717370165,0.8484848484848485,56,17,3,73,59,14,0.23728813559322035,0.822296211695929
IXMtest_B05_s5_w10296BEF4-0F48-4EC8-BC24-6C604871398B,clear,poisson,-6.0,50,3,0.6891686330976402,0.8060811690695614,0.8549618320610687,56,16,3,72,59,13,0.22033898305084745,0.8197174182037927
IXMtest_B05_s5_w10296BEF4-0F48-4EC8-BC24-6C604871398B,clear,poisson,-6.0,200,0,0.7053174155475518,0.8249694771136543,0.8549618320610687,56,16,3,72,59,13,0.22033898305084745,0.8276242876018064
IXMtest_B05_s5_w10296BEF4-0F48-4EC8-BC24-6C604871398B,clear,poisson,-6.0,200,1,0.7103241449583849,0.8308255624066824,0.8549618320610687,56,16,3,72,59,13,0.22033898305084745,0.8348989327693896
IXMtest_B05_s5_w10296BEF4-0F48-4EC8-BC24-6C604871398B,clear,poisson,-6.0,200,2,0.7117542834645769,0.8324983136951748,0.8549618320610687,56,16,3,72,59,13,0.22033898305084745,0.8321282461321116
IXMtest_B05_s5_w10296BEF4-0F48-4EC8-BC24-6C604871398B,clear,poisson,-6.0,200,3,0.7108582837741597,0.8314503140572761,0.8549618320610687,56,16,3,72,59,13,0.22033898305084745,0.8312487708947885
IXMtest_B05_s5_w10296BEF4-0F48-4EC8-BC24-6C604871398B,clear,poisson,6.0,50,0,0.6921889610681822,0.8096138741065345,0.8549618320610687,56,16,3,72,59,13,0.22033898305084745,0.823789690364656
IXMtest_B05_s5_w10296BEF4-0F48-4EC8-BC24-6C604871398B,clear,poisson,6.0,50,1,0.687346448054371,0.8100868852069372,0.8484848484848485,56,17,3,73,59,14,0.23728813559322035,0.8246795735345059
IXMtest_B05_s5_w10296BEF4-0F48-4EC8-BC24-6C604871398B,clear,poisson,6.0,50,2,0.6815587177321336,0.8093509773069086,0.8421052631578947,56,18,3,74,59,15,0.2542372881355932,0.8258527480391873
IXMtest_B05_s5_w10296BEF4-0F48-4EC8-BC24-6C604871398B,clear,poisson,6.0,50,3,0.6844199638386333,0.8066378145241035,0.8484848484848485,56,17,3,73,59,14,0.23728813559322035,0.8243167334921649
IXMtest_B05_s5_w10296BEF4-0F48-4EC8-BC24-6C604871398B,clear,poisson,6.0,200,0,0.7081554290991662,0.8282889393927747,0.8549618320610687,56,16,3,72,59,13,0.22033898305084745,0.8295781423340107
IXMtest_B05_s5_w10296BEF4-0F48-4EC8-BC24-6C604871398B,clear,poisson,6.0,200,1,0.6990087633640769,0.8238317568219478,0.8484848484848485,56,17,3,73,59,14,0.23728813559322035,0.83125110322239
IXMtest_B05_s5_w10296BEF4-0F48-4EC8-BC24-6C604871398B,clear,poisson,6.0,200,2,0.6846996101590933,0.821639532190912,0.8333333333333334,55,18,4,73,59,14,0.23728813559322035,0.8228241299487565
IXMtest_B05_s5_w10296BEF4-0F48-4EC8-BC24-6C604871398B,clear,poisson,6.0,200,3,0.7112400145464703,0.8318968027284609,0.8549618320610687,56,16,3,72,59,13,0.22033898305084745,0.8336509183773696
IXMtest_B05_s5_w10296BEF4-0F48-4EC8-BC24-6C604871398B,cubic,deterministic,-6.0,100,-1,0.6923549733281886,0.8398009398703029,0.8244274809160306,54,18,5,72,59,13,0.22033898305084745,0.8331799964045133
IXMtest_B05_s5_w10296BEF4-0F48-4EC8-BC24-6C604871398B,cubic,deterministic,-4.0,100,-1,0.722717929978458,0.8541211899745412,0.8461538461538461,55,16,4,71,59,12,0.2033898305084746,0.8418425984406871
IXMtest_B05_s5_w10296BEF4-0F48-4EC8-BC24-6C604871398B,cubic,deterministic,-2.0,100,-1,0.7273193292618088,0.8571977809157032,0.8484848484848485,56,17,3,73,59,14,0.23728813559322035,0.8460787106751861
IXMtest_B05_s5_w10296BEF4-0F48-4EC8-BC24-6C604871398B,cubic,deterministic,0.0,100,-1,0.7289114231276869,0.859074177257631,0.8484848484848485,56,17,3,73,59,14,0.23728813559322035,0.8472596129425509
IXMtest_B05_s5_w10296BEF4-0F48-4EC8-BC24-6C604871398B,cubic,deterministic,2.0,100,-1,0.7273193292618088,0.8571977809157032,0.8484848484848485,56,17,3,73,59,14,0.23728813559322035,0.8460787106751861
IXMtest_B05_s5_w10296BEF4-0F48-4EC8-BC24-6C604871398B,cubic,deterministic,4.0,100,-1,0.722717929978458,0.8541211899745412,0.8461538461538461,55,16,4,71,59,12,0.2033898305084746,0.8418425984406871
IXMtest_B05_s5_w10296BEF4-0F48-4EC8-BC24-6C604871398B,cubic,deterministic,6.0,100,-1,0.6923549733281886,0.8398009398703029,0.8244274809160306,54,18,5,72,59,13,0.22033898305084745,0.8331799964045133
IXMtest_B05_s5_w10296BEF4-0F48-4EC8-BC24-6C604871398B,cubic,poisson,-6.0,50,0,0.6842058618434027,0.8148269809225979,0.8396946564885496,55,17,4,72,59,13,0.22033898305084745,0.8308878509210615
IXMtest_B05_s5_w10296BEF4-0F48-4EC8-BC24-6C604871398B,cubic,poisson,-6.0,50,1,0.6759131321168445,0.8110957585402133,0.8333333333333334,55,18,4,73,59,14,0.23728813559322035,0.8221452218479446
IXMtest_B05_s5_w10296BEF4-0F48-4EC8-BC24-6C604871398B,cubic,poisson,-6.0,50,2,0.6859856366253474,0.8084830717370165,0.8484848484848485,56,17,3,73,59,14,0.23728813559322035,0.822296211695929
IXMtest_B05_s5_w10296BEF4-0F48-4EC8-BC24-6C604871398B,cubic,poisson,-6.0,50,3,0.6891686330976402,0.8060811690695614,0.8549618320610687,56,16,3,72,59,13,0.22033898305084745,0.8197174182037927
IXMtest_B05_s5_w10296BEF4-0F48-4EC8-BC24-6C604871398B,cubic,poisson,-6.0,200,0,0.7053174155475518,0.8249694771136543,0.8549618320610687,56,16,3,72,59,13,0.22033898305084745,0.8276242876018064
IXMtest_B05_s5_w10296BEF4-0F48-4EC8-BC24-6C604871398B,cubic,poisson,-6.0,200,1,0.7103241449583849,0.8308255624066824,0.8549618320610687,56,16,3,72,59,13,0.22033898305084745,0.8348989327693896
IXMtest_B05_s5_w10296BEF4-0F48-4EC8-BC24-6C604871398B,cubic,poisson,-6.0,200,2,0.7117542834645769,0.8324983136951748,0.8549618320610687,56,16,3,72,59,13,0.22033898305084745,0.8321282461321116
IXMtest_B05_s5_w10296BEF4-0F48-4EC8-BC24-6C604871398B,cubic,poisson,-6.0,200,3,0.7108582837741597,0.8314503140572761,0.8549618320610687,56,16,3,72,59,13,0.22033898305084745,0.8312487708947885
IXMtest_B05_s5_w10296BEF4-0F48-4EC8-BC24-6C604871398B,cubic,poisson,6.0,50,0,0.6921889610681822,0.8096138741065345,0.8549618320610687,56,16,3,72,59,13,0.22033898305084745,0.823789690364656
IXMtest_B05_s5_w10296BEF4-0F48-4EC8-BC24-6C604871398B,cubic,poisson,6.0,50,1,0.687346448054371,0.8100868852069372,0.8484848484848485,56,17,3,73,59,14,0.23728813559322035,0.8246795735345059
IXMtest_B05_s5_w10296BEF4-0F48-4EC8-BC24-6C604871398B,cubic,poisson,6.0,50,2,0.6815587177321336,0.8093509773069086,0.8421052631578947,56,18,3,74,59,15,0.2542372881355932,0.8258527480391873
IXMtest_B05_s5_w10296BEF4-0F48-4EC8-BC24-6C604871398B,cubic,poisson,6.0,50,3,0.6844199638386333,0.8066378145241035,0.8484848484848485,56,17,3,73,59,14,0.23728813559322035,0.8243167334921649
IXMtest_B05_s5_w10296BEF4-0F48-4EC8-BC24-6C604871398B,cubic,poisson,6.0,200,0,0.7081554290991662,0.8282889393927747,0.8549618320610687,56,16,3,72,59,13,0.22033898305084745,0.8295781423340107
IXMtest_B05_s5_w10296BEF4-0F48-4EC8-BC24-6C604871398B,cubic,poisson,6.0,200,1,0.6990087633640769,0.8238317568219478,0.8484848484848485,56,17,3,73,59,14,0.23728813559322035,0.83125110322239
IXMtest_B05_s5_w10296BEF4-0F48-4EC8-BC24-6C604871398B,cubic,poisson,6.0,200,2,0.6846996101590933,0.821639532190912,0.8333333333333334,55,18,4,73,59,14,0.23728813559322035,0.8228241299487565
IXMtest_B05_s5_w10296BEF4-0F48-4EC8-BC24-6C604871398B,cubic,poisson,6.0,200,3,0.7112400145464703,0.8318968027284609,0.8549618320610687,56,16,3,72,59,13,0.22033898305084745,0.8336509183773696
IXMtest_B05_s5_w10296BEF4-0F48-4EC8-BC24-6C604871398B,image_fidelity,deterministic,-6.0,100,-1,0.697631420674525,0.8397415248860023,0.8307692307692308,54,17,5,71,59,12,0.2033898305084746,0.8363335314596247
IXMtest_B05_s5_w10296BEF4-0F48-4EC8-BC24-6C604871398B,image_fidelity,deterministic,-4.0,100,-1,0.7221091458084469,0.8534017177736191,0.8461538461538461,55,16,4,71,59,12,0.2033898305084746,0.8415068549890238
IXMtest_B05_s5_w10296BEF4-0F48-4EC8-BC24-6C604871398B,image_fidelity,deterministic,-2.0,100,-1,0.7272977596659637,0.8571723596063142,0.8484848484848485,56,17,3,73,59,14,0.23728813559322035,0.8461131461131461
IXMtest_B05_s5_w10296BEF4-0F48-4EC8-BC24-6C604871398B,image_fidelity,deterministic,0.0,100,-1,0.7288949080165135,0.8590547130194623,0.8484848484848485,56,17,3,73,59,14,0.23728813559322035,0.8472792294875442
IXMtest_B05_s5_w10296BEF4-0F48-4EC8-BC24-6C604871398B,image_fidelity,deterministic,2.0,100,-1,0.7277414290146328,0.8576952556243886,0.8484848484848485,56,17,3,73,59,14,0.23728813559322035,0.8466067996216783
IXMtest_B05_s5_w10296BEF4-0F48-4EC8-BC24-6C604871398B,image_fidelity,deterministic,4.0,100,-1,0.7218598981940483,0.853107152411148,0.8461538461538461,55,16,4,71,59,12,0.2033898305084746,0.8413237517344213
IXMtest_B05_s5_w10296BEF4-0F48-4EC8-BC24-6C604871398B,image_fidelity,deterministic,6.0,100,-1,0.6914058648808157,0.8386497064758042,0.8244274809160306,54,18,5,72,59,13,0.22033898305084745,0.83234693121301
IXMtest_B05_s5_w10296BEF4-0F48-4EC8-BC24-6C604871398B,image_fidelity,poisson,-6.0,50,0,0.6915925073899621,0.8089162363221878,0.8549618320610687,56,16,3,72,59,13,0.22033898305084745,0.8208098055464549
IXMtest_B05_s5_w10296BEF4-0F48-4EC8-BC24-6C604871398B,image_fidelity,poisson,-6.0,50,1,0.6728821423863681,0.8013414604783111,0.8396946564885496,55,17,4,72,59,13,0.22033898305084745,0.8151580340890286
IXMtest_B05_s5_w10296BEF4-0F48-4EC8-BC24-6C604871398B,image_fidelity,poisson,-6.0,50,2,0.6843189845486752,0.8065188032180816,0.8484848484848485,56,17,3,73,59,14,0.23728813559322035,0.8202946809227305
IXMtest_B05_s5_w10296BEF4-0F48-4EC8-BC24-6C604871398B,image_fidelity,poisson,-6.0,50,3,0.6755771360057703,0.8045509528795992,0.8396946564885496,55,17,4,72,59,13,0.22033898305084745,0.8115047596867632
IXMtest_B05_s5_w10296BEF4-0F48-4EC8-BC24-6C604871398B,image_fidelity,poisson,-6.0,200,0,0.6908262234085604,0.8289914680902725,0.8333333333333334,55,18,4,73,59,14,0.23728813559322035,0.8319878562064444
IXMtest_B05_s5_w10296BEF4-0F48-4EC8-BC24-6C604871398B,image_fidelity,poisson,-6.0,200,1,0.7063531976831049,0.8261809722900602,0.8549618320610687,56,16,3,72,59,13,0.22033898305084745,0.8291122472009341
IXMtest_B05_s5_w10296BEF4-0F48-4EC8-BC24-6C604871398B,image_fidelity,poisson,-6.0,200,2,0.7103014432702821,0.8307990095393478,0.8549618320610687,56,16,3,72,59,13,0.22033898305084745,0.8319164773172452
IXMtest_B05_s5_w10296BEF4-0F48-4EC8-BC24-6C604871398B,image_fidelity,poisson,-6.0,200,3,0.7101728301973358,0.830648578177241,0.8549618320610687,56,16,3,72,59,13,0.22033898305084745,0.8308756527958769
IXMtest_B05_s5_w10296BEF4-0F48-4EC8-BC24-6C604871398B,image_fidelity,poisson,6.0,50,0,0.6863592843080377,0.8111518814549538,0.8461538461538461,55,16,4,71,59,12,0.2033898305084746,0.8147578336481723
IXMtest_B05_s5_w10296BEF4-0F48-4EC8-BC24-6C604871398B,image_fidelity,poisson,6.0,50,1,0.6957934294053233,0.8138298147508692,0.8549618320610687,56,16,3,72,59,13,0.22033898305084745,0.8233930554884822
IXMtest_B05_s5_w10296BEF4-0F48-4EC8-BC24-6C604871398B,image_fidelity,poisson,6.0,50,2,0.6532136478138444,0.8072734704114491,0.8091603053435115,53,19,6,72,59,13,0.22033898305084745,0.8042385092680632
IXMtest_B05_s5_w10296BEF4-0F48-4EC8-BC24-6C604871398B,image_fidelity,poisson,6.0,50,3,0.6838846153629756,0.806006868106364,0.8484848484848485,56,17,3,73,59,14,0.23728813559322035,0.8219320645627559
IXMtest_B05_s5_w10296BEF4-0F48-4EC8-BC24-6C604871398B,image_fidelity,poisson,6.0,200,0,0.7026546375797317,0.8281286800046838,0.8484848484848485,56,17,3,73,59,14,0.23728813559322035,0.8334397940231331
IXMtest_B05_s5_w10296BEF4-0F48-4EC8-BC24-6C604871398B,image_fidelity,poisson,6.0,200,1,0.7076196755617428,0.8276622990945385,0.8549618320610687,56,16,3,72,59,13,0.22033898305084745,0.8301757544917211
IXMtest_B05_s5_w10296BEF4-0F48-4EC8-BC24-6C604871398B,image_fidelity,poisson,6.0,200,2,0.696518057008571,0.8294896860738435,0.8396946564885496,55,17,4,72,59,13,0.22033898305084745,0.8272320460504268
IXMtest_B05_s5_w10296BEF4-0F48-4EC8-BC24-6C604871398B,image_fidelity,poisson,6.0,200,3,0.701857750328222,0.8271894914582616,0.8484848484848485,56,17,3,73,59,14,0.23728813559322035,0.8362768871305014
IXMtest_B05_s5_w10296BEF4-0F48-4EC8-BC24-6C604871398B,exact_task,deterministic,-6.0,100,-1,0.6899157850207658,0.815355018660905,0.8461538461538461,55,16,4,71,59,12,0.2033898305084746,0.8216389708546876
IXMtest_B05_s5_w10296BEF4-0F48-4EC8-BC24-6C604871398B,exact_task,deterministic,-4.0,100,-1,0.7135638910699325,0.8409860144752775,0.8484848484848485,56,17,3,73,59,14,0.23728813559322035,0.8376898208111939
IXMtest_B05_s5_w10296BEF4-0F48-4EC8-BC24-6C604871398B,exact_task,deterministic,-2.0,100,-1,0.7311955509805131,0.8617661850841761,0.8484848484848485,56,17,3,73,59,14,0.23728813559322035,0.8484792889758643
IXMtest_B05_s5_w10296BEF4-0F48-4EC8-BC24-6C604871398B,exact_task,deterministic,0.0,100,-1,0.7364778900942712,0.8679917990396768,0.8484848484848485,56,17,3,73,59,14,0.23728813559322035,0.8515261568595446
IXMtest_B05_s5_w10296BEF4-0F48-4EC8-BC24-6C604871398B,exact_task,deterministic,2.0,100,-1,0.7301841600093252,0.860574188582419,0.8484848484848485,56,17,3,73,59,14,0.23728813559322035,0.8478604257747613
IXMtest_B05_s5_w10296BEF4-0F48-4EC8-BC24-6C604871398B,exact_task,deterministic,4.0,100,-1,0.7127203895318331,0.8399918876625175,0.8484848484848485,56,17,3,73,59,14,0.23728813559322035,0.8370760162352893
IXMtest_B05_s5_w10296BEF4-0F48-4EC8-BC24-6C604871398B,exact_task,deterministic,6.0,100,-1,0.688494015588852,0.813674745695916,0.8461538461538461,55,16,4,71,59,12,0.2033898305084746,0.8205781256470783
IXMtest_B05_s5_w10296BEF4-0F48-4EC8-BC24-6C604871398B,exact_task,poisson,-6.0,50,0,0.6850784721909344,0.8074139136536013,0.8484848484848485,56,17,3,73,59,14,0.23728813559322035,0.8182214430313538
IXMtest_B05_s5_w10296BEF4-0F48-4EC8-BC24-6C604871398B,exact_task,poisson,-6.0,50,1,0.693875541868022,0.8115865712920615,0.8549618320610687,56,16,3,72,59,13,0.22033898305084745,0.8206111304751946
IXMtest_B05_s5_w10296BEF4-0F48-4EC8-BC24-6C604871398B,exact_task,poisson,-6.0,50,2,0.6908647067405285,0.8080649694911538,0.8549618320610687,56,16,3,72,59,13,0.22033898305084745,0.8213194214634716
IXMtest_B05_s5_w10296BEF4-0F48-4EC8-BC24-6C604871398B,exact_task,poisson,-6.0,50,3,0.6771307409541882,0.8064011551363515,0.8396946564885496,55,17,4,72,59,13,0.22033898305084745,0.8122056995173716
IXMtest_B05_s5_w10296BEF4-0F48-4EC8-BC24-6C604871398B,exact_task,poisson,-6.0,200,0,0.6933713694951466,0.8171876854764227,0.8484848484848485,56,17,3,73,59,14,0.23728813559322035,0.8277777230696511
IXMtest_B05_s5_w10296BEF4-0F48-4EC8-BC24-6C604871398B,exact_task,poisson,-6.0,200,1,0.6959820377099494,0.8202645444438689,0.8484848484848485,56,17,3,73,59,14,0.23728813559322035,0.8282474307989133
IXMtest_B05_s5_w10296BEF4-0F48-4EC8-BC24-6C604871398B,exact_task,poisson,-6.0,200,2,0.704157305414285,0.8236125625827798,0.8549618320610687,56,16,3,72,59,13,0.22033898305084745,0.8271614670581975
IXMtest_B05_s5_w10296BEF4-0F48-4EC8-BC24-6C604871398B,exact_task,poisson,-6.0,200,3,0.7052729008834652,0.8249174108547673,0.8549618320610687,56,16,3,72,59,13,0.22033898305084745,0.8288446199446583
IXMtest_B05_s5_w10296BEF4-0F48-4EC8-BC24-6C604871398B,exact_task,poisson,6.0,50,0,0.6857254709796594,0.8104028293395975,0.8461538461538461,55,16,4,71,59,12,0.2033898305084746,0.8129593372753121
IXMtest_B05_s5_w10296BEF4-0F48-4EC8-BC24-6C604871398B,exact_task,poisson,6.0,50,1,0.6738298581837122,0.8110914959618759,0.8307692307692308,54,17,5,71,59,12,0.2033898305084746,0.81199366060618
IXMtest_B05_s5_w10296BEF4-0F48-4EC8-BC24-6C604871398B,exact_task,poisson,6.0,50,2,0.6866522004557624,0.8092686648228627,0.8484848484848485,56,17,3,73,59,14,0.23728813559322035,0.8238734056710996
IXMtest_B05_s5_w10296BEF4-0F48-4EC8-BC24-6C604871398B,exact_task,poisson,6.0,50,3,0.681148254967036,0.8088635527733553,0.8421052631578947,56,18,3,74,59,15,0.2542372881355932,0.8223638886463094
IXMtest_B05_s5_w10296BEF4-0F48-4EC8-BC24-6C604871398B,exact_task,poisson,6.0,200,0,0.6965927266877375,0.8209842850248334,0.8484848484848485,56,17,3,73,59,14,0.23728813559322035,0.8301386138613861
IXMtest_B05_s5_w10296BEF4-0F48-4EC8-BC24-6C604871398B,exact_task,poisson,6.0,200,1,0.7015134377055245,0.8205201816019975,0.8549618320610687,56,16,3,72,59,13,0.22033898305084745,0.8245987617808274
IXMtest_B05_s5_w10296BEF4-0F48-4EC8-BC24-6C604871398B,exact_task,poisson,6.0,200,2,0.7055301183252188,0.825218263398247,0.8549618320610687,56,16,3,72,59,13,0.22033898305084745,0.8277693624220487
IXMtest_B05_s5_w10296BEF4-0F48-4EC8-BC24-6C604871398B,exact_task,poisson,6.0,200,3,0.7025609897179074,0.8217454433307667,0.8549618320610687,56,16,3,72,59,13,0.22033898305084745,0.8255106261448465
IXMtest_B05_s5_w10296BEF4-0F48-4EC8-BC24-6C604871398B,surrogate,deterministic,-6.0,100,-1,0.6930940589329808,0.834279885752662,0.8307692307692308,54,17,5,71,59,12,0.2033898305084746,0.8338509644841647
IXMtest_B05_s5_w10296BEF4-0F48-4EC8-BC24-6C604871398B,surrogate,deterministic,-4.0,100,-1,0.7199335040258362,0.8508305047578065,0.8461538461538461,55,16,4,71,59,12,0.2033898305084746,0.8398700250429455
IXMtest_B05_s5_w10296BEF4-0F48-4EC8-BC24-6C604871398B,surrogate,deterministic,-2.0,100,-1,0.7288709916363074,0.8590265258570765,0.8484848484848485,56,17,3,73,59,14,0.23728813559322035,0.8474417753560572
IXMtest_B05_s5_w10296BEF4-0F48-4EC8-BC24-6C604871398B,surrogate,deterministic,0.0,100,-1,0.7311843105949941,0.8617529374869574,0.8484848484848485,56,17,3,73,59,14,0.23728813559322035,0.8486720448680173
IXMtest_B05_s5_w10296BEF4-0F48-4EC8-BC24-6C604871398B,surrogate,deterministic,2.0,100,-1,0.7290409187245196,0.8592267970681837,0.8484848484848485,56,17,3,73,59,14,0.23728813559322035,0.8474893270990038
IXMtest_B05_s5_w10296BEF4-0F48-4EC8-BC24-6C604871398B,surrogate,deterministic,4.0,100,-1,0.7204887860815495,0.8514867471872858,0.8461538461538461,55,16,4,71,59,12,0.2033898305084746,0.8402023985678956
IXMtest_B05_s5_w10296BEF4-0F48-4EC8-BC24-6C604871398B,surrogate,deterministic,6.0,100,-1,0.6932472915723289,0.8344643324481736,0.8307692307692308,54,17,5,71,59,12,0.2033898305084746,0.8339991967362124
IXMtest_B05_s5_w10296BEF4-0F48-4EC8-BC24-6C604871398B,surrogate,poisson,-6.0,50,0,0.6969686778112665,0.8152044356542492,0.8549618320610687,56,16,3,72,59,13,0.22033898305084745,0.8260368105294784
IXMtest_B05_s5_w10296BEF4-0F48-4EC8-BC24-6C604871398B,surrogate,poisson,-6.0,50,1,0.6751036930956447,0.8039871254139042,0.8396946564885496,55,17,4,72,59,13,0.22033898305084745,0.8104363664548132
IXMtest_B05_s5_w10296BEF4-0F48-4EC8-BC24-6C604871398B,surrogate,poisson,-6.0,50,2,0.6898163818468594,0.8152375421826521,0.8461538461538461,55,16,4,71,59,12,0.2033898305084746,0.8165036304468919
IXMtest_B05_s5_w10296BEF4-0F48-4EC8-BC24-6C604871398B,surrogate,poisson,-6.0,50,3,0.6799992908266501,0.8098173372571924,0.8396946564885496,55,17,4,72,59,13,0.22033898305084745,0.8106903800141427
IXMtest_B05_s5_w10296BEF4-0F48-4EC8-BC24-6C604871398B,surrogate,poisson,-6.0,200,0,0.7004831388788483,0.8255694136786426,0.8484848484848485,56,17,3,73,59,14,0.23728813559322035,0.8269950951964379
IXMtest_B05_s5_w10296BEF4-0F48-4EC8-BC24-6C604871398B,surrogate,poisson,-6.0,200,1,0.7066947805812376,0.8265805022869832,0.8549618320610687,56,16,3,72,59,13,0.22033898305084745,0.8283587966608915
IXMtest_B05_s5_w10296BEF4-0F48-4EC8-BC24-6C604871398B,surrogate,poisson,-6.0,200,2,0.6867130246704078,0.8240556296044894,0.8333333333333334,55,18,4,73,59,14,0.23728813559322035,0.8306322105200934
IXMtest_B05_s5_w10296BEF4-0F48-4EC8-BC24-6C604871398B,surrogate,poisson,-6.0,200,3,0.6975270230941817,0.8220854200752855,0.8484848484848485,56,17,3,73,59,14,0.23728813559322035,0.832523077528687
IXMtest_B05_s5_w10296BEF4-0F48-4EC8-BC24-6C604871398B,surrogate,poisson,6.0,50,0,0.6769096692363041,0.8061378788177804,0.8396946564885496,55,17,4,72,59,13,0.22033898305084745,0.8085838588258298
IXMtest_B05_s5_w10296BEF4-0F48-4EC8-BC24-6C604871398B,surrogate,poisson,6.0,50,1,0.6993532317839135,0.8179935121758274,0.8549618320610687,56,16,3,72,59,13,0.22033898305084745,0.8255667081272358
IXMtest_B05_s5_w10296BEF4-0F48-4EC8-BC24-6C604871398B,surrogate,poisson,6.0,50,2,0.6618958498844301,0.8063094898592148,0.8208955223880597,55,20,4,75,59,16,0.2711864406779661,0.8234469380503778
IXMtest_B05_s5_w10296BEF4-0F48-4EC8-BC24-6C604871398B,surrogate,poisson,6.0,50,3,0.6806752454286008,0.8106223377376974,0.8396946564885496,55,17,4,72,59,13,0.22033898305084745,0.8136755447941889
IXMtest_B05_s5_w10296BEF4-0F48-4EC8-BC24-6C604871398B,surrogate,poisson,6.0,200,0,0.7067408961109867,0.8266344409869576,0.8549618320610687,56,16,3,72,59,13,0.22033898305084745,0.8310285945535124
IXMtest_B05_s5_w10296BEF4-0F48-4EC8-BC24-6C604871398B,surrogate,poisson,6.0,200,1,0.7107802926022564,0.8313590922401392,0.8549618320610687,56,16,3,72,59,13,0.22033898305084745,0.8349698145540138
IXMtest_B05_s5_w10296BEF4-0F48-4EC8-BC24-6C604871398B,surrogate,poisson,6.0,200,2,0.6994984712024729,0.8330390884320359,0.8396946564885496,55,17,4,72,59,13,0.22033898305084745,0.8238277549731607
IXMtest_B05_s5_w10296BEF4-0F48-4EC8-BC24-6C604871398B,surrogate,poisson,6.0,200,3,0.6905470782487138,0.8286564938984565,0.8333333333333334,55,18,4,73,59,14,0.23728813559322035,0.8343506256594322
IXMtest_C07_s5_w12C9F2926-A017-4962-8660-72C9C20C86E4,clear,deterministic,-6.0,100,-1,0.32931265492917244,0.7903503718300138,0.4166666666666667,20,7,49,27,69,42,0.6086956521739131,0.31905704015381614
IXMtest_C07_s5_w12C9F2926-A017-4962-8660-72C9C20C86E4,clear,deterministic,-4.0,100,-1,0.5143345978988972,0.8316899880918338,0.618421052631579,47,36,22,83,69,14,0.2028985507246377,0.7465865446459746
IXMtest_C07_s5_w12C9F2926-A017-4962-8660-72C9C20C86E4,clear,deterministic,-2.0,100,-1,0.5469234802992933,0.8399182018882004,0.6511627906976745,56,47,13,103,69,34,0.4927536231884058,0.8342319045644165
IXMtest_C07_s5_w12C9F2926-A017-4962-8660-72C9C20C86E4,clear,deterministic,0.0,100,-1,0.5480734755132967,0.8416842659668484,0.6511627906976745,56,47,13,103,69,34,0.4927536231884058,0.8352125805536417
IXMtest_C07_s5_w12C9F2926-A017-4962-8660-72C9C20C86E4,clear,deterministic,2.0,100,-1,0.5469234802992933,0.8399182018882004,0.6511627906976745,56,47,13,103,69,34,0.4927536231884058,0.8342319045644165
IXMtest_C07_s5_w12C9F2926-A017-4962-8660-72C9C20C86E4,clear,deterministic,4.0,100,-1,0.5143345978988972,0.8316899880918338,0.618421052631579,47,36,22,83,69,14,0.2028985507246377,0.7465865446459746
IXMtest_C07_s5_w12C9F2926-A017-4962-8660-72C9C20C86E4,clear,deterministic,6.0,100,-1,0.32931265492917244,0.7903503718300138,0.4166666666666667,20,7,49,27,69,42,0.6086956521739131,0.31905704015381614
IXMtest_C07_s5_w12C9F2926-A017-4962-8660-72C9C20C86E4,clear,poisson,-6.0,50,0,0.573912972405228,0.821483274227091,0.6986301369863014,51,26,18,77,69,8,0.11594202898550725,0.7531942657266615
IXMtest_C07_s5_w12C9F2926-A017-4962-8660-72C9C20C86E4,clear,poisson,-6.0,50,1,0.5891972457064084,0.8170942935739814,0.7210884353741497,53,25,16,78,69,9,0.13043478260869565,0.7436621739169424
IXMtest_C07_s5_w12C9F2926-A017-4962-8660-72C9C20C86E4,clear,poisson,-6.0,50,2,0.6011246304453276,0.8050776300607067,0.7466666666666667,56,25,13,81,69,12,0.17391304347826086,0.7636363636363637
IXMtest_C07_s5_w12C9F2926-A017-4962-8660-72C9C20C86E4,clear,poisson,-6.0,50,3,0.544771716441153,0.8066811954993995,0.6753246753246753,52,33,17,85,69,16,0.2318840579710145,0.7449342777601579
IXMtest_C07_s5_w12C9F2926-A017-4962-8660-72C9C20C86E4,clear,poisson,-6.0,200,0,0.5824649355423861,0.8379320125346608,0.6951219512195121,57,38,12,95,69,26,0.37681159420289856,0.8145707336313437
IXMtest_C07_s5_w12C9F2926-A017-4962-8660-72C9C20C86E4,clear,poisson,-6.0,200,1,0.5905053714967484,0.8339593404471622,0.7080745341614907,57,35,12,92,69,23,0.3333333333333333,0.8137067808898407
IXMtest_C07_s5_w12C9F2926-A017-4962-8660-72C9C20C86E4,clear,poisson,-6.0,200,2,0.5894415331639846,0.8324569021000133,0.7080745341614907,57,35,12,92,69,23,0.3333333333333333,0.8101762880508482
IXMtest_C07_s5_w12C9F2926-A017-4962-8660-72C9C20C86E4,clear,poisson,-6.0,200,3,0.6010640350828242,0.8290538414935507,0.725,58,33,11,91,69,22,0.3188405797101449,0.8038083864118896
IXMtest_C07_s5_w12C9F2926-A017-4962-8660-72C9C20C86E4,clear,poisson,6.0,50,0,0.5648942163713468,0.8147512736125194,0.6933333333333334,52,29,17,81,69,12,0.17391304347826086,0.7458484199769185
IXMtest_C07_s5_w12C9F2926-A017-4962-8660-72C9C20C86E4,clear,poisson,6.0,50,1,0.5605413924737399,0.8183904330116603,0.684931506849315,50,27,19,77,69,8,0.11594202898550725,0.735349476960944
IXMtest_C07_s5_w12C9F2926-A017-4962-8660-72C9C20C86E4,clear,poisson,6.0,50,2,0.5443499720139884,0.8058514291579633,0.6754966887417219,51,31,18,82,69,13,0.18840579710144928,0.7405797869521438
IXMtest_C07_s5_w12C9F2926-A017-4962-8660-72C9C20C86E4,clear,poisson,6.0,50,3,0.5787128569119194,0.8037678568221103,0.72,54,27,15,81,69,12,0.17391304347826086,0.7675598035217137
IXMtest_C07_s5_w12C9F2926-A017-4962-8660-72C9C20C86E4,clear,poisson,6.0,200,0,0.6117597760669775,0.827985214159616,0.7388535031847133,58,30,11,88,69,19,0.2753623188405797,0.7855770451563756
IXMtest_C07_s5_w12C9F2926-A017-4962-8660-72C9C20C86E4,clear,poisson,6.0,200,1,0.5989265568641556,0.8364319156206312,0.7160493827160493,58,35,11,93,69,24,0.34782608695652173,0.8059713823072602
IXMtest_C07_s5_w12C9F2926-A017-4962-8660-72C9C20C86E4,clear,poisson,6.0,200,2,0.5746975788639197,0.8306992276305748,0.6918238993710691,55,35,14,90,69,21,0.30434782608695654,0.8269462744734156
IXMtest_C07_s5_w12C9F2926-A017-4962-8660-72C9C20C86E4,clear,poisson,6.0,200,3,0.595438846730948,0.835703644534664,0.7125,57,34,12,91,69,22,0.3188405797101449,0.7913309902072915
IXMtest_C07_s5_w12C9F2926-A017-4962-8660-72C9C20C86E4,cubic,deterministic,-6.0,100,-1,0.32931265492917244,0.7903503718300138,0.4166666666666667,20,7,49,27,69,42,0.6086956521739131,0.31905704015381614
IXMtest_C07_s5_w12C9F2926-A017-4962-8660-72C9C20C86E4,cubic,deterministic,-4.0,100,-1,0.5143345978988972,0.8316899880918338,0.618421052631579,47,36,22,83,69,14,0.2028985507246377,0.7465865446459746
IXMtest_C07_s5_w12C9F2926-A017-4962-8660-72C9C20C86E4,cubic,deterministic,-2.0,100,-1,0.5469234802992933,0.8399182018882004,0.6511627906976745,56,47,13,103,69,34,0.4927536231884058,0.8342319045644165
IXMtest_C07_s5_w12C9F2926-A017-4962-8660-72C9C20C86E4,cubic,deterministic,0.0,100,-1,0.5480734755132967,0.8416842659668484,0.6511627906976745,56,47,13,103,69,34,0.4927536231884058,0.8352125805536417
IXMtest_C07_s5_w12C9F2926-A017-4962-8660-72C9C20C86E4,cubic,deterministic,2.0,100,-1,0.5469234802992933,0.8399182018882004,0.6511627906976745,56,47,13,103,69,34,0.4927536231884058,0.8342319045644165
IXMtest_C07_s5_w12C9F2926-A017-4962-8660-72C9C20C86E4,cubic,deterministic,4.0,100,-1,0.5143345978988972,0.8316899880918338,0.618421052631579,47,36,22,83,69,14,0.2028985507246377,0.7465865446459746
IXMtest_C07_s5_w12C9F2926-A017-4962-8660-72C9C20C86E4,cubic,deterministic,6.0,100,-1,0.32931265492917244,0.7903503718300138,0.4166666666666667,20,7,49,27,69,42,0.6086956521739131,0.31905704015381614
IXMtest_C07_s5_w12C9F2926-A017-4962-8660-72C9C20C86E4,cubic,poisson,-6.0,50,0,0.573912972405228,0.821483274227091,0.6986301369863014,51,26,18,77,69,8,0.11594202898550725,0.7531942657266615
IXMtest_C07_s5_w12C9F2926-A017-4962-8660-72C9C20C86E4,cubic,poisson,-6.0,50,1,0.5891972457064084,0.8170942935739814,0.7210884353741497,53,25,16,78,69,9,0.13043478260869565,0.7436621739169424
IXMtest_C07_s5_w12C9F2926-A017-4962-8660-72C9C20C86E4,cubic,poisson,-6.0,50,2,0.6011246304453276,0.8050776300607067,0.7466666666666667,56,25,13,81,69,12,0.17391304347826086,0.7636363636363637
IXMtest_C07_s5_w12C9F2926-A017-4962-8660-72C9C20C86E4,cubic,poisson,-6.0,50,3,0.544771716441153,0.8066811954993995,0.6753246753246753,52,33,17,85,69,16,0.2318840579710145,0.7449342777601579
IXMtest_C07_s5_w12C9F2926-A017-4962-8660-72C9C20C86E4,cubic,poisson,-6.0,200,0,0.5824649355423861,0.8379320125346608,0.6951219512195121,57,38,12,95,69,26,0.37681159420289856,0.8145707336313437
IXMtest_C07_s5_w12C9F2926-A017-4962-8660-72C9C20C86E4,cubic,poisson,-6.0,200,1,0.5905053714967484,0.8339593404471622,0.7080745341614907,57,35,12,92,69,23,0.3333333333333333,0.8137067808898407
IXMtest_C07_s5_w12C9F2926-A017-4962-8660-72C9C20C86E4,cubic,poisson,-6.0,200,2,0.5894415331639846,0.8324569021000133,0.7080745341614907,57,35,12,92,69,23,0.3333333333333333,0.8101762880508482
IXMtest_C07_s5_w12C9F2926-A017-4962-8660-72C9C20C86E4,cubic,poisson,-6.0,200,3,0.6010640350828242,0.8290538414935507,0.725,58,33,11,91,69,22,0.3188405797101449,0.8038083864118896
IXMtest_C07_s5_w12C9F2926-A017-4962-8660-72C9C20C86E4,cubic,poisson,6.0,50,0,0.5648942163713468,0.8147512736125194,0.6933333333333334,52,29,17,81,69,12,0.17391304347826086,0.7458484199769185
IXMtest_C07_s5_w12C9F2926-A017-4962-8660-72C9C20C86E4,cubic,poisson,6.0,50,1,0.5605413924737399,0.8183904330116603,0.684931506849315,50,27,19,77,69,8,0.11594202898550725,0.735349476960944
IXMtest_C07_s5_w12C9F2926-A017-4962-8660-72C9C20C86E4,cubic,poisson,6.0,50,2,0.5443499720139884,0.8058514291579633,0.6754966887417219,51,31,18,82,69,13,0.18840579710144928,0.7405797869521438
IXMtest_C07_s5_w12C9F2926-A017-4962-8660-72C9C20C86E4,cubic,poisson,6.0,50,3,0.5787128569119194,0.8037678568221103,0.72,54,27,15,81,69,12,0.17391304347826086,0.7675598035217137
IXMtest_C07_s5_w12C9F2926-A017-4962-8660-72C9C20C86E4,cubic,poisson,6.0,200,0,0.6117597760669775,0.827985214159616,0.7388535031847133,58,30,11,88,69,19,0.2753623188405797,0.7855770451563756
IXMtest_C07_s5_w12C9F2926-A017-4962-8660-72C9C20C86E4,cubic,poisson,6.0,200,1,0.5989265568641556,0.8364319156206312,0.7160493827160493,58,35,11,93,69,24,0.34782608695652173,0.8059713823072602
IXMtest_C07_s5_w12C9F2926-A017-4962-8660-72C9C20C86E4,cubic,poisson,6.0,200,2,0.5746975788639197,0.8306992276305748,0.6918238993710691,55,35,14,90,69,21,0.30434782608695654,0.8269462744734156
IXMtest_C07_s5_w12C9F2926-A017-4962-8660-72C9C20C86E4,cubic,poisson,6.0,200,3,0.595438846730948,0.835703644534664,0.7125,57,34,12,91,69,22,0.3188405797101449,0.7913309902072915
IXMtest_C07_s5_w12C9F2926-A017-4962-8660-72C9C20C86E4,image_fidelity,deterministic,-6.0,100,-1,0.32915968370519316,0.7899832408924635,0.4166666666666667,20,7,49,27,69,42,0.6086956521739131,0.3189912219590358
IXMtest_C07_s5_w12C9F2926-A017-4962-8660-72C9C20C86E4,image_fidelity,deterministic,-4.0,100,-1,0.5224976560188733,0.8327306392800793,0.6274509803921569,48,36,21,84,69,15,0.21739130434782608,0.7539097806140616
IXMtest_C07_s5_w12C9F2926-A017-4962-8660-72C9C20C86E4,image_fidelity,deterministic,-2.0,100,-1,0.5470313725592165,0.8400838935730824,0.6511627906976745,56,47,13,103,69,34,0.4927536231884058,0.8343579234972678
IXMtest_C07_s5_w12C9F2926-A017-4962-8660-72C9C20C86E4,image_fidelity,deterministic,0.0,100,-1,0.5482401284905883,0.841940197324832,0.6511627906976745,56,47,13,103,69,34,0.4927536231884058,0.8352694169051306
IXMtest_C07_s5_w12C9F2926-A017-4962-8660-72C9C20C86E4,image_fidelity,deterministic,2.0,100,-1,0.5473274680921619,0.8405386117129628,0.6511627906976745,56,47,13,103,69,34,0.4927536231884058,0.8344134986785932
IXMtest_C07_s5_w12C9F2926-A017-4962-8660-72C9C20C86E4,image_fidelity,deterministic,4.0,100,-1,0.5141831389332095,0.8314450757217856,0.618421052631579,47,36,22,83,69,14,0.2028985507246377,0.7464645072363887
IXMtest_C07_s5_w12C9F2926-A017-4962-8660-72C9C20C86E4,image_fidelity,deterministic,6.0,100,-1,0.32914804989930124,0.789955319758323,0.4166666666666667,20,7,49,27,69,42,0.6086956521739131,0.3189811331271075
IXMtest_C07_s5_w12C9F2926-A017-4962-8660-72C9C20C86E4,image_fidelity,poisson,-6.0,50,0,0.5614744859043304,0.8006210261969154,0.7012987012987013,54,31,15,85,69,16,0.2318840579710145,0.7350676052411486
IXMtest_C07_s5_w12C9F2926-A017-4962-8660-72C9C20C86E4,image_fidelity,poisson,-6.0,50,1,0.5421086467049361,0.8078481794034342,0.6710526315789473,51,32,18,83,69,14,0.2028985507246377,0.730361270025397
IXMtest_C07_s5_w12C9F2926-A017-4962-8660-72C9C20C86E4,image_fidelity,poisson,-6.0,50,2,0.5461533669160373,0.8034756263284011,0.6797385620915033,52,32,17,84,69,15,0.21739130434782608,0.7524479430296895
IXMtest_C07_s5_w12C9F2926-A017-4962-8660-72C9C20C86E4,image_fidelity,poisson,-6.0,50,3,0.5780855205607103,0.8180455479632693,0.7066666666666667,53,28,16,81,69,12,0.17391304347826086,0.7580966971888695
IXMtest_C07_s5_w12C9F2926-A017-4962-8660-72C9C20C86E4,image_fidelity,poisson,-6.0,200,0,0.5855675696988768,0.8321223358878777,0.7037037037037037,57,36,12,93,69,24,0.34782608695652173,0.8160019919492053
IXMtest_C07_s5_w12C9F2926-A017-4962-8660-72C9C20C86E4,image_fidelity,poisson,-6.0,200,1,0.5992880452978444,0.832908808719038,0.7195121951219512,59,36,10,95,69,26,0.37681159420289856,0.8100170016344567
IXMtest_C07_s5_w12C9F2926-A017-4962-8660-72C9C20C86E4,image_fidelity,poisson,-6.0,200,2,0.5913213405716156,0.8351117178248254,0.7080745341614907,57,35,12,92,69,23,0.3333333333333333,0.8170497604620495
IXMtest_C07_s5_w12C9F2926-A017-4962-8660-72C9C20C86E4,image_fidelity,poisson,-6.0,200,3,0.5995643082837198,0.8321539106351628,0.7204968944099379,58,34,11,92,69,23,0.3333333333333333,0.817221258476581
IXMtest_C07_s5_w12C9F2926-A017-4962-8660-72C9C20C86E4,image_fidelity,poisson,6.0,50,0,0.5393145585388044,0.8199782573702229,0.6577181208053692,49,31,20,80,69,11,0.15942028985507245,0.7396453411867911
IXMtest_C07_s5_w12C9F2926-A017-4962-8660-72C9C20C86E4,image_fidelity,poisson,6.0,50,1,0.564783225133394,0.8045496886334197,0.7019867549668874,53,29,16,82,69,13,0.18840579710144928,0.7640554540721326
IXMtest_C07_s5_w12C9F2926-A017-4962-8660-72C9C20C86E4,image_fidelity,poisson,6.0,50,2,0.5633411572014047,0.8179280263212702,0.6887417218543046,52,30,17,82,69,13,0.18840579710144928,0.7426677310749367
IXMtest_C07_s5_w12C9F2926-A017-4962-8660-72C9C20C86E4,image_fidelity,poisson,6.0,50,3,0.5641703223763719,0.8124052642219755,0.6944444444444444,50,25,19,75,69,6,0.08695652173913043,0.7299054806565064
IXMtest_C07_s5_w12C9F2926-A017-4962-8660-72C9C20C86E4,image_fidelity,poisson,6.0,200,0,0.599723876999116,0.8323753810073937,0.7204968944099379,58,34,11,92,69,23,0.3333333333333333,0.8125591512112508
IXMtest_C07_s5_w12C9F2926-A017-4962-8660-72C9C20C86E4,image_fidelity,poisson,6.0,200,1,0.5844823859125993,0.8263371662902266,0.7073170731707317,58,37,11,95,69,26,0.37681159420289856,0.8143994598555773
IXMtest_C07_s5_w12C9F2926-A017-4962-8660-72C9C20C86E4,image_fidelity,poisson,6.0,200,2,0.5897696699339136,0.838093741485035,0.7037037037037037,57,36,12,93,69,24,0.34782608695652173,0.8171658986175115
IXMtest_C07_s5_w12C9F2926-A017-4962-8660-72C9C20C86E4,image_fidelity,poisson,6.0,200,3,0.5752573000156025,0.8372048205584216,0.6871165644171779,56,38,13,94,69,25,0.36231884057971014,0.8089990817263545
IXMtest_C07_s5_w12C9F2926-A017-4962-8660-72C9C20C86E4,exact_task,deterministic,-6.0,100,-1,0.5077981043630235,0.8003339688330263,0.6344827586206897,46,30,23,76,69,7,0.10144927536231885,0.710165165888188
IXMtest_C07_s5_w12C9F2926-A017-4962-8660-72C9C20C86E4,exact_task,deterministic,-4.0,100,-1,0.5406954049803214,0.8307047585606756,0.650887573964497,55,45,14,100,69,31,0.4492753623188406,0.8168651324591919
IXMtest_C07_s5_w12C9F2926-A017-4962-8660-72C9C20C86E4,exact_task,deterministic,-2.0,100,-1,0.5574134385406184,0.8460739692134387,0.6588235294117647,56,45,13,101,69,32,0.463768115942029,0.8366851995446521
IXMtest_C07_s5_w12C9F2926-A017-4962-8660-72C9C20C86E4,exact_task,deterministic,0.0,100,-1,0.5628436560284252,0.8543162636145739,0.6588235294117647,56,45,13,101,69,32,0.463768115942029,0.8408498994494445
IXMtest_C07_s5_w12C9F2926-A017-4962-8660-72C9C20C86E4,exact_task,deterministic,2.0,100,-1,0.5509928566320558,0.8515344147949953,0.6470588235294118,55,46,14,101,69,32,0.463768115942029,0.8364823424671085
IXMtest_C07_s5_w12C9F2926-A017-4962-8660-72C9C20C86E4,exact_task,deterministic,4.0,100,-1,0.5374317162988804,0.8305762888255425,0.6470588235294118,55,46,14,101,69,32,0.463768115942029,0.8234523473905906
IXMtest_C07_s5_w12C9F2926-A017-4962-8660-72C9C20C86E4,exact_task,deterministic,6.0,100,-1,0.5143377522214521,0.7988650194077873,0.6438356164383562,47,30,22,77,69,8,0.11594202898550725,0.7162172499521897
IXMtest_C07_s5_w12C9F2926-A017-4962-8660-72C9C20C86E4,exact_task,poisson,-6.0,50,0,0.5637580683866646,0.808407796177104,0.6973684210526315,53,30,16,83,69,14,0.2028985507246377,0.7469442239070311
IXMtest_C07_s5_w12C9F2926-A017-4962-8660-72C9C20C86E4,exact_task,poisson,-6.0,50,1,0.573821246354522,0.8033497448963309,0.7142857142857143,55,30,14,85,69,16,0.2318840579710145,0.7696726914058782
IXMtest_C07_s5_w12C9F2926-A017-4962-8660-72C9C20C86E4,exact_task,poisson,-6.0,50,2,0.5922773524349477,0.8130352747061554,0.7284768211920529,55,27,14,82,69,13,0.18840579710144928,0.7672727272727272
IXMtest_C07_s5_w12C9F2926-A017-4962-8660-72C9C20C86E4,exact_task,poisson,-6.0,50,3,0.5750808687602352,0.8183843132357194,0.7027027027027027,52,27,17,79,69,10,0.14492753623188406,0.7441736630043132
IXMtest_C07_s5_w12C9F2926-A017-4962-8660-72C9C20C86E4,exact_task,poisson,-6.0,200,0,0.5736959356043358,0.8259243210855525,0.6946107784431138,58,40,11,98,69,29,0.42028985507246375,0.8234850974137862
IXMtest_C07_s5_w12C9F2926-A017-4962-8660-72C9C20C86E4,exact_task,poisson,-6.0,200,1,0.549997180225685,0.8249957703385274,0.6666666666666666,56,43,13,99,69,30,0.43478260869565216,0.8139722361059607
IXMtest_C07_s5_w12C9F2926-A017-4962-8660-72C9C20C86E4,exact_task,poisson,-6.0,200,2,0.5905881767248236,0.8208174659565344,0.7195121951219512,59,36,10,95,69,26,0.37681159420289856,0.8114835034804677
IXMtest_C07_s5_w12C9F2926-A017-4962-8660-72C9C20C86E4,exact_task,poisson,-6.0,200,3,0.5834354217261476,0.824856975543864,0.7073170731707317,58,37,11,95,69,26,0.37681159420289856,0.8204849830264043
IXMtest_C07_s5_w12C9F2926-A017-4962-8660-72C9C20C86E4,exact_task,poisson,6.0,50,0,0.5811099804383097,0.815789010999935,0.7123287671232876,52,25,17,77,69,8,0.11594202898550725,0.7415995107209671
IXMtest_C07_s5_w12C9F2926-A017-4962-8660-72C9C20C86E4,exact_task,poisson,6.0,50,1,0.5260295882928627,0.7995649742051514,0.6578947368421053,50,33,19,83,69,14,0.2028985507246377,0.7287987285487241
IXMtest_C07_s5_w12C9F2926-A017-4962-8660-72C9C20C86E4,exact_task,poisson,6.0,50,2,0.5738881867036265,0.8175199640778076,0.7019867549668874,53,29,16,82,69,13,0.18840579710144928,0.7428751487991037
IXMtest_C07_s5_w12C9F2926-A017-4962-8660-72C9C20C86E4,exact_task,poisson,6.0,50,3,0.5476985460244137,0.8161782254481459,0.6710526315789473,51,32,18,83,69,14,0.2028985507246377,0.7603004461116418
IXMtest_C07_s5_w12C9F2926-A017-4962-8660-72C9C20C86E4,exact_task,poisson,6.0,200,0,0.5848204561684672,0.8128013119629545,0.7195121951219512,59,36,10,95,69,26,0.37681159420289856,0.8085223501222335
IXMtest_C07_s5_w12C9F2926-A017-4962-8660-72C9C20C86E4,exact_task,poisson,6.0,200,1,0.5877391801177804,0.821838684062998,0.7151515151515152,59,37,10,96,69,27,0.391304347826087,0.8175241547848322
IXMtest_C07_s5_w12C9F2926-A017-4962-8660-72C9C20C86E4,exact_task,poisson,6.0,200,2,0.5955934826891244,0.8139777596751366,0.7317073170731707,60,35,9,95,69,26,0.37681159420289856,0.8160034923765946
IXMtest_C07_s5_w12C9F2926-A017-4962-8660-72C9C20C86E4,exact_task,poisson,6.0,200,3,0.5471726386529584,0.8207589579794377,0.6666666666666666,56,43,13,99,69,30,0.43478260869565216,0.8214173329998306
IXMtest_C07_s5_w12C9F2926-A017-4962-8660-72C9C20C86E4,surrogate,deterministic,-6.0,100,-1,0.35458764103000695,0.7897633822941064,0.4489795918367347,22,7,47,29,69,40,0.5797101449275363,0.34704869180085846
IXMtest_C07_s5_w12C9F2926-A017-4962-8660-72C9C20C86E4,surrogate,deterministic,-4.0,100,-1,0.5165209526900577,0.8274876486973374,0.6242038216560509,49,39,20,88,69,19,0.2753623188405797,0.765322976652828
IXMtest_C07_s5_w12C9F2926-A017-4962-8660-72C9C20C86E4,surrogate,deterministic,-2.0,100,-1,0.548283309415103,0.8420065108874795,0.6511627906976745,56,47,13,103,69,34,0.4927536231884058,0.8350656321670814
IXMtest_C07_s5_w12C9F2926-A017-4962-8660-72C9C20C86E4,surrogate,deterministic,0.0,100,-1,0.550393122339652,0.8452465807358942,0.6511627906976745,56,47,13,103,69,34,0.4927536231884058,0.8367315503165814
IXMtest_C07_s5_w12C9F2926-A017-4962-8660-72C9C20C86E4,surrogate,deterministic,2.0,100,-1,0.5481653859860767,0.8418254141929035,0.6511627906976745,56,47,13,103,69,34,0.4927536231884058,0.8349394553010158
IXMtest_C07_s5_w12C9F2926-A017-4962-8660-72C9C20C86E4,surrogate,deterministic,4.0,100,-1,0.5199684951559277,0.8277049514727012,0.6282051282051282,49,38,20,87,69,18,0.2608695652173913,0.7604789882046912
IXMtest_C07_s5_w12C9F2926-A017-4962-8660-72C9C20C86E4,surrogate,deterministic,6.0,100,-1,0.35085300022249327,0.7894192505006099,0.4444444444444444,22,8,47,30,69,39,0.5652173913043478,0.34374364880428154
IXMtest_C07_s5_w12C9F2926-A017-4962-8660-72C9C20C86E4,surrogate,poisson,-6.0,50,0,0.5816140695068368,0.803684896045811,0.7236842105263158,55,28,14,83,69,14,0.2028985507246377,0.777636969654885
IXMtest_C07_s5_w12C9F2926-A017-4962-8660-72C9C20C86E4,surrogate,poisson,-6.0,50,1,0.565581247835511,0.8064769645061916,0.7012987012987013,54,31,15,85,69,16,0.2318840579710145,0.7664087478663212
IXMtest_C07_s5_w12C9F2926-A017-4962-8660-72C9C20C86E4,surrogate,poisson,-6.0,50,2,0.61398166691634,0.8149211215435059,0.7534246575342466,55,22,14,77,69,8,0.11594202898550725,0.7730562190296246
IXMtest_C07_s5_w12C9F2926-A017-4962-8660-72C9C20C86E4,surrogate,poisson,-6.0,50,3,0.5565285751155218,0.8137917843670367,0.6838709677419355,53,33,16,86,69,17,0.2463768115942029,0.7518205247954612
IXMtest_C07_s5_w12C9F2926-A017-4962-8660-72C9C20C86E4,surrogate,poisson,-6.0,200,0,0.5905728688136747,0.8298567035916291,0.7116564417177914,58,36,11,94,69,25,0.36231884057971014,0.8265134300053949
IXMtest_C07_s5_w12C9F2926-A017-4962-8660-72C9C20C86E4,surrogate,poisson,-6.0,200,1,0.5978834485695714,0.824666825613202,0.725,58,33,11,91,69,22,0.3188405797101449,0.8213934653481983
IXMtest_C07_s5_w12C9F2926-A017-4962-8660-72C9C20C86E4,surrogate,poisson,-6.0,200,2,0.6017086565513806,0.8286689392856733,0.7261146496815286,57,31,12,88,69,19,0.2753623188405797,0.8095717075067409
IXMtest_C07_s5_w12C9F2926-A017-4962-8660-72C9C20C86E4,surrogate,poisson,-6.0,200,3,0.5936929155664848,0.8291228648428495,0.7160493827160493,58,35,11,93,69,24,0.34782608695652173,0.8187051193917357
IXMtest_C07_s5_w12C9F2926-A017-4962-8660-72C9C20C86E4,surrogate,poisson,6.0,50,0,0.602127790784988,0.8046616840490294,0.7482993197278912,55,23,14,78,69,9,0.13043478260869565,0.7626748676617443
IXMtest_C07_s5_w12C9F2926-A017-4962-8660-72C9C20C86E4,surrogate,poisson,6.0,50,1,0.5680551531576771,0.8247723858347041,0.6887417218543046,52,30,17,82,69,13,0.18840579710144928,0.761649601216687
IXMtest_C07_s5_w12C9F2926-A017-4962-8660-72C9C20C86E4,surrogate,poisson,6.0,50,2,0.5843837391532286,0.817055042704977,0.7152317880794702,54,28,15,82,69,13,0.18840579710144928,0.759715065435554
IXMtest_C07_s5_w12C9F2926-A017-4962-8660-72C9C20C86E4,surrogate,poisson,6.0,50,3,0.5758664261909919,0.8177303251912085,0.704225352112676,50,23,19,73,69,4,0.057971014492753624,0.7139365661278676
IXMtest_C07_s5_w12C9F2926-A017-4962-8660-72C9C20C86E4,surrogate,poisson,6.0,200,0,0.5990946892422032,0.831502111793058,0.7204968944099379,58,34,11,92,69,23,0.3333333333333333,0.8089595925353266
IXMtest_C07_s5_w12C9F2926-A017-4962-8660-72C9C20C86E4,surrogate,poisson,6.0,200,1,0.5793170453076314,0.8283217402205607,0.6993865030674846,57,37,12,94,69,25,0.36231884057971014,0.8248306922987764
IXMtest_C07_s5_w12C9F2926-A017-4962-8660-72C9C20C86E4,surrogate,poisson,6.0,200,2,0.60083117388356,0.8287326536324965,0.725,58,33,11,91,69,22,0.3188405797101449,0.8068620730014882
IXMtest_C07_s5_w12C9F2926-A017-4962-8660-72C9C20C86E4,surrogate,poisson,6.0,200,3,0.5801458039777363,0.8295067197225529,0.6993865030674846,57,37,12,94,69,25,0.36231884057971014,0.8097252108530583
IXMtest_C14_s8_w1612E3D43-FA7E-4FFB-BE53-F34A3A0CAFCD,clear,deterministic,-6.0,100,-1,0.5880583362375528,0.8190812540451627,0.717948717948718,56,29,15,85,71,14,0.19718309859154928,0.8570061134740246
IXMtest_C14_s8_w1612E3D43-FA7E-4FFB-BE53-F34A3A0CAFCD,clear,deterministic,-4.0,100,-1,0.5861287815839099,0.838061328054187,0.6993865030674846,57,35,14,92,71,21,0.29577464788732394,0.8851102782431476
IXMtest_C14_s8_w1612E3D43-FA7E-4FFB-BE53-F34A3A0CAFCD,clear,deterministic,-2.0,100,-1,0.6172459272092488,0.8421745278024496,0.7329192546583851,59,31,12,90,71,19,0.2676056338028169,0.8948737854138763
IXMtest_C14_s8_w1612E3D43-FA7E-4FFB-BE53-F34A3A0CAFCD,clear,deterministic,0.0,100,-1,0.6317934749666438,0.8423912999555251,0.75,60,29,11,89,71,18,0.2535211267605634,0.8948464163822526
IXMtest_C14_s8_w1612E3D43-FA7E-4FFB-BE53-F34A3A0CAFCD,clear,deterministic,2.0,100,-1,0.6172459272092488,0.8421745278024496,0.7329192546583851,59,31,12,90,71,19,0.2676056338028169,0.8948737854138763
IXMtest_C14_s8_w1612E3D43-FA7E-4FFB-BE53-F34A3A0CAFCD,clear,deterministic,4.0,100,-1,0.5861287815839099,0.838061328054187,0.6993865030674846,57,35,14,92,71,21,0.29577464788732394,0.8851102782431476
IXMtest_C14_s8_w1612E3D43-FA7E-4FFB-BE53-F34A3A0CAFCD,clear,deterministic,6.0,100,-1,0.5880583362375528,0.8190812540451627,0.717948717948718,56,29,15,85,71,14,0.19718309859154928,0.8570061134740246
IXMtest_C14_s8_w1612E3D43-FA7E-4FFB-BE53-F34A3A0CAFCD,clear,poisson,-6.0,50,0,0.5904296582053202,0.8092958246090165,0.7295597484276729,58,30,13,88,71,17,0.23943661971830985,0.8612626208774534
IXMtest_C14_s8_w1612E3D43-FA7E-4FFB-BE53-F34A3A0CAFCD,clear,poisson,-6.0,50,1,0.6057136965441359,0.8059072064188927,0.7515923566878981,59,27,12,86,71,15,0.2112676056338028,0.858071914161684
IXMtest_C14_s8_w1612E3D43-FA7E-4FFB-BE53-F34A3A0CAFCD,clear,poisson,-6.0,50,2,0.597087762883643,0.8096105259439227,0.7375,59,30,12,89,71,18,0.2535211267605634,0.867197480375694
IXMtest_C14_s8_w1612E3D43-FA7E-4FFB-BE53-F34A3A0CAFCD,clear,poisson,-6.0,50,3,0.6228172363441331,0.8014943123444992,0.7770700636942676,61,25,10,86,71,15,0.2112676056338028,0.8569135387916561
IXMtest_C14_s8_w1612E3D43-FA7E-4FFB-BE53-F34A3A0CAFCD,clear,poisson,-6.0,200,0,0.6189112278436523,0.8200573768928392,0.7547169811320755,60,28,11,88,71,17,0.23943661971830985,0.8851349136093899
IXMtest_C14_s8_w1612E3D43-FA7E-4FFB-BE53-F34A3A0CAFCD,clear,poisson,-6.0,200,1,0.6114081724123404,0.829028030389614,0.7375,59,30,12,89,71,18,0.2535211267605634,0.8858057630736392
IXMtest_C14_s8_w1612E3D43-FA7E-4FFB-BE53-F34A3A0CAFCD,clear,poisson,-6.0,200,2,0.6254047415544279,0.8234495763799967,0.759493670886076,60,27,11,87,71,16,0.22535211267605634,0.884948791478902
IXMtest_C14_s8_w1612E3D43-FA7E-4FFB-BE53-F34A3A0CAFCD,clear,poisson,-6.0,200,3,0.6210981182905567,0.8316398533043047,0.7468354430379747,59,28,12,87,71,16,0.22535211267605634,0.8806356487549148
IXMtest_C14_s8_w1612E3D43-FA7E-4FFB-BE53-F34A3A0CAFCD,clear,poisson,6.0,50,0,0.6091644808836594,0.8104985042265638,0.7515923566878981,59,27,12,86,71,15,0.2112676056338028,0.8677048203101395
IXMtest_C14_s8_w1612E3D43-FA7E-4FFB-BE53-F34A3A0CAFCD,clear,poisson,6.0,50,1,0.6156996922054523,0.8055404306354668,0.7643312101910829,60,26,11,86,71,15,0.2112676056338028,0.8631069231775945
IXMtest_C14_s8_w1612E3D43-FA7E-4FFB-BE53-F34A3A0CAFCD,clear,poisson,6.0,50,2,0.6112027730230947,0.8132104691917446,0.7515923566878981,59,27,12,86,71,15,0.2112676056338028,0.8558652433971398
IXMtest_C14_s8_w1612E3D43-FA7E-4FFB-BE53-F34A3A0CAFCD,clear,poisson,6.0,50,3,0.6203221808774854,0.806418835140731,0.7692307692307693,60,25,11,85,71,14,0.19718309859154928,0.8621287189124546
IXMtest_C14_s8_w1612E3D43-FA7E-4FFB-BE53-F34A3A0CAFCD,clear,poisson,6.0,200,0,0.6008263965264689,0.8287260641744398,0.725,58,31,13,89,71,18,0.2535211267605634,0.882839927499551
IXMtest_C14_s8_w1612E3D43-FA7E-4FFB-BE53-F34A3A0CAFCD,clear,poisson,6.0,200,1,0.6162689931490122,0.8216919908653496,0.75,60,29,11,89,71,18,0.2535211267605634,0.8823953115280097
IXMtest_C14_s8_w1612E3D43-FA7E-4FFB-BE53-F34A3A0CAFCD,clear,poisson,6.0,200,2,0.6143801550035196,0.8242933746297221,0.7453416149068323,60,30,11,90,71,19,0.2676056338028169,0.8810238996996212
IXMtest_C14_s8_w1612E3D43-FA7E-4FFB-BE53-F34A3A0CAFCD,clear,poisson,6.0,200,3,0.6011365695553188,0.8201948110034435,0.7329192546583851,59,31,12,90,71,19,0.2676056338028169,0.8794570120927795
IXMtest_C14_s8_w1612E3D43-FA7E-4FFB-BE53-F34A3A0CAFCD,cubic,deterministic,-6.0,100,-1,0.5880583362375528,0.8190812540451627,0.717948717948718,56,29,15,85,71,14,0.19718309859154928,0.8570061134740246
IXMtest_C14_s8_w1612E3D43-FA7E-4FFB-BE53-F34A3A0CAFCD,cubic,deterministic,-4.0,100,-1,0.5861287815839099,0.838061328054187,0.6993865030674846,57,35,14,92,71,21,0.29577464788732394,0.8851102782431476
IXMtest_C14_s8_w1612E3D43-FA7E-4FFB-BE53-F34A3A0CAFCD,cubic,deterministic,-2.0,100,-1,0.6172459272092488,0.8421745278024496,0.7329192546583851,59,31,12,90,71,19,0.2676056338028169,0.8948737854138763
IXMtest_C14_s8_w1612E3D43-FA7E-4FFB-BE53-F34A3A0CAFCD,cubic,deterministic,0.0,100,-1,0.6317934749666438,0.8423912999555251,0.75,60,29,11,89,71,18,0.2535211267605634,0.8948464163822526
IXMtest_C14_s8_w1612E3D43-FA7E-4FFB-BE53-F34A3A0CAFCD,cubic,deterministic,2.0,100,-1,0.6172459272092488,0.8421745278024496,0.7329192546583851,59,31,12,90,71,19,0.2676056338028169,0.8948737854138763
IXMtest_C14_s8_w1612E3D43-FA7E-4FFB-BE53-F34A3A0CAFCD,cubic,deterministic,4.0,100,-1,0.5861287815839099,0.838061328054187,0.6993865030674846,57,35,14,92,71,21,0.29577464788732394,0.8851102782431476
IXMtest_C14_s8_w1612E3D43-FA7E-4FFB-BE53-F34A3A0CAFCD,cubic,deterministic,6.0,100,-1,0.5880583362375528,0.8190812540451627,0.717948717948718,56,29,15,85,71,14,0.19718309859154928,0.8570061134740246
IXMtest_C14_s8_w1612E3D43-FA7E-4FFB-BE53-F34A3A0CAFCD,cubic,poisson,-6.0,50,0,0.5904296582053202,0.8092958246090165,0.7295597484276729,58,30,13,88,71,17,0.23943661971830985,0.8612626208774534
IXMtest_C14_s8_w1612E3D43-FA7E-4FFB-BE53-F34A3A0CAFCD,cubic,poisson,-6.0,50,1,0.6057136965441359,0.8059072064188927,0.7515923566878981,59,27,12,86,71,15,0.2112676056338028,0.858071914161684
IXMtest_C14_s8_w1612E3D43-FA7E-4FFB-BE53-F34A3A0CAFCD,cubic,poisson,-6.0,50,2,0.597087762883643,0.8096105259439227,0.7375,59,30,12,89,71,18,0.2535211267605634,0.867197480375694
IXMtest_C14_s8_w1612E3D43-FA7E-4FFB-BE53-F34A3A0CAFCD,cubic,poisson,-6.0,50,3,0.6228172363441331,0.8014943123444992,0.7770700636942676,61,25,10,86,71,15,0.2112676056338028,0.8569135387916561
IXMtest_C14_s8_w1612E3D43-FA7E-4FFB-BE53-F34A3A0CAFCD,cubic,poisson,-6.0,200,0,0.6189112278436523,0.8200573768928392,0.7547169811320755,60,28,11,88,71,17,0.23943661971830985,0.8851349136093899
IXMtest_C14_s8_w1612E3D43-FA7E-4FFB-BE53-F34A3A0CAFCD,cubic,poisson,-6.0,200,1,0.6114081724123404,0.829028030389614,0.7375,59,30,12,89,71,18,0.2535211267605634,0.8858057630736392
IXMtest_C14_s8_w1612E3D43-FA7E-4FFB-BE53-F34A3A0CAFCD,cubic,poisson,-6.0,200,2,0.6254047415544279,0.8234495763799967,0.759493670886076,60,27,11,87,71,16,0.22535211267605634,0.884948791478902
IXMtest_C14_s8_w1612E3D43-FA7E-4FFB-BE53-F34A3A0CAFCD,cubic,poisson,-6.0,200,3,0.6210981182905567,0.8316398533043047,0.7468354430379747,59,28,12,87,71,16,0.22535211267605634,0.8806356487549148
IXMtest_C14_s8_w1612E3D43-FA7E-4FFB-BE53-F34A3A0CAFCD,cubic,poisson,6.0,50,0,0.6091644808836594,0.8104985042265638,0.7515923566878981,59,27,12,86,71,15,0.2112676056338028,0.8677048203101395
IXMtest_C14_s8_w1612E3D43-FA7E-4FFB-BE53-F34A3A0CAFCD,cubic,poisson,6.0,50,1,0.6156996922054523,0.8055404306354668,0.7643312101910829,60,26,11,86,71,15,0.2112676056338028,0.8631069231775945
IXMtest_C14_s8_w1612E3D43-FA7E-4FFB-BE53-F34A3A0CAFCD,cubic,poisson,6.0,50,2,0.6112027730230947,0.8132104691917446,0.7515923566878981,59,27,12,86,71,15,0.2112676056338028,0.8558652433971398
IXMtest_C14_s8_w1612E3D43-FA7E-4FFB-BE53-F34A3A0CAFCD,cubic,poisson,6.0,50,3,0.6203221808774854,0.806418835140731,0.7692307692307693,60,25,11,85,71,14,0.19718309859154928,0.8621287189124546
IXMtest_C14_s8_w1612E3D43-FA7E-4FFB-BE53-F34A3A0CAFCD,cubic,poisson,6.0,200,0,0.6008263965264689,0.8287260641744398,0.725,58,31,13,89,71,18,0.2535211267605634,0.882839927499551
IXMtest_C14_s8_w1612E3D43-FA7E-4FFB-BE53-F34A3A0CAFCD,cubic,poisson,6.0,200,1,0.6162689931490122,0.8216919908653496,0.75,60,29,11,89,71,18,0.2535211267605634,0.8823953115280097
IXMtest_C14_s8_w1612E3D43-FA7E-4FFB-BE53-F34A3A0CAFCD,cubic,poisson,6.0,200,2,0.6143801550035196,0.8242933746297221,0.7453416149068323,60,30,11,90,71,19,0.2676056338028169,0.8810238996996212
IXMtest_C14_s8_w1612E3D43-FA7E-4FFB-BE53-F34A3A0CAFCD,cubic,poisson,6.0,200,3,0.6011365695553188,0.8201948110034435,0.7329192546583851,59,31,12,90,71,19,0.2676056338028169,0.8794570120927795
IXMtest_C14_s8_w1612E3D43-FA7E-4FFB-BE53-F34A3A0CAFCD,image_fidelity,deterministic,-6.0,100,-1,0.5880208802091078,0.8190290831484001,0.717948717948718,56,29,15,85,71,14,0.19718309859154928,0.8568409835917534
IXMtest_C14_s8_w1612E3D43-FA7E-4FFB-BE53-F34A3A0CAFCD,image_fidelity,deterministic,-4.0,100,-1,0.5859226390729145,0.8377665804288165,0.6993865030674846,57,35,14,92,71,21,0.29577464788732394,0.8844772201305654
IXMtest_C14_s8_w1612E3D43-FA7E-4FFB-BE53-F34A3A0CAFCD,image_fidelity,deterministic,-2.0,100,-1,0.6169057806704824,0.8417104295588785,0.7329192546583851,59,31,12,90,71,19,0.2676056338028169,0.8946807149255641
IXMtest_C14_s8_w1612E3D43-FA7E-4FFB-BE53-F34A3A0CAFCD,image_fidelity,deterministic,0.0,100,-1,0.631762270293659,0.8423496937248787,0.75,60,29,11,89,71,18,0.2535211267605634,0.8949663370054014
IXMtest_C14_s8_w1612E3D43-FA7E-4FFB-BE53-F34A3A0CAFCD,image_fidelity,deterministic,2.0,100,-1,0.6171971922365846,0.84210803347534,0.7329192546583851,59,31,12,90,71,19,0.2676056338028169,0.8948500051192793
IXMtest_C14_s8_w1612E3D43-FA7E-4FFB-BE53-F34A3A0CAFCD,image_fidelity,deterministic,4.0,100,-1,0.5854875966240103,0.83714454605012,0.6993865030674846,57,35,14,92,71,21,0.29577464788732394,0.884247426953098
IXMtest_C14_s8_w1612E3D43-FA7E-4FFB-BE53-F34A3A0CAFCD,image_fidelity,deterministic,6.0,100,-1,0.5873401797109045,0.8180809645973313,0.717948717948718,56,29,15,85,71,14,0.19718309859154928,0.8565595244548033
IXMtest_C14_s8_w1612E3D43-FA7E-4FFB-BE53-F34A3A0CAFCD,image_fidelity,poisson,-6.0,50,0,0.6088306955767272,0.8100544000470015,0.7515923566878981,59,27,12,86,71,15,0.2112676056338028,0.8599518656166604
IXMtest_C14_s8_w1612E3D43-FA7E-4FFB-BE53-F34A3A0CAFCD,image_fidelity,poisson,-6.0,50,1,0.6166695685821385,0.8152580737187594,0.7564102564102564,59,26,12,85,71,14,0.19718309859154928,0.8668661304035054
IXMtest_C14_s8_w1612E3D43-FA7E-4FFB-BE53-F34A3A0CAFCD,image_fidelity,poisson,-6.0,50,2,0.6025945099425548,0.8068638353468106,0.7468354430379747,59,28,12,87,71,16,0.22535211267605634,0.8620642071512643
IXMtest_C14_s8_w1612E3D43-FA7E-4FFB-BE53-F34A3A0CAFCD,image_fidelity,poisson,-6.0,50,3,0.5984791445132146,0.8100105662808164,0.7388535031847133,58,28,13,86,71,15,0.2112676056338028,0.8507645410699467
IXMtest_C14_s8_w1612E3D43-FA7E-4FFB-BE53-F34A3A0CAFCD,image_fidelity,poisson,-6.0,200,0,0.6121639861279341,0.8248650321554366,0.7421383647798742,59,29,12,88,71,17,0.23943661971830985,0.8856802986176627
IXMtest_C14_s8_w1612E3D43-FA7E-4FFB-BE53-F34A3A0CAFCD,image_fidelity,poisson,-6.0,200,1,0.6117264088148278,0.8207329318265606,0.7453416149068323,60,30,11,90,71,19,0.2676056338028169,0.8786665241310122
IXMtest_C14_s8_w1612E3D43-FA7E-4FFB-BE53-F34A3A0CAFCD,image_fidelity,poisson,-6.0,200,2,0.6223297749603165,0.8332890207095763,0.7468354430379747,59,28,12,87,71,16,0.22535211267605634,0.881949221949222
IXMtest_C14_s8_w1612E3D43-FA7E-4FFB-BE53-F34A3A0CAFCD,image_fidelity,poisson,-6.0,200,3,0.6133548517829428,0.8229177594754482,0.7453416149068323,60,30,11,90,71,19,0.2676056338028169,0.8829922855648535
IXMtest_C14_s8_w1612E3D43-FA7E-4FFB-BE53-F34A3A0CAFCD,image_fidelity,poisson,6.0,50,0,0.6085727482397838,0.809711198929204,0.7515923566878981,59,27,12,86,71,15,0.2112676056338028,0.8507987773227983
IXMtest_C14_s8_w1612E3D43-FA7E-4FFB-BE53-F34A3A0CAFCD,image_fidelity,poisson,6.0,50,1,0.6241540498951303,0.803214637979799,0.7770700636942676,61,25,10,86,71,15,0.2112676056338028,0.8569220003580205
IXMtest_C14_s8_w1612E3D43-FA7E-4FFB-BE53-F34A3A0CAFCD,image_fidelity,poisson,6.0,50,2,0.616696301272539,0.8068443274982385,0.7643312101910829,60,26,11,86,71,15,0.2112676056338028,0.8565937946553225
IXMtest_C14_s8_w1612E3D43-FA7E-4FFB-BE53-F34A3A0CAFCD,image_fidelity,poisson,6.0,50,3,0.6168653765704828,0.8019249895416276,0.7692307692307693,60,25,11,85,71,14,0.19718309859154928,0.8664225260416667
IXMtest_C14_s8_w1612E3D43-FA7E-4FFB-BE53-F34A3A0CAFCD,image_fidelity,poisson,6.0,200,0,0.6240069835962812,0.8355347746458679,0.7468354430379747,59,28,12,87,71,16,0.22535211267605634,0.882973593664441
IXMtest_C14_s8_w1612E3D43-FA7E-4FFB-BE53-F34A3A0CAFCD,image_fidelity,poisson,6.0,200,1,0.6146225428853511,0.8194967238471348,0.75,60,29,11,89,71,18,0.2535211267605634,0.8802235239332369
IXMtest_C14_s8_w1612E3D43-FA7E-4FFB-BE53-F34A3A0CAFCD,image_fidelity,poisson,6.0,200,2,0.6078493683227497,0.8242025333189827,0.7375,59,30,12,89,71,18,0.2535211267605634,0.8801708688287139
IXMtest_C14_s8_w1612E3D43-FA7E-4FFB-BE53-F34A3A0CAFCD,image_fidelity,poisson,6.0,200,3,0.6305643159748417,0.821801034754097,0.7672955974842768,61,27,10,88,71,17,0.23943661971830985,0.8809951374709929
IXMtest_C14_s8_w1612E3D43-FA7E-4FFB-BE53-F34A3A0CAFCD,exact_task,deterministic,-6.0,100,-1,0.5596669302703398,0.8089731082998548,0.6918238993710691,55,33,16,88,71,17,0.23943661971830985,0.853597279148862
IXMtest_C14_s8_w1612E3D43-FA7E-4FFB-BE53-F34A3A0CAFCD,exact_task,deterministic,-4.0,100,-1,0.5807658747077569,0.8348509448924005,0.6956521739130435,56,34,15,90,71,19,0.2676056338028169,0.8796483061805017
IXMtest_C14_s8_w1612E3D43-FA7E-4FFB-BE53-F34A3A0CAFCD,exact_task,deterministic,-2.0,100,-1,0.6237675944912393,0.842086252563173,0.7407407407407407,60,31,11,91,71,20,0.28169014084507044,0.8989918854905046
IXMtest_C14_s8_w1612E3D43-FA7E-4FFB-BE53-F34A3A0CAFCD,exact_task,deterministic,0.0,100,-1,0.6373958945185142,0.8551728251456733,0.7453416149068323,60,30,11,90,71,19,0.2676056338028169,0.9033344733242135
IXMtest_C14_s8_w1612E3D43-FA7E-4FFB-BE53-F34A3A0CAFCD,exact_task,deterministic,2.0,100,-1,0.6229687086256984,0.8410077566446928,0.7407407407407407,60,31,11,91,71,20,0.28169014084507044,0.8983046500294954
IXMtest_C14_s8_w1612E3D43-FA7E-4FFB-BE53-F34A3A0CAFCD,exact_task,deterministic,4.0,100,-1,0.5794575878456253,0.8329702825280864,0.6956521739130435,56,34,15,90,71,19,0.2676056338028169,0.8785820200696576
IXMtest_C14_s8_w1612E3D43-FA7E-4FFB-BE53-F34A3A0CAFCD,exact_task,deterministic,6.0,100,-1,0.5583556276201976,0.8070776799237402,0.6918238993710691,55,33,16,88,71,17,0.23943661971830985,0.8525587924975803
IXMtest_C14_s8_w1612E3D43-FA7E-4FFB-BE53-F34A3A0CAFCD,exact_task,poisson,-6.0,50,0,0.5973495355393086,0.8136312639242307,0.7341772151898734,58,29,13,87,71,16,0.22535211267605634,0.8641099064261648
IXMtest_C14_s8_w1612E3D43-FA7E-4FFB-BE53-F34A3A0CAFCD,exact_task,poisson,-6.0,50,1,0.5825613401418686,0.8125197638820798,0.7169811320754716,57,31,14,88,71,17,0.23943661971830985,0.8562942806417894
IXMtest_C14_s8_w1612E3D43-FA7E-4FFB-BE53-F34A3A0CAFCD,exact_task,poisson,-6.0,50,2,0.5848599612652211,0.8105953849114467,0.7215189873417721,57,30,14,87,71,16,0.22535211267605634,0.8551307514068189
IXMtest_C14_s8_w1612E3D43-FA7E-4FFB-BE53-F34A3A0CAFCD,exact_task,poisson,-6.0,50,3,0.6048099484689243,0.8047047619459416,0.7515923566878981,59,27,12,86,71,15,0.2112676056338028,0.857117181883537
IXMtest_C14_s8_w1612E3D43-FA7E-4FFB-BE53-F34A3A0CAFCD,exact_task,poisson,-6.0,200,0,0.6005566738828146,0.823176820235927,0.7295597484276729,58,30,13,88,71,17,0.23943661971830985,0.8783088778980923
IXMtest_C14_s8_w1612E3D43-FA7E-4FFB-BE53-F34A3A0CAFCD,exact_task,poisson,-6.0,200,1,0.6147960308916102,0.8146047409313835,0.7547169811320755,60,28,11,88,71,17,0.23943661971830985,0.8823587579932758
IXMtest_C14_s8_w1612E3D43-FA7E-4FFB-BE53-F34A3A0CAFCD,exact_task,poisson,-6.0,200,2,0.6053121185766503,0.8121270924236725,0.7453416149068323,60,30,11,90,71,19,0.2676056338028169,0.8782214483993364
IXMtest_C14_s8_w1612E3D43-FA7E-4FFB-BE53-F34A3A0CAFCD,exact_task,poisson,-6.0,200,3,0.6084172972518759,0.8078983783180647,0.7530864197530864,61,30,10,91,71,20,0.28169014084507044,0.8775740224268003
IXMtest_C14_s8_w1612E3D43-FA7E-4FFB-BE53-F34A3A0CAFCD,exact_task,poisson,6.0,50,0,0.5927342048845,0.8087305676813941,0.7329192546583851,59,31,12,90,71,19,0.2676056338028169,0.8661638423613152
IXMtest_C14_s8_w1612E3D43-FA7E-4FFB-BE53-F34A3A0CAFCD,exact_task,poisson,6.0,50,1,0.5963708458524628,0.8122982210749062,0.7341772151898734,58,29,13,87,71,16,0.22535211267605634,0.8567535399138108
IXMtest_C14_s8_w1612E3D43-FA7E-4FFB-BE53-F34A3A0CAFCD,exact_task,poisson,6.0,50,2,0.6022664198798278,0.7980030063407717,0.7547169811320755,60,28,11,88,71,17,0.23943661971830985,0.8625677970969303
IXMtest_C14_s8_w1612E3D43-FA7E-4FFB-BE53-F34A3A0CAFCD,exact_task,poisson,6.0,50,3,0.584300963737157,0.8098206339514983,0.7215189873417721,57,30,14,87,71,16,0.22535211267605634,0.8483735920523641
IXMtest_C14_s8_w1612E3D43-FA7E-4FFB-BE53-F34A3A0CAFCD,exact_task,poisson,6.0,200,0,0.5934844003649757,0.818599172917208,0.725,58,31,13,89,71,18,0.2535211267605634,0.88120407640364
IXMtest_C14_s8_w1612E3D43-FA7E-4FFB-BE53-F34A3A0CAFCD,exact_task,poisson,6.0,200,1,0.6033654822922395,0.8181226878538841,0.7375,59,30,12,89,71,18,0.2535211267605634,0.8772503285151116
IXMtest_C14_s8_w1612E3D43-FA7E-4FFB-BE53-F34A3A0CAFCD,exact_task,poisson,6.0,200,2,0.5967317036970397,0.81418478216291,0.7329192546583851,59,31,12,90,71,19,0.2676056338028169,0.8785120242533492
IXMtest_C14_s8_w1612E3D43-FA7E-4FFB-BE53-F34A3A0CAFCD,exact_task,poisson,6.0,200,3,0.5928401148290999,0.8177105032125516,0.725,58,31,13,89,71,18,0.2535211267605634,0.8789531974240125
IXMtest_C14_s8_w1612E3D43-FA7E-4FFB-BE53-F34A3A0CAFCD,surrogate,deterministic,-6.0,100,-1,0.5866360814062301,0.8266235692542333,0.7096774193548387,55,29,16,84,71,13,0.18309859154929578,0.8482794577685089
IXMtest_C14_s8_w1612E3D43-FA7E-4FFB-BE53-F34A3A0CAFCD,surrogate,deterministic,-4.0,100,-1,0.5846216788359793,0.8359064355286371,0.6993865030674846,57,35,14,92,71,21,0.29577464788732394,0.8824280048284187
IXMtest_C14_s8_w1612E3D43-FA7E-4FFB-BE53-F34A3A0CAFCD,surrogate,deterministic,-2.0,100,-1,0.6242588401576478,0.8375472772115108,0.7453416149068323,60,30,11,90,71,19,0.2676056338028169,0.8953922045557348
IXMtest_C14_s8_w1612E3D43-FA7E-4FFB-BE53-F34A3A0CAFCD,surrogate,deterministic,0.0,100,-1,0.6340061417835973,0.8453415223781297,0.75,60,29,11,89,71,18,0.2535211267605634,0.8964669738863287
IXMtest_C14_s8_w1612E3D43-FA7E-4FFB-BE53-F34A3A0CAFCD,surrogate,deterministic,2.0,100,-1,0.6244050821711946,0.8377434852463528,0.7453416149068323,60,30,11,90,71,19,0.2676056338028169,0.8955341065226111
IXMtest_C14_s8_w1612E3D43-FA7E-4FFB-BE53-F34A3A0CAFCD,surrogate,deterministic,4.0,100,-1,0.5849762625051522,0.8364134279678931,0.6993865030674846,57,35,14,92,71,21,0.29577464788732394,0.8824924741014206
IXMtest_C14_s8_w1612E3D43-FA7E-4FFB-BE53-F34A3A0CAFCD,surrogate,deterministic,6.0,100,-1,0.5868955561706108,0.8269891927858608,0.7096774193548387,55,29,16,84,71,13,0.18309859154929578,0.8486760502615542
IXMtest_C14_s8_w1612E3D43-FA7E-4FFB-BE53-F34A3A0CAFCD,surrogate,poisson,-6.0,50,0,0.6023440095403286,0.8031253460537715,0.75,60,29,11,89,71,18,0.2535211267605634,0.8688222455743271
IXMtest_C14_s8_w1612E3D43-FA7E-4FFB-BE53-F34A3A0CAFCD,surrogate,poisson,-6.0,50,1,0.6197327626284387,0.7975249486284006,0.7770700636942676,61,25,10,86,71,15,0.2112676056338028,0.8579575249082328
IXMtest_C14_s8_w1612E3D43-FA7E-4FFB-BE53-F34A3A0CAFCD,surrogate,poisson,-6.0,50,2,0.5977143094265324,0.8141281111154492,0.7341772151898734,58,29,13,87,71,16,0.22535211267605634,0.8603165016690199
IXMtest_C14_s8_w1612E3D43-FA7E-4FFB-BE53-F34A3A0CAFCD,surrogate,poisson,-6.0,50,3,0.5969322838326876,0.8043409587237061,0.7421383647798742,59,29,12,88,71,17,0.23943661971830985,0.8640519887662464
IXMtest_C14_s8_w1612E3D43-FA7E-4FFB-BE53-F34A3A0CAFCD,surrogate,poisson,-6.0,200,0,0.6075855844351479,0.8238448602510479,0.7375,59,30,12,89,71,18,0.2535211267605634,0.8795362451182623
IXMtest_C14_s8_w1612E3D43-FA7E-4FFB-BE53-F34A3A0CAFCD,surrogate,poisson,-6.0,200,1,0.610582573940515,0.8141100985873533,0.75,60,29,11,89,71,18,0.2535211267605634,0.8800307257319834
IXMtest_C14_s8_w1612E3D43-FA7E-4FFB-BE53-F34A3A0CAFCD,surrogate,poisson,-6.0,200,2,0.6207075681833184,0.8140427123715651,0.7625,61,28,10,89,71,18,0.2535211267605634,0.880740831395586
IXMtest_C14_s8_w1612E3D43-FA7E-4FFB-BE53-F34A3A0CAFCD,surrogate,poisson,-6.0,200,3,0.6032214910807763,0.8230394920678389,0.7329192546583851,59,31,12,90,71,19,0.2676056338028169,0.8814264536050388
IXMtest_C14_s8_w1612E3D43-FA7E-4FFB-BE53-F34A3A0CAFCD,surrogate,poisson,6.0,50,0,0.5999456600680919,0.8084013555154798,0.7421383647798742,59,29,12,88,71,17,0.23943661971830985,0.8651256805659701
IXMtest_C14_s8_w1612E3D43-FA7E-4FFB-BE53-F34A3A0CAFCD,surrogate,poisson,6.0,50,1,0.6020815481033049,0.811279374139199,0.7421383647798742,59,29,12,88,71,17,0.23943661971830985,0.8667413032191069
IXMtest_C14_s8_w1612E3D43-FA7E-4FFB-BE53-F34A3A0CAFCD,surrogate,poisson,6.0,50,2,0.6033526901044195,0.8027658673423208,0.7515923566878981,59,27,12,86,71,15,0.2112676056338028,0.8626052032228309
IXMtest_C14_s8_w1612E3D43-FA7E-4FFB-BE53-F34A3A0CAFCD,surrogate,poisson,6.0,50,3,0.5810256565302886,0.8103778893711919,0.7169811320754716,57,31,14,88,71,17,0.23943661971830985,0.8578685627388928
IXMtest_C14_s8_w1612E3D43-FA7E-4FFB-BE53-F34A3A0CAFCD,surrogate,poisson,6.0,200,0,0.6142166322663253,0.8276308858503876,0.7421383647798742,59,29,12,88,71,17,0.23943661971830985,0.8805474159804868
IXMtest_C14_s8_w1612E3D43-FA7E-4FFB-BE53-F34A3A0CAFCD,surrogate,poisson,6.0,200,1,0.5993262037197654,0.8228037712084915,0.7283950617283951,59,32,12,91,71,20,0.28169014084507044,0.88209549937945
IXMtest_C14_s8_w1612E3D43-FA7E-4FFB-BE53-F34A3A0CAFCD,surrogate,poisson,6.0,200,2,0.6222182537600108,0.8244391862320144,0.7547169811320755,60,28,11,88,71,17,0.23943661971830985,0.8806844131271612
IXMtest_C14_s8_w1612E3D43-FA7E-4FFB-BE53-F34A3A0CAFCD,surrogate,poisson,6.0,200,3,0.6273937345183853,0.826068417115874,0.759493670886076,60,27,11,87,71,16,0.22535211267605634,0.8806302252908166
IXMtest_D01_s1_w181AE787C-B5EE-4150-A90E-2FE43165C32E,clear,deterministic,-6.0,100,-1,0.7109069669383202,0.8268157115478288,0.8598130841121495,46,10,5,56,51,5,0.09803921568627451,0.8091099501649132
IXMtest_D01_s1_w181AE787C-B5EE-4150-A90E-2FE43165C32E,clear,deterministic,-4.0,100,-1,0.720778650482999,0.8384567975006315,0.8596491228070176,49,14,2,63,51,12,0.23529411764705882,0.8739887779705703
IXMtest_D01_s1_w181AE787C-B5EE-4150-A90E-2FE43165C32E,clear,deterministic,-2.0,100,-1,0.7214043433654882,0.8391846443231189,0.8596491228070176,49,14,2,63,51,12,0.23529411764705882,0.8760217217768683
IXMtest_D01_s1_w181AE787C-B5EE-4150-A90E-2FE43165C32E,clear,deterministic,0.0,100,-1,0.7301456213041371,0.8419026041568112,0.8672566371681416,49,13,2,62,51,11,0.21568627450980393,0.8767258715019155
IXMtest_D01_s1_w181AE787C-B5EE-4150-A90E-2FE43165C32E,clear,deterministic,2.0,100,-1,0.7214043433654882,0.8391846443231189,0.8596491228070176,49,14,2,63,51,12,0.23529411764705882,0.8760217217768683
IXMtest_D01_s1_w181AE787C-B5EE-4150-A90E-2FE43165C32E,clear,deterministic,4.0,100,-1,0.720778650482999,0.8384567975006315,0.8596491228070176,49,14,2,63,51,12,0.23529411764705882,0.8739887779705703
IXMtest_D01_s1_w181AE787C-B5EE-4150-A90E-2FE43165C32E,clear,deterministic,6.0,100,-1,0.7109069669383202,0.8268157115478288,0.8598130841121495,46,10,5,56,51,5,0.09803921568627451,0.8091099501649132
IXMtest_D01_s1_w181AE787C-B5EE-4150-A90E-2FE43165C32E,clear,poisson,-6.0,50,0,0.7339734040132937,0.8388267474437642,0.875,49,12,2,61,51,10,0.19607843137254902,0.8677296108941112
IXMtest_D01_s1_w181AE787C-B5EE-4150-A90E-2FE43165C32E,clear,poisson,-6.0,50,1,0.7167876311147416,0.8362522363005319,0.8571428571428571,48,13,3,61,51,10,0.19607843137254902,0.8577243693839991
IXMtest_D01_s1_w181AE787C-B5EE-4150-A90E-2FE43165C32E,clear,poisson,-6.0,50,2,0.7367816490769784,0.8345179902810674,0.8828828828828829,49,11,2,60,51,9,0.17647058823529413,0.8547377975643755
IXMtest_D01_s1_w181AE787C-B5EE-4150-A90E-2FE43165C32E,clear,poisson,-6.0,50,3,0.703749508148469,0.8357025409263069,0.8421052631578947,48,15,3,63,51,12,0.23529411764705882,0.8691443314356383
IXMtest_D01_s1_w181AE787C-B5EE-4150-A90E-2FE43165C32E,clear,poisson,-6.0,200,0,0.7259277730394738,0.8370391668720463,0.8672566371681416,49,13,2,62,51,11,0.21568627450980393,0.87102986779827
IXMtest_D01_s1_w181AE787C-B5EE-4150-A90E-2FE43165C32E,clear,poisson,-6.0,200,1,0.7408409268271446,0.8466753449453082,0.875,49,12,2,61,51,10,0.19607843137254902,0.8770238056715097
IXMtest_D01_s1_w181AE787C-B5EE-4150-A90E-2FE43165C32E,clear,poisson,-6.0,200,2,0.7357823949086507,0.8408941656098865,0.875,49,12,2,61,51,10,0.19607843137254902,0.8693085637397456
IXMtest_D01_s1_w181AE787C-B5EE-4150-A90E-2FE43165C32E,clear,poisson,-6.0,200,3,0.7446303893407625,0.8510061592465858,0.875,49,12,2,61,51,10,0.19607843137254902,0.8802888461288998
IXMtest_D01_s1_w181AE787C-B5EE-4150-A90E-2FE43165C32E,clear,poisson,6.0,50,0,0.7182654135076658,0.8230124529775337,0.8727272727272727,48,11,3,59,51,8,0.1568627450980392,0.8520950456781448
IXMtest_D01_s1_w181AE787C-B5EE-4150-A90E-2FE43165C32E,clear,poisson,6.0,50,1,0.711433856650935,0.8225953967526435,0.8648648648648649,48,12,3,60,51,9,0.17647058823529413,0.8490723935181663
IXMtest_D01_s1_w181AE787C-B5EE-4150-A90E-2FE43165C32E,clear,poisson,6.0,50,2,0.7193613996001672,0.8317616182876933,0.8648648648648649,48,12,3,60,51,9,0.17647058823529413,0.8585882555982224
IXMtest_D01_s1_w181AE787C-B5EE-4150-A90E-2FE43165C32E,clear,poisson,6.0,50,3,0.6970594769758618,0.8277581289088358,0.8421052631578947,48,15,3,63,51,12,0.23529411764705882,0.862004917275958
IXMtest_D01_s1_w181AE787C-B5EE-4150-A90E-2FE43165C32E,clear,poisson,6.0,200,0,0.7504095638979933,0.8499536897211964,0.8828828828828829,49,11,2,60,51,9,0.17647058823529413,0.8700518314879006
IXMtest_D01_s1_w181AE787C-B5EE-4150-A90E-2FE43165C32E,clear,poisson,6.0,200,1,0.7424952703401642,0.8485660232459019,0.875,49,12,2,61,51,10,0.19607843137254902,0.8782244719166747
IXMtest_D01_s1_w181AE787C-B5EE-4150-A90E-2FE43165C32E,clear,poisson,6.0,200,2,0.7181072757672626,0.8527523899736243,0.8421052631578947,48,15,3,63,51,12,0.23529411764705882,0.8780508905302088
IXMtest_D01_s1_w181AE787C-B5EE-4150-A90E-2FE43165C32E,clear,poisson,6.0,200,3,0.7255024436963867,0.8539768347676219,0.8495575221238938,48,14,3,62,51,11,0.21568627450980393,0.8774750472079849
IXMtest_D01_s1_w181AE787C-B5EE-4150-A90E-2FE43165C32E,cubic,deterministic,-6.0,100,-1,0.7109069669383202,0.8268157115478288,0.8598130841121495,46,10,5,56,51,5,0.09803921568627451,0.8091099501649132
IXMtest_D01_s1_w181AE787C-B5EE-4150-A90E-2FE43165C32E,cubic,deterministic,-4.0,100,-1,0.720778650482999,0.8384567975006315,0.8596491228070176,49,14,2,63,51,12,0.23529411764705882,0.8739887779705703
IXMtest_D01_s1_w181AE787C-B5EE-4150-A90E-2FE43165C32E,cubic,deterministic,-2.0,100,-1,0.7214043433654882,0.8391846443231189,0.8596491228070176,49,14,2,63,51,12,0.23529411764705882,0.8760217217768683
IXMtest_D01_s1_w181AE787C-B5EE-4150-A90E-2FE43165C32E,cubic,deterministic,0.0,100,-1,0.7301456213041371,0.8419026041568112,0.8672566371681416,49,13,2,62,51,11,0.21568627450980393,0.8767258715019155
IXMtest_D01_s1_w181AE787C-B5EE-4150-A90E-2FE43165C32E,cubic,deterministic,2.0,100,-1,0.7214043433654882,0.8391846443231189,0.8596491228070176,49,14,2,63,51,12,0.23529411764705882,0.8760217217768683
IXMtest_D01_s1_w181AE787C-B5EE-4150-A90E-2FE43165C32E,cubic,deterministic,4.0,100,-1,0.720778650482999,0.8384567975006315,0.8596491228070176,49,14,2,63,51,12,0.23529411764705882,0.8739887779705703
IXMtest_D01_s1_w181AE787C-B5EE-4150-A90E-2FE43165C32E,cubic,deterministic,6.0,100,-1,0.7109069669383202,0.8268157115478288,0.8598130841121495,46,10,5,56,51,5,0.09803921568627451,0.8091099501649132
IXMtest_D01_s1_w181AE787C-B5EE-4150-A90E-2FE43165C32E,cubic,poisson,-6.0,50,0,0.7339734040132937,0.8388267474437642,0.875,49,12,2,61,51,10,0.19607843137254902,0.8677296108941112
IXMtest_D01_s1_w181AE787C-B5EE-4150-A90E-2FE43165C32E,cubic,poisson,-6.0,50,1,0.7167876311147416,0.8362522363005319,0.8571428571428571,48,13,3,61,51,10,0.19607843137254902,0.8577243693839991
IXMtest_D01_s1_w181AE787C-B5EE-4150-A90E-2FE43165C32E,cubic,poisson,-6.0,50,2,0.7367816490769784,0.8345179902810674,0.8828828828828829,49,11,2,60,51,9,0.17647058823529413,0.8547377975643755
IXMtest_D01_s1_w181AE787C-B5EE-4150-A90E-2FE43165C32E,cubic,poisson,-6.0,50,3,0.703749508148469,0.8357025409263069,0.8421052631578947,48,15,3,63,51,12,0.23529411764705882,0.8691443314356383
IXMtest_D01_s1_w181AE787C-B5EE-4150-A90E-2FE43165C32E,cubic,poisson,-6.0,200,0,0.7259277730394738,0.8370391668720463,0.8672566371681416,49,13,2,62,51,11,0.21568627450980393,0.87102986779827
IXMtest_D01_s1_w181AE787C-B5EE-4150-A90E-2FE43165C32E,cubic,poisson,-6.0,200,1,0.7408409268271446,0.8466753449453082,0.875,49,12,2,61,51,10,0.19607843137254902,0.8770238056715097
IXMtest_D01_s1_w181AE787C-B5EE-4150-A90E-2FE43165C32E,cubic,poisson,-6.0,200,2,0.7357823949086507,0.8408941656098865,0.875,49,12,2,61,51,10,0.19607843137254902,0.8693085637397456
IXMtest_D01_s1_w181AE787C-B5EE-4150-A90E-2FE43165C32E,cubic,poisson,-6.0,200,3,0.7446303893407625,0.8510061592465858,0.875,49,12,2,61,51,10,0.19607843137254902,0.8802888461288998
IXMtest_D01_s1_w181AE787C-B5EE-4150-A90E-2FE43165C32E,cubic,poisson,6.0,50,0,0.7182654135076658,0.8230124529775337,0.8727272727272727,48,11,3,59,51,8,0.1568627450980392,0.8520950456781448
IXMtest_D01_s1_w181AE787C-B5EE-4150-A90E-2FE43165C32E,cubic,poisson,6.0,50,1,0.711433856650935,0.8225953967526435,0.8648648648648649,48,12,3,60,51,9,0.17647058823529413,0.8490723935181663
IXMtest_D01_s1_w181AE787C-B5EE-4150-A90E-2FE43165C32E,cubic,poisson,6.0,50,2,0.7193613996001672,0.8317616182876933,0.8648648648648649,48,12,3,60,51,9,0.17647058823529413,0.8585882555982224
IXMtest_D01_s1_w181AE787C-B5EE-4150-A90E-2FE43165C32E,cubic,poisson,6.0,50,3,0.6970594769758618,0.8277581289088358,0.8421052631578947,48,15,3,63,51,12,0.23529411764705882,0.862004917275958
IXMtest_D01_s1_w181AE787C-B5EE-4150-A90E-2FE43165C32E,cubic,poisson,6.0,200,0,0.7504095638979933,0.8499536897211964,0.8828828828828829,49,11,2,60,51,9,0.17647058823529413,0.8700518314879006
IXMtest_D01_s1_w181AE787C-B5EE-4150-A90E-2FE43165C32E,cubic,poisson,6.0,200,1,0.7424952703401642,0.8485660232459019,0.875,49,12,2,61,51,10,0.19607843137254902,0.8782244719166747
IXMtest_D01_s1_w181AE787C-B5EE-4150-A90E-2FE43165C32E,cubic,poisson,6.0,200,2,0.7181072757672626,0.8527523899736243,0.8421052631578947,48,15,3,63,51,12,0.23529411764705882,0.8780508905302088
IXMtest_D01_s1_w181AE787C-B5EE-4150-A90E-2FE43165C32E,cubic,poisson,6.0,200,3,0.7255024436963867,0.8539768347676219,0.8495575221238938,48,14,3,62,51,11,0.21568627450980393,0.8774750472079849
IXMtest_D01_s1_w181AE787C-B5EE-4150-A90E-2FE43165C32E,image_fidelity,deterministic,-6.0,100,-1,0.7101432410699947,0.8259274651574939,0.8598130841121495,46,10,5,56,51,5,0.09803921568627451,0.8087190967959366
IXMtest_D01_s1_w181AE787C-B5EE-4150-A90E-2FE43165C32E,image_fidelity,deterministic,-4.0,100,-1,0.7202104400184544,0.8377958179806511,0.8596491228070176,49,14,2,63,51,12,0.23529411764705882,0.8740326886468343
IXMtest_D01_s1_w181AE787C-B5EE-4150-A90E-2FE43165C32E,image_fidelity,deterministic,-2.0,100,-1,0.72973282948223,0.8414266299131835,0.8672566371681416,49,13,2,62,51,11,0.21568627450980393,0.876148284740884
IXMtest_D01_s1_w181AE787C-B5EE-4150-A90E-2FE43165C32E,image_fidelity,deterministic,0.0,100,-1,0.7303397582382839,0.8421264559278171,0.8672566371681416,49,13,2,62,51,11,0.21568627450980393,0.8769166825805147
IXMtest_D01_s1_w181AE787C-B5EE-4150-A90E-2FE43165C32E,image_fidelity,deterministic,2.0,100,-1,0.7213756090884694,0.8391512187355664,0.8596491228070176,49,14,2,63,51,12,0.23529411764705882,0.8761341533341578
IXMtest_D01_s1_w181AE787C-B5EE-4150-A90E-2FE43165C32E,image_fidelity,deterministic,4.0,100,-1,0.7199632744922544,0.8375082988991531,0.8596491228070176,49,14,2,63,51,12,0.23529411764705882,0.8736152901270046
IXMtest_D01_s1_w181AE787C-B5EE-4150-A90E-2FE43165C32E,image_fidelity,deterministic,6.0,100,-1,0.7098137057509155,0.8255442012537821,0.8598130841121495,46,10,5,56,51,5,0.09803921568627451,0.8086571332274062
IXMtest_D01_s1_w181AE787C-B5EE-4150-A90E-2FE43165C32E,image_fidelity,poisson,-6.0,50,0,0.7352681626075324,0.8403064715514655,0.875,49,12,2,61,51,10,0.19607843137254902,0.8715779629314743
IXMtest_D01_s1_w181AE787C-B5EE-4150-A90E-2FE43165C32E,image_fidelity,poisson,-6.0,50,1,0.7374726559966036,0.8277754302002694,0.8909090909090909,49,10,2,59,51,8,0.1568627450980392,0.8487597387096074
IXMtest_D01_s1_w181AE787C-B5EE-4150-A90E-2FE43165C32E,image_fidelity,poisson,-6.0,50,2,0.7255629709125554,0.8389321851176422,0.8648648648648649,48,12,3,60,51,9,0.17647058823529413,0.8594894849460739
IXMtest_D01_s1_w181AE787C-B5EE-4150-A90E-2FE43165C32E,image_fidelity,poisson,-6.0,50,3,0.7355005856220234,0.8330669898371896,0.8828828828828829,49,11,2,60,51,9,0.17647058823529413,0.8616479723899914
IXMtest_D01_s1_w181AE787C-B5EE-4150-A90E-2FE43165C32E,image_fidelity,poisson,-6.0,200,0,0.7500950275410292,0.8495974291536147,0.8828828828828829,49,11,2,60,51,9,0.17647058823529413,0.8712050316655422
IXMtest_D01_s1_w181AE787C-B5EE-4150-A90E-2FE43165C32E,image_fidelity,poisson,-6.0,200,1,0.7238350375048456,0.8420121864852286,0.8596491228070176,49,14,2,63,51,12,0.23529411764705882,0.8761470875366092
IXMtest_D01_s1_w181AE787C-B5EE-4150-A90E-2FE43165C32E,image_fidelity,poisson,-6.0,200,2,0.7266956311087468,0.8553813157842541,0.8495575221238938,48,14,3,62,51,11,0.21568627450980393,0.8776815226079631
IXMtest_D01_s1_w181AE787C-B5EE-4150-A90E-2FE43165C32E,image_fidelity,poisson,-6.0,200,3,0.7539425336869188,0.844415637729349,0.8928571428571429,50,11,1,61,51,10,0.19607843137254902,0.878902615807352
IXMtest_D01_s1_w181AE787C-B5EE-4150-A90E-2FE43165C32E,image_fidelity,poisson,6.0,50,0,0.7296540424342262,0.8338903342105443,0.875,49,12,2,61,51,10,0.19607843137254902,0.8589199948076673
IXMtest_D01_s1_w181AE787C-B5EE-4150-A90E-2FE43165C32E,image_fidelity,poisson,6.0,50,1,0.7298338179584888,0.8340957919525587,0.875,49,12,2,61,51,10,0.19607843137254902,0.8636460873657639
IXMtest_D01_s1_w181AE787C-B5EE-4150-A90E-2FE43165C32E,image_fidelity,poisson,6.0,50,2,0.6946090903229692,0.824848294758526,0.8421052631578947,48,15,3,63,51,12,0.23529411764705882,0.8588848482232462
IXMtest_D01_s1_w181AE787C-B5EE-4150-A90E-2FE43165C32E,image_fidelity,poisson,6.0,50,3,0.7200370790275551,0.840043258865481,0.8571428571428571,48,13,3,61,51,10,0.19607843137254902,0.8656357904218586
IXMtest_D01_s1_w181AE787C-B5EE-4150-A90E-2FE43165C32E,image_fidelity,poisson,6.0,200,0,0.7520716596792367,0.8518362675958702,0.8828828828828829,49,11,2,60,51,9,0.17647058823529413,0.8714414796912593
IXMtest_D01_s1_w181AE787C-B5EE-4150-A90E-2FE43165C32E,image_fidelity,poisson,6.0,200,1,0.7431251948502069,0.849285936971665,0.875,49,12,2,61,51,10,0.19607843137254902,0.8759967541249661
IXMtest_D01_s1_w181AE787C-B5EE-4150-A90E-2FE43165C32E,image_fidelity,poisson,6.0,200,2,0.7321834376841844,0.8542140106315484,0.8571428571428571,48,13,3,61,51,10,0.19607843137254902,0.8700432137064733
IXMtest_D01_s1_w181AE787C-B5EE-4150-A90E-2FE43165C32E,image_fidelity,poisson,6.0,200,3,0.748710641994712,0.8480294006266637,0.8828828828828829,49,11,2,60,51,9,0.17647058823529413,0.8694285932504828
IXMtest_D01_s1_w181AE787C-B5EE-4150-A90E-2FE43165C32E,exact_task,deterministic,-6.0,100,-1,0.7285245632361026,0.8102977284972979,0.8990825688073395,49,9,2,58,51,7,0.13725490196078433,0.8345536095193072
IXMtest_D01_s1_w181AE787C-B5EE-4150-A90E-2FE43165C32E,exact_task,deterministic,-4.0,100,-1,0.7151113186741537,0.8318641870291175,0.8596491228070176,49,14,2,63,51,12,0.23529411764705882,0.872024378450709
IXMtest_D01_s1_w181AE787C-B5EE-4150-A90E-2FE43165C32E,exact_task,deterministic,-2.0,100,-1,0.7273391908893739,0.8460884465447819,0.8596491228070176,49,14,2,63,51,12,0.23529411764705882,0.8802401268085394
IXMtest_D01_s1_w181AE787C-B5EE-4150-A90E-2FE43165C32E,exact_task,deterministic,0.0,100,-1,0.7313501175535443,0.8507542183786128,0.8596491228070176,49,14,2,63,51,12,0.23529411764705882,0.8825648414985591
IXMtest_D01_s1_w181AE787C-B5EE-4150-A90E-2FE43165C32E,exact_task,deterministic,2.0,100,-1,0.7267064466301335,0.8453523971003595,0.8596491228070176,49,14,2,63,51,12,0.23529411764705882,0.8797752177577971
IXMtest_D01_s1_w181AE787C-B5EE-4150-A90E-2FE43165C32E,exact_task,deterministic,4.0,100,-1,0.7229365367458443,0.8335900882885756,0.8672566371681416,49,13,2,62,51,11,0.21568627450980393,0.871458764277363
IXMtest_D01_s1_w181AE787C-B5EE-4150-A90E-2FE43165C32E,exact_task,deterministic,6.0,100,-1,0.7136655807462879,0.8083355047228364,0.8828828828828829,49,11,2,60,51,9,0.17647058823529413,0.8466942195807858
IXMtest_D01_s1_w181AE787C-B5EE-4150-A90E-2FE43165C32E,exact_task,poisson,-6.0,50,0,0.7243001045392387,0.8184591181293396,0.8849557522123894,50,12,1,62,51,11,0.21568627450980393,0.8689204205487648
IXMtest_D01_s1_w181AE787C-B5EE-4150-A90E-2FE43165C32E,exact_task,poisson,-6.0,50,1,0.691350212222353,0.8183329042631934,0.8448275862068966,49,16,2,65,51,14,0.27450980392156865,0.8655812600342646
IXMtest_D01_s1_w181AE787C-B5EE-4150-A90E-2FE43165C32E,exact_task,poisson,-6.0,50,2,0.7360911194539156,0.8337358597896392,0.8828828828828829,49,11,2,60,51,9,0.17647058823529413,0.8529267414848019
IXMtest_D01_s1_w181AE787C-B5EE-4150-A90E-2FE43165C32E,exact_task,poisson,-6.0,50,3,0.7184090835839059,0.8283696576018506,0.8672566371681416,49,13,2,62,51,11,0.21568627450980393,0.8612455735681102
IXMtest_D01_s1_w181AE787C-B5EE-4150-A90E-2FE43165C32E,exact_task,poisson,-6.0,200,0,0.7357788135413373,0.8408900726186712,0.875,49,12,2,61,51,10,0.19607843137254902,0.8726900278940027
IXMtest_D01_s1_w181AE787C-B5EE-4150-A90E-2FE43165C32E,exact_task,poisson,-6.0,200,1,0.7308205783096863,0.8352235180682129,0.875,49,12,2,61,51,10,0.19607843137254902,0.8716255119444656
IXMtest_D01_s1_w181AE787C-B5EE-4150-A90E-2FE43165C32E,exact_task,poisson,-6.0,200,2,0.713008872393862,0.8392708602136084,0.8495575221238938,48,14,3,62,51,11,0.21568627450980393,0.8726226660877117
IXMtest_D01_s1_w181AE787C-B5EE-4150-A90E-2FE43165C32E,exact_task,poisson,-6.0,200,3,0.7449794656293847,0.8343770015049108,0.8928571428571429,50,11,1,61,51,10,0.19607843137254902,0.8729679869777537
IXMtest_D01_s1_w181AE787C-B5EE-4150-A90E-2FE43165C32E,exact_task,poisson,6.0,50,0,0.7357427941294978,0.8333413280446352,0.8828828828828829,49,11,2,60,51,9,0.17647058823529413,0.860229061499213
IXMtest_D01_s1_w181AE787C-B5EE-4150-A90E-2FE43165C32E,exact_task,poisson,6.0,50,1,0.7348252216533748,0.8323020367706592,0.8828828828828829,49,11,2,60,51,9,0.17647058823529413,0.8594019084341525
IXMtest_D01_s1_w181AE787C-B5EE-4150-A90E-2FE43165C32E,exact_task,poisson,6.0,50,2,0.7356001397978031,0.8352126587287557,0.8807339449541285,48,10,3,58,51,7,0.13725490196078433,0.8606407574589893
IXMtest_D01_s1_w181AE787C-B5EE-4150-A90E-2FE43165C32E,exact_task,poisson,6.0,50,3,0.7283639018795343,0.8345836375702996,0.8727272727272727,48,11,3,59,51,8,0.1568627450980392,0.8526463884132576
IXMtest_D01_s1_w181AE787C-B5EE-4150-A90E-2FE43165C32E,exact_task,poisson,6.0,200,0,0.7315548112434631,0.843527486433789,0.8672566371681416,49,13,2,62,51,11,0.21568627450980393,0.8760429082240763
IXMtest_D01_s1_w181AE787C-B5EE-4150-A90E-2FE43165C32E,exact_task,poisson,6.0,200,1,0.7184841649762597,0.8457157358574724,0.8495575221238938,48,14,3,62,51,11,0.21568627450980393,0.8734370763975492
IXMtest_D01_s1_w181AE787C-B5EE-4150-A90E-2FE43165C32E,exact_task,poisson,6.0,200,2,0.712655031682982,0.8388543602101768,0.8495575221238938,48,14,3,62,51,11,0.21568627450980393,0.872610082684086
IXMtest_D01_s1_w181AE787C-B5EE-4150-A90E-2FE43165C32E,exact_task,poisson,6.0,200,3,0.7331960278833053,0.8379383175809204,0.875,49,12,2,61,51,10,0.19607843137254902,0.8699686029962954
IXMtest_D01_s1_w181AE787C-B5EE-4150-A90E-2FE43165C32E,surrogate,deterministic,-6.0,100,-1,0.7240631773765499,0.8241995742477749,0.8785046728971962,47,9,4,56,51,5,0.09803921568627451,0.8153477789557697
IXMtest_D01_s1_w181AE787C-B5EE-4150-A90E-2FE43165C32E,surrogate,deterministic,-4.0,100,-1,0.7185783982054649,0.8358973203614591,0.8596491228070176,49,14,2,63,51,12,0.23529411764705882,0.8726994210538173
IXMtest_D01_s1_w181AE787C-B5EE-4150-A90E-2FE43165C32E,surrogate,deterministic,-2.0,100,-1,0.7307832383758953,0.8426378156783283,0.8672566371681416,49,13,2,62,51,11,0.21568627450980393,0.876916338151555
IXMtest_D01_s1_w181AE787C-B5EE-4150-A90E-2FE43165C32E,surrogate,deterministic,0.0,100,-1,0.7319548023363057,0.8439887006530872,0.8672566371681416,49,13,2,62,51,11,0.21568627450980393,0.877855304996573
IXMtest_D01_s1_w181AE787C-B5EE-4150-A90E-2FE43165C32E,surrogate,deterministic,2.0,100,-1,0.7309560508629444,0.8428370790562522,0.8672566371681416,49,13,2,62,51,11,0.21568627450980393,0.8770132758272121
IXMtest_D01_s1_w181AE787C-B5EE-4150-A90E-2FE43165C32E,surrogate,deterministic,4.0,100,-1,0.718882200602013,0.8362507231492804,0.8596491228070176,49,14,2,63,51,12,0.23529411764705882,0.8732207207207208
IXMtest_D01_s1_w181AE787C-B5EE-4150-A90E-2FE43165C32E,surrogate,deterministic,6.0,100,-1,0.7149979264940252,0.821486979376114,0.8703703703703703,47,10,4,57,51,6,0.11764705882352941,0.8155050583286663
IXMtest_D01_s1_w181AE787C-B5EE-4150-A90E-2FE43165C32E,surrogate,poisson,-6.0,50,0,0.6808266977349008,0.8329262791437616,0.8173913043478261,47,17,4,64,51,13,0.2549019607843137,0.8590409417467324
IXMtest_D01_s1_w181AE787C-B5EE-4150-A90E-2FE43165C32E,surrogate,poisson,-6.0,50,1,0.7288428429088067,0.8329632490386363,0.875,49,12,2,61,51,10,0.19607843137254902,0.8608766969546543
IXMtest_D01_s1_w181AE787C-B5EE-4150-A90E-2FE43165C32E,surrogate,poisson,-6.0,50,2,0.7120451473133212,0.8381364754833885,0.8495575221238938,48,14,3,62,51,11,0.21568627450980393,0.8635316060843187
IXMtest_D01_s1_w181AE787C-B5EE-4150-A90E-2FE43165C32E,surrogate,poisson,-6.0,50,3,0.7269207367415785,0.8329300108497254,0.8727272727272727,48,11,3,59,51,8,0.1568627450980392,0.8513662034669249
IXMtest_D01_s1_w181AE787C-B5EE-4150-A90E-2FE43165C32E,surrogate,poisson,-6.0,200,0,0.7417952486030953,0.8477659984035375,0.875,49,12,2,61,51,10,0.19607843137254902,0.8772747879023379
IXMtest_D01_s1_w181AE787C-B5EE-4150-A90E-2FE43165C32E,surrogate,poisson,-6.0,200,1,0.7147374262450698,0.8487506936660204,0.8421052631578947,48,15,3,63,51,12,0.23529411764705882,0.8775035939340878
IXMtest_D01_s1_w181AE787C-B5EE-4150-A90E-2FE43165C32E,surrogate,poisson,-6.0,200,2,0.749545055989672,0.8489745021923837,0.8828828828828829,49,11,2,60,51,9,0.17647058823529413,0.8695964320678777
IXMtest_D01_s1_w181AE787C-B5EE-4150-A90E-2FE43165C32E,surrogate,poisson,-6.0,200,3,0.7247865406939797,0.8431190371338132,0.8596491228070176,49,14,2,63,51,12,0.23529411764705882,0.874821606192968
IXMtest_D01_s1_w181AE787C-B5EE-4150-A90E-2FE43165C32E,surrogate,poisson,6.0,50,0,0.6827875085918202,0.8269315381834267,0.8256880733944955,45,13,6,58,51,7,0.13725490196078433,0.824870605033018
IXMtest_D01_s1_w181AE787C-B5EE-4150-A90E-2FE43165C32E,surrogate,poisson,6.0,50,1,0.7269298085411593,0.8307769240470392,0.875,49,12,2,61,51,10,0.19607843137254902,0.8663026019916479
IXMtest_D01_s1_w181AE787C-B5EE-4150-A90E-2FE43165C32E,surrogate,poisson,6.0,50,2,0.7182138794665853,0.8328224772538064,0.8623853211009175,47,11,4,58,51,7,0.13725490196078433,0.8429878884200143
IXMtest_D01_s1_w181AE787C-B5EE-4150-A90E-2FE43165C32E,surrogate,poisson,6.0,50,3,0.7319135365607999,0.8364726132123428,0.875,49,12,2,61,51,10,0.19607843137254902,0.8727241405299482
IXMtest_D01_s1_w181AE787C-B5EE-4150-A90E-2FE43165C32E,surrogate,poisson,6.0,200,0,0.7313449342714783,0.853235756650058,0.8571428571428571,48,13,3,61,51,10,0.19607843137254902,0.8691558229255215
IXMtest_D01_s1_w181AE787C-B5EE-4150-A90E-2FE43165C32E,surrogate,poisson,6.0,200,1,0.7433820797739195,0.8495795197416223,0.875,49,12,2,61,51,10,0.19607843137254902,0.8783818826173394
IXMtest_D01_s1_w181AE787C-B5EE-4150-A90E-2FE43165C32E,surrogate,poisson,6.0,200,2,0.7404199288481506,0.8461942043978864,0.875,49,12,2,61,51,10,0.19607843137254902,0.8769038000388861
IXMtest_D01_s1_w181AE787C-B5EE-4150-A90E-2FE43165C32E,surrogate,poisson,6.0,200,3,0.7399122825334681,0.8456140371811064,0.875,49,12,2,61,51,10,0.19607843137254902,0.8763002530222097
IXMtest_D06_s8_w1BE84C8EF-4CD0-4B56-8267-4E662F57AC25,clear,deterministic,-6.0,100,-1,0.5133695384613517,0.8203846546000031,0.6257668711656442,51,33,28,84,79,5,0.06329113924050633,0.7381620318942632
IXMtest_D06_s8_w1BE84C8EF-4CD0-4B56-8267-4E662F57AC25,clear,deterministic,-4.0,100,-1,0.547939697424567,0.8307472831920856,0.6595744680851063,62,47,17,109,79,30,0.379746835443038,0.8560085558724397
IXMtest_D06_s8_w1BE84C8EF-4CD0-4B56-8267-4E662F57AC25,clear,deterministic,-2.0,100,-1,0.5586042228009075,0.8291781432200971,0.6736842105263158,64,47,15,111,79,32,0.4050632911392405,0.8691660168992569
IXMtest_D06_s8_w1BE84C8EF-4CD0-4B56-8267-4E662F57AC25,clear,deterministic,0.0,100,-1,0.5608991256416661,0.824090253827371,0.680628272251309,65,47,14,112,79,33,0.4177215189873418,0.8718985014541679
IXMtest_D06_s8_w1BE84C8EF-4CD0-4B56-8267-4E662F57AC25,clear,deterministic,2.0,100,-1,0.5585934263947941,0.8291621173047725,0.6736842105263158,64,47,15,111,79,32,0.4050632911392405,0.8691591015777288
IXMtest_D06_s8_w1BE84C8EF-4CD0-4B56-8267-4E662F57AC25,clear,deterministic,4.0,100,-1,0.547939697424567,0.8307472831920856,0.6595744680851063,62,47,17,109,79,30,0.379746835443038,0.8560085558724397
IXMtest_D06_s8_w1BE84C8EF-4CD0-4B56-8267-4E662F57AC25,clear,deterministic,6.0,100,-1,0.5133695384613517,0.8203846546000031,0.6257668711656442,51,33,28,84,79,5,0.06329113924050633,0.7381620318942632
IXMtest_D06_s8_w1BE84C8EF-4CD0-4B56-8267-4E662F57AC25,clear,poisson,-6.0,50,0,0.570804426710477,0.8043153285465812,0.7096774193548387,66,41,13,107,79,28,0.35443037974683544,0.8562217339766095
IXMtest_D06_s8_w1BE84C8EF-4CD0-4B56-8267-4E662F57AC25,clear,poisson,-6.0,50,1,0.5692953629779491,0.7987128973123466,0.7127659574468085,67,42,12,109,79,30,0.379746835443038,0.8461111660041499
IXMtest_D06_s8_w1BE84C8EF-4CD0-4B56-8267-4E662F57AC25,clear,poisson,-6.0,50,2,0.5774197142932644,0.800513694815662,0.7213114754098361,66,38,13,104,79,25,0.31645569620253167,0.8421052631578947
IXMtest_D06_s8_w1BE84C8EF-4CD0-4B56-8267-4E662F57AC25,clear,poisson,-6.0,50,3,0.5797445549206421,0.7886231077964618,0.7351351351351352,68,38,11,106,79,27,0.34177215189873417,0.8489456210299714
IXMtest_D06_s8_w1BE84C8EF-4CD0-4B56-8267-4E662F57AC25,clear,poisson,-6.0,200,0,0.571101424202471,0.8171143453973817,0.6989247311827957,65,42,14,107,79,28,0.35443037974683544,0.8621789207588343
IXMtest_D06_s8_w1BE84C8EF-4CD0-4B56-8267-4E662F57AC25,clear,poisson,-6.0,200,1,0.5904929599180768,0.8231113986736829,0.717391304347826,66,39,13,105,79,26,0.3291139240506329,0.8611092010665689
IXMtest_D06_s8_w1BE84C8EF-4CD0-4B56-8267-4E662F57AC25,clear,poisson,-6.0,200,2,0.5806268550274778,0.8218103178850454,0.7065217391304348,65,40,14,105,79,26,0.3291139240506329,0.8644476234919712
IXMtest_D06_s8_w1BE84C8EF-4CD0-4B56-8267-4E662F57AC25,clear,poisson,-6.0,200,3,0.5740001135537486,0.8212617009307479,0.6989247311827957,65,42,14,107,79,28,0.35443037974683544,0.8637244909688643
IXMtest_D06_s8_w1BE84C8EF-4CD0-4B56-8267-4E662F57AC25,clear,poisson,6.0,50,0,0.5762920540514105,0.7956270895485892,0.7243243243243244,67,39,12,106,79,27,0.34177215189873417,0.8492350191245219
IXMtest_D06_s8_w1BE84C8EF-4CD0-4B56-8267-4E662F57AC25,clear,poisson,6.0,50,1,0.5655645808088019,0.7969319093214936,0.7096774193548387,66,41,13,107,79,28,0.35443037974683544,0.8556607345702385
IXMtest_D06_s8_w1BE84C8EF-4CD0-4B56-8267-4E662F57AC25,clear,poisson,6.0,50,2,0.5732783174641027,0.8034582479610531,0.7135135135135136,66,40,13,106,79,27,0.34177215189873417,0.8463346933822748
IXMtest_D06_s8_w1BE84C8EF-4CD0-4B56-8267-4E662F57AC25,clear,poisson,6.0,50,3,0.5696056302909032,0.7948974094358127,0.7165775401069518,67,41,12,108,79,29,0.3670886075949367,0.8486879429941678
IXMtest_D06_s8_w1BE84C8EF-4CD0-4B56-8267-4E662F57AC25,clear,poisson,6.0,200,0,0.588965223214273,0.8209818262986837,0.717391304347826,66,39,13,105,79,26,0.3291139240506329,0.8599666715302683
IXMtest_D06_s8_w1BE84C8EF-4CD0-4B56-8267-4E662F57AC25,clear,poisson,6.0,200,1,0.5853840537600427,0.8159898931200594,0.717391304347826,66,39,13,105,79,26,0.3291139240506329,0.8589200757517437
IXMtest_D06_s8_w1BE84C8EF-4CD0-4B56-8267-4E662F57AC25,clear,poisson,6.0,200,2,0.5709363189014359,0.8207209584208142,0.6956521739130435,64,41,15,105,79,26,0.3291139240506329,0.8562545213871231
IXMtest_D06_s8_w1BE84C8EF-4CD0-4B56-8267-4E662F57AC25,clear,poisson,6.0,200,3,0.5719583040038753,0.8146072814600648,0.7021276595744681,66,43,13,109,79,30,0.379746835443038,0.8612897552172151
IXMtest_D06_s8_w1BE84C8EF-4CD0-4B56-8267-4E662F57AC25,cubic,deterministic,-6.0,100,-1,0.5133695384613517,0.8203846546000031,0.6257668711656442,51,33,28,84,79,5,0.06329113924050633,0.7381620318942632
IXMtest_D06_s8_w1BE84C8EF-4CD0-4B56-8267-4E662F57AC25,cubic,deterministic,-4.0,100,-1,0.547939697424567,0.8307472831920856,0.6595744680851063,62,47,17,109,79,30,0.379746835443038,0.8560085558724397
IXMtest_D06_s8_w1BE84C8EF-4CD0-4B56-8267-4E662F57AC25,cubic,deterministic,-2.0,100,-1,0.5586042228009075,0.8291781432200971,0.6736842105263158,64,47,15,111,79,32,0.4050632911392405,0.8691660168992569
IXMtest_D06_s8_w1BE84C8EF-4CD0-4B56-8267-4E662F57AC25,cubic,deterministic,0.0,100,-1,0.5608991256416661,0.824090253827371,0.680628272251309,65,47,14,112,79,33,0.4177215189873418,0.8718985014541679
IXMtest_D06_s8_w1BE84C8EF-4CD0-4B56-8267-4E662F57AC25,cubic,deterministic,2.0,100,-1,0.5585934263947941,0.8291621173047725,0.6736842105263158,64,47,15,111,79,32,0.4050632911392405,0.8691591015777288
IXMtest_D06_s8_w1BE84C8EF-4CD0-4B56-8267-4E662F57AC25,cubic,deterministic,4.0,100,-1,0.547939697424567,0.8307472831920856,0.6595744680851063,62,47,17,109,79,30,0.379746835443038,0.8560085558724397
IXMtest_D06_s8_w1BE84C8EF-4CD0-4B56-8267-4E662F57AC25,cubic,deterministic,6.0,100,-1,0.5133695384613517,0.8203846546000031,0.6257668711656442,51,33,28,84,79,5,0.06329113924050633,0.7381620318942632
IXMtest_D06_s8_w1BE84C8EF-4CD0-4B56-8267-4E662F57AC25,cubic,poisson,-6.0,50,0,0.570804426710477,0.8043153285465812,0.7096774193548387,66,41,13,107,79,28,0.35443037974683544,0.8562217339766095
IXMtest_D06_s8_w1BE84C8EF-4CD0-4B56-8267-4E662F57AC25,cubic,poisson,-6.0,50,1,0.5692953629779491,0.7987128973123466,0.7127659574468085,67,42,12,109,79,30,0.379746835443038,0.8461111660041499
IXMtest_D06_s8_w1BE84C8EF-4CD0-4B56-8267-4E662F57AC25,cubic,poisson,-6.0,50,2,0.5774197142932644,0.800513694815662,0.7213114754098361,66,38,13,104,79,25,0.31645569620253167,0.8421052631578947
IXMtest_D06_s8_w1BE84C8EF-4CD0-4B56-8267-4E662F57AC25,cubic,poisson,-6.0,50,3,0.5797445549206421,0.7886231077964618,0.7351351351351352,68,38,11,106,79,27,0.34177215189873417,0.8489456210299714
IXMtest_D06_s8_w1BE84C8EF-4CD0-4B56-8267-4E662F57AC25,cubic,poisson,-6.0,200,0,0.571101424202471,0.8171143453973817,0.6989247311827957,65,42,14,107,79,28,0.35443037974683544,0.8621789207588343
IXMtest_D06_s8_w1BE84C8EF-4CD0-4B56-8267-4E662F57AC25,cubic,poisson,-6.0,200,1,0.5904929599180768,0.8231113986736829,0.717391304347826,66,39,13,105,79,26,0.3291139240506329,0.8611092010665689
IXMtest_D06_s8_w1BE84C8EF-4CD0-4B56-8267-4E662F57AC25,cubic,poisson,-6.0,200,2,0.5806268550274778,0.8218103178850454,0.7065217391304348,65,40,14,105,79,26,0.3291139240506329,0.8644476234919712
IXMtest_D06_s8_w1BE84C8EF-4CD0-4B56-8267-4E662F57AC25,cubic,poisson,-6.0,200,3,0.5740001135537486,0.8212617009307479,0.6989247311827957,65,42,14,107,79,28,0.35443037974683544,0.8637244909688643
IXMtest_D06_s8_w1BE84C8EF-4CD0-4B56-8267-4E662F57AC25,cubic,poisson,6.0,50,0,0.5762920540514105,0.7956270895485892,0.7243243243243244,67,39,12,106,79,27,0.34177215189873417,0.8492350191245219
IXMtest_D06_s8_w1BE84C8EF-4CD0-4B56-8267-4E662F57AC25,cubic,poisson,6.0,50,1,0.5655645808088019,0.7969319093214936,0.7096774193548387,66,41,13,107,79,28,0.35443037974683544,0.8556607345702385
IXMtest_D06_s8_w1BE84C8EF-4CD0-4B56-8267-4E662F57AC25,cubic,poisson,6.0,50,2,0.5732783174641027,0.8034582479610531,0.7135135135135136,66,40,13,106,79,27,0.34177215189873417,0.8463346933822748
IXMtest_D06_s8_w1BE84C8EF-4CD0-4B56-8267-4E662F57AC25,cubic,poisson,6.0,50,3,0.5696056302909032,0.7948974094358127,0.7165775401069518,67,41,12,108,79,29,0.3670886075949367,0.8486879429941678
IXMtest_D06_s8_w1BE84C8EF-4CD0-4B56-8267-4E662F57AC25,cubic,poisson,6.0,200,0,0.588965223214273,0.8209818262986837,0.717391304347826,66,39,13,105,79,26,0.3291139240506329,0.8599666715302683
IXMtest_D06_s8_w1BE84C8EF-4CD0-4B56-8267-4E662F57AC25,cubic,poisson,6.0,200,1,0.5853840537600427,0.8159898931200594,0.717391304347826,66,39,13,105,79,26,0.3291139240506329,0.8589200757517437
IXMtest_D06_s8_w1BE84C8EF-4CD0-4B56-8267-4E662F57AC25,cubic,poisson,6.0,200,2,0.5709363189014359,0.8207209584208142,0.6956521739130435,64,41,15,105,79,26,0.3291139240506329,0.8562545213871231
IXMtest_D06_s8_w1BE84C8EF-4CD0-4B56-8267-4E662F57AC25,cubic,poisson,6.0,200,3,0.5719583040038753,0.8146072814600648,0.7021276595744681,66,43,13,109,79,30,0.379746835443038,0.8612897552172151
IXMtest_D06_s8_w1BE84C8EF-4CD0-4B56-8267-4E662F57AC25,image_fidelity,deterministic,-6.0,100,-1,0.5179301935238168,0.8167360744029418,0.6341463414634146,52,33,27,85,79,6,0.0759493670886076,0.7459962790871609
IXMtest_D06_s8_w1BE84C8EF-4CD0-4B56-8267-4E662F57AC25,image_fidelity,deterministic,-4.0,100,-1,0.5476314860848527,0.8302799950318733,0.6595744680851063,62,47,17,109,79,30,0.379746835443038,0.8557027673108869
IXMtest_D06_s8_w1BE84C8EF-4CD0-4B56-8267-4E662F57AC25,image_fidelity,deterministic,-2.0,100,-1,0.5585952645681747,0.8291648458433842,0.6736842105263158,64,47,15,111,79,32,0.4050632911392405,0.8690926163174689
IXMtest_D06_s8_w1BE84C8EF-4CD0-4B56-8267-4E662F57AC25,image_fidelity,deterministic,0.0,100,-1,0.5611353164596585,0.8244372726445753,0.680628272251309,65,47,14,112,79,33,0.4177215189873418,0.8721370718485997
IXMtest_D06_s8_w1BE84C8EF-4CD0-4B56-8267-4E662F57AC25,image_fidelity,deterministic,2.0,100,-1,0.5590103817648221,0.8297810354321578,0.6736842105263158,64,47,15,111,79,32,0.4050632911392405,0.8695472334468166
IXMtest_D06_s8_w1BE84C8EF-4CD0-4B56-8267-4E662F57AC25,image_fidelity,deterministic,4.0,100,-1,0.5476511477827779,0.8303098047029214,0.6595744680851063,62,47,17,109,79,30,0.379746835443038,0.8555518630494516
IXMtest_D06_s8_w1BE84C8EF-4CD0-4B56-8267-4E662F57AC25,image_fidelity,deterministic,6.0,100,-1,0.5129623446530582,0.8197339429259657,0.6257668711656442,51,33,28,84,79,5,0.06329113924050633,0.7378717555239647
IXMtest_D06_s8_w1BE84C8EF-4CD0-4B56-8267-4E662F57AC25,image_fidelity,poisson,-6.0,50,0,0.5899774825858208,0.8013127002285029,0.7362637362637363,67,36,12,103,79,24,0.3037974683544304,0.8433013716365962
IXMtest_D06_s8_w1BE84C8EF-4CD0-4B56-8267-4E662F57AC25,image_fidelity,poisson,-6.0,50,1,0.5886153802871901,0.7920339308276161,0.7431693989071039,68,36,11,104,79,25,0.31645569620253167,0.844132357726038
IXMtest_D06_s8_w1BE84C8EF-4CD0-4B56-8267-4E662F57AC25,image_fidelity,poisson,-6.0,50,2,0.5606785501694483,0.7985421775140628,0.7021276595744681,66,43,13,109,79,30,0.379746835443038,0.8530428010857156
IXMtest_D06_s8_w1BE84C8EF-4CD0-4B56-8267-4E662F57AC25,image_fidelity,poisson,-6.0,50,3,0.5800369048584191,0.7986661997665924,0.7262569832402235,65,35,14,100,79,21,0.26582278481012656,0.8241414227299781
IXMtest_D06_s8_w1BE84C8EF-4CD0-4B56-8267-4E662F57AC25,image_fidelity,poisson,-6.0,200,0,0.5877291070408862,0.8114170507654027,0.7243243243243244,67,39,12,106,79,27,0.34177215189873417,0.8549807544264819
IXMtest_D06_s8_w1BE84C8EF-4CD0-4B56-8267-4E662F57AC25,image_fidelity,poisson,-6.0,200,1,0.5840987231422271,0.82304820079132,0.7096774193548387,66,41,13,107,79,28,0.35443037974683544,0.8659328900099366
IXMtest_D06_s8_w1BE84C8EF-4CD0-4B56-8267-4E662F57AC25,image_fidelity,poisson,-6.0,200,2,0.5697084817270475,0.819503739099676,0.6951871657754011,65,43,14,108,79,29,0.3670886075949367,0.8602897840779493
IXMtest_D06_s8_w1BE84C8EF-4CD0-4B56-8267-4E662F57AC25,image_fidelity,poisson,-6.0,200,3,0.5808614071667771,0.8106050980610995,0.7165775401069518,67,41,12,108,79,29,0.3670886075949367,0.8629671400403557
IXMtest_D06_s8_w1BE84C8EF-4CD0-4B56-8267-4E662F57AC25,image_fidelity,poisson,6.0,50,0,0.5850618328348144,0.7915542444235724,0.7391304347826086,68,37,11,105,79,26,0.3291139240506329,0.8511563847641698
IXMtest_D06_s8_w1BE84C8EF-4CD0-4B56-8267-4E662F57AC25,image_fidelity,poisson,6.0,50,1,0.5891349919690698,0.7927331141936748,0.7431693989071039,68,36,11,104,79,25,0.31645569620253167,0.846447108538882
IXMtest_D06_s8_w1BE84C8EF-4CD0-4B56-8267-4E662F57AC25,image_fidelity,poisson,6.0,50,2,0.5774994675015674,0.8049992577294577,0.717391304347826,66,39,13,105,79,26,0.3291139240506329,0.8419443641728391
IXMtest_D06_s8_w1BE84C8EF-4CD0-4B56-8267-4E662F57AC25,image_fidelity,poisson,6.0,50,3,0.5698390864845186,0.8072720391864014,0.7058823529411765,66,42,13,108,79,29,0.3670886075949367,0.8584562286644412
IXMtest_D06_s8_w1BE84C8EF-4CD0-4B56-8267-4E662F57AC25,image_fidelity,poisson,6.0,200,0,0.5920583958966029,0.8173940540363548,0.7243243243243244,67,39,12,106,79,27,0.34177215189873417,0.8653113967279692
IXMtest_D06_s8_w1BE84C8EF-4CD0-4B56-8267-4E662F57AC25,image_fidelity,poisson,6.0,200,1,0.5849436965746637,0.8198074535326726,0.7135135135135136,66,40,13,106,79,27,0.34177215189873417,0.8570398109211456
IXMtest_D06_s8_w1BE84C8EF-4CD0-4B56-8267-4E662F57AC25,image_fidelity,poisson,6.0,200,2,0.5744058129590622,0.8218421631568121,0.6989247311827957,65,42,14,107,79,28,0.35443037974683544,0.8685338230792776
IXMtest_D06_s8_w1BE84C8EF-4CD0-4B56-8267-4E662F57AC25,image_fidelity,poisson,6.0,200,3,0.6047681443282926,0.8168883143538879,0.7403314917127072,67,35,12,102,79,23,0.2911392405063291,0.853210796258906
IXMtest_D06_s8_w1BE84C8EF-4CD0-4B56-8267-4E662F57AC25,exact_task,deterministic,-6.0,100,-1,0.5416012709020419,0.7949308976142873,0.6813186813186813,62,41,17,103,79,24,0.3037974683544304,0.8294621581286434
IXMtest_D06_s8_w1BE84C8EF-4CD0-4B56-8267-4E662F57AC25,exact_task,deterministic,-4.0,100,-1,0.553133735561098,0.8253106530594161,0.6702127659574468,63,46,16,109,79,30,0.379746835443038,0.856207780482693
IXMtest_D06_s8_w1BE84C8EF-4CD0-4B56-8267-4E662F57AC25,exact_task,deterministic,-2.0,100,-1,0.5704917518644719,0.8423667273623843,0.6772486772486772,64,46,15,110,79,31,0.3924050632911392,0.873741855538234
IXMtest_D06_s8_w1BE84C8EF-4CD0-4B56-8267-4E662F57AC25,exact_task,deterministic,0.0,100,-1,0.5688300519207026,0.8443571083197929,0.6736842105263158,64,47,15,111,79,32,0.4050632911392405,0.8777613431940835
IXMtest_D06_s8_w1BE84C8EF-4CD0-4B56-8267-4E662F57AC25,exact_task,deterministic,2.0,100,-1,0.5692896526524657,0.8405917527446564,0.6772486772486772,64,46,15,110,79,31,0.3924050632911392,0.8728888746792848
IXMtest_D06_s8_w1BE84C8EF-4CD0-4B56-8267-4E662F57AC25,exact_task,deterministic,4.0,100,-1,0.5516421225222221,0.8230850716998234,0.6702127659574468,63,46,16,109,79,30,0.379746835443038,0.8551102947100433
IXMtest_D06_s8_w1BE84C8EF-4CD0-4B56-8267-4E662F57AC25,exact_task,deterministic,6.0,100,-1,0.540421336294896,0.7931990581102505,0.6813186813186813,62,41,17,103,79,24,0.3037974683544304,0.8283963227783453
IXMtest_D06_s8_w1BE84C8EF-4CD0-4B56-8267-4E662F57AC25,exact_task,poisson,-6.0,50,0,0.5603736214807029,0.8011591619606924,0.6994535519125683,64,40,15,104,79,25,0.31645569620253167,0.8360662009441975
IXMtest_D06_s8_w1BE84C8EF-4CD0-4B56-8267-4E662F57AC25,exact_task,poisson,-6.0,50,1,0.5786863313430904,0.7989326216303861,0.7243243243243244,67,39,12,106,79,27,0.34177215189873417,0.8475420037336652
IXMtest_D06_s8_w1BE84C8EF-4CD0-4B56-8267-4E662F57AC25,exact_task,poisson,-6.0,50,2,0.5869905749576704,0.800441693124096,0.7333333333333333,66,35,13,101,79,22,0.27848101265822783,0.8274606421222264
IXMtest_D06_s8_w1BE84C8EF-4CD0-4B56-8267-4E662F57AC25,exact_task,poisson,-6.0,50,3,0.5719168228999253,0.7972173894968656,0.717391304347826,66,39,13,105,79,26,0.3291139240506329,0.8489063511418206
IXMtest_D06_s8_w1BE84C8EF-4CD0-4B56-8267-4E662F57AC25,exact_task,poisson,-6.0,200,0,0.5736479646533614,0.8048195324987459,0.7127659574468085,67,42,12,109,79,30,0.379746835443038,0.8632616665773702
IXMtest_D06_s8_w1BE84C8EF-4CD0-4B56-8267-4E662F57AC25,exact_task,poisson,-6.0,200,1,0.6000545729307392,0.8087692069936049,0.7419354838709677,69,38,10,107,79,28,0.35443037974683544,0.8607060658658368
IXMtest_D06_s8_w1BE84C8EF-4CD0-4B56-8267-4E662F57AC25,exact_task,poisson,-6.0,200,2,0.5748700601133913,0.8143992518273042,0.7058823529411765,66,42,13,108,79,29,0.3670886075949367,0.8605567949148917
IXMtest_D06_s8_w1BE84C8EF-4CD0-4B56-8267-4E662F57AC25,exact_task,poisson,-6.0,200,3,0.5669696949726527,0.8112027943454877,0.6989247311827957,65,42,14,107,79,28,0.35443037974683544,0.856455886181601
IXMtest_D06_s8_w1BE84C8EF-4CD0-4B56-8267-4E662F57AC25,exact_task,poisson,6.0,50,0,0.5597039341027665,0.7929139066455858,0.7058823529411765,66,42,13,108,79,29,0.3670886075949367,0.8477752463147095
IXMtest_D06_s8_w1BE84C8EF-4CD0-4B56-8267-4E662F57AC25,exact_task,poisson,6.0,50,1,0.5573000133667124,0.7895083522695092,0.7058823529411765,66,42,13,108,79,29,0.3670886075949367,0.8403747650107696
IXMtest_D06_s8_w1BE84C8EF-4CD0-4B56-8267-4E662F57AC25,exact_task,poisson,6.0,50,2,0.5720816505135106,0.8017811010984807,0.7135135135135136,66,40,13,106,79,27,0.34177215189873417,0.8475745859279828
IXMtest_D06_s8_w1BE84C8EF-4CD0-4B56-8267-4E662F57AC25,exact_task,poisson,6.0,50,3,0.5757367835902792,0.7991570279685966,0.7204301075268817,67,40,12,107,79,28,0.35443037974683544,0.8437239603060375
IXMtest_D06_s8_w1BE84C8EF-4CD0-4B56-8267-4E662F57AC25,exact_task,poisson,6.0,200,0,0.5592731021492358,0.8170630476711491,0.6844919786096256,64,44,15,108,79,29,0.3670886075949367,0.8590091709436358
IXMtest_D06_s8_w1BE84C8EF-4CD0-4B56-8267-4E662F57AC25,exact_task,poisson,6.0,200,1,0.5790461830177018,0.8080719121217182,0.7165775401069518,67,41,12,108,79,29,0.3670886075949367,0.8606408752228436
IXMtest_D06_s8_w1BE84C8EF-4CD0-4B56-8267-4E662F57AC25,exact_task,poisson,6.0,200,2,0.5834311214386418,0.8098372282655775,0.7204301075268817,67,40,12,107,79,28,0.35443037974683544,0.85625
IXMtest_D06_s8_w1BE84C8EF-4CD0-4B56-8267-4E662F57AC25,exact_task,poisson,6.0,200,3,0.5662365170387318,0.8064580697218301,0.7021276595744681,66,43,13,109,79,30,0.379746835443038,0.857861769902029
IXMtest_D06_s8_w1BE84C8EF-4CD0-4B56-8267-4E662F57AC25,surrogate,deterministic,-6.0,100,-1,0.5064331835891793,0.813214823648009,0.6227544910179641,52,36,27,88,79,9,0.11392405063291139,0.7580897655487412
IXMtest_D06_s8_w1BE84C8EF-4CD0-4B56-8267-4E662F57AC25,surrogate,deterministic,-4.0,100,-1,0.5462784029655693,0.8282285464316695,0.6595744680851063,62,47,17,109,79,30,0.379746835443038,0.8544995386333836
IXMtest_D06_s8_w1BE84C8EF-4CD0-4B56-8267-4E662F57AC25,surrogate,deterministic,-2.0,100,-1,0.5603232201897403,0.8317297799691459,0.6736842105263158,64,47,15,111,79,32,0.4050632911392405,0.8705970303565321
IXMtest_D06_s8_w1BE84C8EF-4CD0-4B56-8267-4E662F57AC25,surrogate,deterministic,0.0,100,-1,0.5633062258045535,0.8276268394513054,0.680628272251309,65,47,14,112,79,33,0.4177215189873418,0.8736843773776313
IXMtest_D06_s8_w1BE84C8EF-4CD0-4B56-8267-4E662F57AC25,surrogate,deterministic,2.0,100,-1,0.5605496324691249,0.8320658606963574,0.6736842105263158,64,47,15,111,79,32,0.4050632911392405,0.8707055605038809
IXMtest_D06_s8_w1BE84C8EF-4CD0-4B56-8267-4E662F57AC25,surrogate,deterministic,4.0,100,-1,0.5467690115091421,0.8289723722880542,0.6595744680851063,62,47,17,109,79,30,0.379746835443038,0.8548648211105715
IXMtest_D06_s8_w1BE84C8EF-4CD0-4B56-8267-4E662F57AC25,surrogate,deterministic,6.0,100,-1,0.506614500720633,0.8135059771187086,0.6227544910179641,52,36,27,88,79,9,0.11392405063291139,0.7580896237277207
IXMtest_D06_s8_w1BE84C8EF-4CD0-4B56-8267-4E662F57AC25,surrogate,poisson,-6.0,50,0,0.5683690577826369,0.8000887505709428,0.7103825136612022,65,39,14,104,79,25,0.31645569620253167,0.8405665310205288
IXMtest_D06_s8_w1BE84C8EF-4CD0-4B56-8267-4E662F57AC25,surrogate,poisson,-6.0,50,1,0.5873788616838295,0.7977832300481862,0.7362637362637363,67,36,12,103,79,24,0.3037974683544304,0.8501730976454135
IXMtest_D06_s8_w1BE84C8EF-4CD0-4B56-8267-4E662F57AC25,surrogate,poisson,-6.0,50,2,0.5926049249256564,0.797402215157317,0.7431693989071039,68,36,11,104,79,25,0.31645569620253167,0.8365480673172981
IXMtest_D06_s8_w1BE84C8EF-4CD0-4B56-8267-4E662F57AC25,surrogate,poisson,-6.0,50,3,0.5710227873389879,0.7926137197391923,0.7204301075268817,67,40,12,107,79,28,0.35443037974683544,0.8529280218322405
IXMtest_D06_s8_w1BE84C8EF-4CD0-4B56-8267-4E662F57AC25,surrogate,poisson,-6.0,200,0,0.5776250824546949,0.8060887344703579,0.7165775401069518,67,41,12,108,79,29,0.3670886075949367,0.8629313657674276
IXMtest_D06_s8_w1BE84C8EF-4CD0-4B56-8267-4E662F57AC25,surrogate,poisson,-6.0,200,1,0.5773132656517881,0.8178604596733665,0.7058823529411765,66,42,13,108,79,29,0.3670886075949367,0.8620457398279399
IXMtest_D06_s8_w1BE84C8EF-4CD0-4B56-8267-4E662F57AC25,surrogate,poisson,-6.0,200,2,0.5874518709844344,0.8233226979706088,0.7135135135135136,66,40,13,106,79,27,0.34177215189873417,0.8615384615384616
IXMtest_D06_s8_w1BE84C8EF-4CD0-4B56-8267-4E662F57AC25,surrogate,poisson,-6.0,200,3,0.5914923748058539,0.8121984848080382,0.7282608695652174,67,38,12,105,79,26,0.3291139240506329,0.8605779955538804
IXMtest_D06_s8_w1BE84C8EF-4CD0-4B56-8267-4E662F57AC25,surrogate,poisson,6.0,50,0,0.5703462716695993,0.7993489413551201,0.7135135135135136,66,40,13,106,79,27,0.34177215189873417,0.8485489242480309
IXMtest_D06_s8_w1BE84C8EF-4CD0-4B56-8267-4E662F57AC25,surrogate,poisson,6.0,50,1,0.5736938527331127,0.7963213179728281,0.7204301075268817,67,40,12,107,79,28,0.35443037974683544,0.841097841901067
IXMtest_D06_s8_w1BE84C8EF-4CD0-4B56-8267-4E662F57AC25,surrogate,poisson,6.0,50,2,0.5817666466585479,0.8031852957599356,0.7243243243243244,67,39,12,106,79,27,0.34177215189873417,0.8531970307656511
IXMtest_D06_s8_w1BE84C8EF-4CD0-4B56-8267-4E662F57AC25,surrogate,poisson,6.0,50,3,0.5785999146940105,0.8031312248737758,0.7204301075268817,67,40,12,107,79,28,0.35443037974683544,0.8489307643446962
IXMtest_D06_s8_w1BE84C8EF-4CD0-4B56-8267-4E662F57AC25,surrogate,poisson,6.0,200,0,0.5781318755974973,0.8067959756472537,0.7165775401069518,67,41,12,108,79,29,0.3670886075949367,0.8636516785101691
IXMtest_D06_s8_w1BE84C8EF-4CD0-4B56-8267-4E662F57AC25,surrogate,poisson,6.0,200,1,0.5923076610629225,0.8133179823550579,0.7282608695652174,67,38,12,105,79,26,0.3291139240506329,0.8594729174535392
IXMtest_D06_s8_w1BE84C8EF-4CD0-4B56-8267-4E662F57AC25,surrogate,poisson,6.0,200,2,0.5796278842008679,0.812357261948186,0.7135135135135136,66,40,13,106,79,27,0.34177215189873417,0.86506395745889
IXMtest_D06_s8_w1BE84C8EF-4CD0-4B56-8267-4E662F57AC25,surrogate,poisson,6.0,200,3,0.5738343236377064,0.8129319584867507,0.7058823529411765,66,42,13,108,79,29,0.3670886075949367,0.8609300902554688
IXMtest_D08_s7_w1F476A544-A07C-4E9B-A6CB-BAEF4CD6F64E,clear,deterministic,-6.0,100,-1,0.5490111245358633,0.7486515334579955,0.7333333333333333,11,3,5,14,16,2,0.125,0.5869373863036207
IXMtest_D08_s7_w1F476A544-A07C-4E9B-A6CB-BAEF4CD6F64E,clear,deterministic,-4.0,100,-1,0.6360828179813105,0.7723862789773056,0.8235294117647058,14,4,2,18,16,2,0.125,0.7413681430920234
IXMtest_D08_s7_w1F476A544-A07C-4E9B-A6CB-BAEF4CD6F64E,clear,deterministic,-2.0,100,-1,0.6425956160475701,0.7711147392570842,0.8333333333333334,15,5,1,20,16,4,0.25,0.8675638051044083
IXMtest_D08_s7_w1F476A544-A07C-4E9B-A6CB-BAEF4CD6F64E,clear,deterministic,0.0,100,-1,0.6213377997263297,0.7663166196624733,0.8108108108108109,15,6,1,21,16,5,0.3125,0.8665057556628296
IXMtest_D08_s7_w1F476A544-A07C-4E9B-A6CB-BAEF4CD6F64E,clear,deterministic,2.0,100,-1,0.6425956160475701,0.7711147392570842,0.8333333333333334,15,5,1,20,16,4,0.25,0.8675638051044083
IXMtest_D08_s7_w1F476A544-A07C-4E9B-A6CB-BAEF4CD6F64E,clear,deterministic,4.0,100,-1,0.6360828179813105,0.7723862789773056,0.8235294117647058,14,4,2,18,16,2,0.125,0.7413681430920234
IXMtest_D08_s7_w1F476A544-A07C-4E9B-A6CB-BAEF4CD6F64E,clear,deterministic,6.0,100,-1,0.5490111245358633,0.7486515334579955,0.7333333333333333,11,3,5,14,16,2,0.125,0.5869373863036207
IXMtest_D08_s7_w1F476A544-A07C-4E9B-A6CB-BAEF4CD6F64E,clear,poisson,-6.0,50,0,0.6275810704998828,0.7844763381248535,0.8,12,2,4,14,16,2,0.125,0.678925324343651
IXMtest_D08_s7_w1F476A544-A07C-4E9B-A6CB-BAEF4CD6F64E,clear,poisson,-6.0,50,1,0.6741509983237627,0.7704582837985859,0.875,14,2,2,16,16,0,0.0,0.7753256853976278
IXMtest_D08_s7_w1F476A544-A07C-4E9B-A6CB-BAEF4CD6F64E,clear,poisson,-6.0,50,2,0.7022747296562986,0.777518450690902,0.9032258064516129,14,1,2,15,16,1,0.0625,0.7702512952113495
IXMtest_D08_s7_w1F476A544-A07C-4E9B-A6CB-BAEF4CD6F64E,clear,poisson,-6.0,50,3,0.6477303840757593,0.7633965240892878,0.8484848484848485,14,3,2,17,16,1,0.0625,0.7516523227616376
IXMtest_D08_s7_w1F476A544-A07C-4E9B-A6CB-BAEF4CD6F64E,clear,poisson,-6.0,200,0,0.6215521247917765,0.7888930814664855,0.7878787878787878,13,4,3,17,16,1,0.0625,0.7541983255093646
IXMtest_D08_s7_w1F476A544-A07C-4E9B-A6CB-BAEF4CD6F64E,clear,poisson,-6.0,200,1,0.5910474975676407,0.7880633300901877,0.75,12,4,4,16,16,0,0.0,0.7119666281348948
IXMtest_D08_s7_w1F476A544-A07C-4E9B-A6CB-BAEF4CD6F64E,clear,poisson,-6.0,200,2,0.6088508789474418,0.79618961093127,0.7647058823529411,13,5,3,18,16,2,0.125,0.8194669756662805
IXMtest_D08_s7_w1F476A544-A07C-4E9B-A6CB-BAEF4CD6F64E,clear,poisson,-6.0,200,3,0.6747962349892016,0.7952955626658448,0.8484848484848485,14,3,2,17,16,1,0.0625,0.7975946298713407
IXMtest_D08_s7_w1F476A544-A07C-4E9B-A6CB-BAEF4CD6F64E,clear,poisson,6.0,50,0,0.6164427640562076,0.758698786530717,0.8125,13,3,3,16,16,0,0.0,0.7068078369285573
IXMtest_D08_s7_w1F476A544-A07C-4E9B-A6CB-BAEF4CD6F64E,clear,poisson,6.0,50,1,0.6626661716848459,0.7646148134825145,0.8666666666666667,13,1,3,14,16,2,0.125,0.7237453412977995
IXMtest_D08_s7_w1F476A544-A07C-4E9B-A6CB-BAEF4CD6F64E,clear,poisson,6.0,50,2,0.6285520420215825,0.7494274347180407,0.8387096774193549,13,2,3,15,16,1,0.0625,0.716166186754422
IXMtest_D08_s7_w1F476A544-A07C-4E9B-A6CB-BAEF4CD6F64E,clear,poisson,6.0,50,3,0.6224818412531842,0.7661314969269959,0.8125,13,3,3,16,16,0,0.0,0.6944947394176658
IXMtest_D08_s7_w1F476A544-A07C-4E9B-A6CB-BAEF4CD6F64E,clear,poisson,6.0,200,0,0.6433406101005869,0.7918038278161069,0.8125,13,3,3,16,16,0,0.0,0.7746060065417781
IXMtest_D08_s7_w1F476A544-A07C-4E9B-A6CB-BAEF4CD6F64E,clear,poisson,6.0,200,1,0.6476529980600311,0.7633053191421795,0.8484848484848485,14,3,2,17,16,1,0.0625,0.8201547461785242
IXMtest_D08_s7_w1F476A544-A07C-4E9B-A6CB-BAEF4CD6F64E,clear,poisson,6.0,200,2,0.6545088251067557,0.7713854010186764,0.8484848484848485,14,3,2,17,16,1,0.0625,0.8340024274110728
IXMtest_D08_s7_w1F476A544-A07C-4E9B-A6CB-BAEF4CD6F64E,clear,poisson,6.0,200,3,0.5916452336938058,0.7964455068955079,0.7428571428571429,13,6,3,19,16,3,0.1875,0.7829475131790052
IXMtest_D08_s7_w1F476A544-A07C-4E9B-A6CB-BAEF4CD6F64E,cubic,deterministic,-6.0,100,-1,0.5490111245358633,0.7486515334579955,0.7333333333333333,11,3,5,14,16,2,0.125,0.5869373863036207
IXMtest_D08_s7_w1F476A544-A07C-4E9B-A6CB-BAEF4CD6F64E,cubic,deterministic,-4.0,100,-1,0.6360828179813105,0.7723862789773056,0.8235294117647058,14,4,2,18,16,2,0.125,0.7413681430920234
IXMtest_D08_s7_w1F476A544-A07C-4E9B-A6CB-BAEF4CD6F64E,cubic,deterministic,-2.0,100,-1,0.6425956160475701,0.7711147392570842,0.8333333333333334,15,5,1,20,16,4,0.25,0.8675638051044083
IXMtest_D08_s7_w1F476A544-A07C-4E9B-A6CB-BAEF4CD6F64E,cubic,deterministic,0.0,100,-1,0.6213377997263297,0.7663166196624733,0.8108108108108109,15,6,1,21,16,5,0.3125,0.8665057556628296
IXMtest_D08_s7_w1F476A544-A07C-4E9B-A6CB-BAEF4CD6F64E,cubic,deterministic,2.0,100,-1,0.6425956160475701,0.7711147392570842,0.8333333333333334,15,5,1,20,16,4,0.25,0.8675638051044083
IXMtest_D08_s7_w1F476A544-A07C-4E9B-A6CB-BAEF4CD6F64E,cubic,deterministic,4.0,100,-1,0.6360828179813105,0.7723862789773056,0.8235294117647058,14,4,2,18,16,2,0.125,0.7413681430920234
IXMtest_D08_s7_w1F476A544-A07C-4E9B-A6CB-BAEF4CD6F64E,cubic,deterministic,6.0,100,-1,0.5490111245358633,0.7486515334579955,0.7333333333333333,11,3,5,14,16,2,0.125,0.5869373863036207
IXMtest_D08_s7_w1F476A544-A07C-4E9B-A6CB-BAEF4CD6F64E,cubic,poisson,-6.0,50,0,0.6275810704998828,0.7844763381248535,0.8,12,2,4,14,16,2,0.125,0.678925324343651
IXMtest_D08_s7_w1F476A544-A07C-4E9B-A6CB-BAEF4CD6F64E,cubic,poisson,-6.0,50,1,0.6741509983237627,0.7704582837985859,0.875,14,2,2,16,16,0,0.0,0.7753256853976278
IXMtest_D08_s7_w1F476A544-A07C-4E9B-A6CB-BAEF4CD6F64E,cubic,poisson,-6.0,50,2,0.7022747296562986,0.777518450690902,0.9032258064516129,14,1,2,15,16,1,0.0625,0.7702512952113495
IXMtest_D08_s7_w1F476A544-A07C-4E9B-A6CB-BAEF4CD6F64E,cubic,poisson,-6.0,50,3,0.6477303840757593,0.7633965240892878,0.8484848484848485,14,3,2,17,16,1,0.0625,0.7516523227616376
IXMtest_D08_s7_w1F476A544-A07C-4E9B-A6CB-BAEF4CD6F64E,cubic,poisson,-6.0,200,0,0.6215521247917765,0.7888930814664855,0.7878787878787878,13,4,3,17,16,1,0.0625,0.7541983255093646
IXMtest_D08_s7_w1F476A544-A07C-4E9B-A6CB-BAEF4CD6F64E,cubic,poisson,-6.0,200,1,0.5910474975676407,0.7880633300901877,0.75,12,4,4,16,16,0,0.0,0.7119666281348948
IXMtest_D08_s7_w1F476A544-A07C-4E9B-A6CB-BAEF4CD6F64E,cubic,poisson,-6.0,200,2,0.6088508789474418,0.79618961093127,0.7647058823529411,13,5,3,18,16,2,0.125,0.8194669756662805
IXMtest_D08_s7_w1F476A544-A07C-4E9B-A6CB-BAEF4CD6F64E,cubic,poisson,-6.0,200,3,0.6747962349892016,0.7952955626658448,0.8484848484848485,14,3,2,17,16,1,0.0625,0.7975946298713407
IXMtest_D08_s7_w1F476A544-A07C-4E9B-A6CB-BAEF4CD6F64E,cubic,poisson,6.0,50,0,0.6164427640562076,0.758698786530717,0.8125,13,3,3,16,16,0,0.0,0.7068078369285573
IXMtest_D08_s7_w1F476A544-A07C-4E9B-A6CB-BAEF4CD6F64E,cubic,poisson,6.0,50,1,0.6626661716848459,0.7646148134825145,0.8666666666666667,13,1,3,14,16,2,0.125,0.7237453412977995
IXMtest_D08_s7_w1F476A544-A07C-4E9B-A6CB-BAEF4CD6F64E,cubic,poisson,6.0,50,2,0.6285520420215825,0.7494274347180407,0.8387096774193549,13,2,3,15,16,1,0.0625,0.716166186754422
IXMtest_D08_s7_w1F476A544-A07C-4E9B-A6CB-BAEF4CD6F64E,cubic,poisson,6.0,50,3,0.6224818412531842,0.7661314969269959,0.8125,13,3,3,16,16,0,0.0,0.6944947394176658
IXMtest_D08_s7_w1F476A544-A07C-4E9B-A6CB-BAEF4CD6F64E,cubic,poisson,6.0,200,0,0.6433406101005869,0.7918038278161069,0.8125,13,3,3,16,16,0,0.0,0.7746060065417781
IXMtest_D08_s7_w1F476A544-A07C-4E9B-A6CB-BAEF4CD6F64E,cubic,poisson,6.0,200,1,0.6476529980600311,0.7633053191421795,0.8484848484848485,14,3,2,17,16,1,0.0625,0.8201547461785242
IXMtest_D08_s7_w1F476A544-A07C-4E9B-A6CB-BAEF4CD6F64E,cubic,poisson,6.0,200,2,0.6545088251067557,0.7713854010186764,0.8484848484848485,14,3,2,17,16,1,0.0625,0.8340024274110728
IXMtest_D08_s7_w1F476A544-A07C-4E9B-A6CB-BAEF4CD6F64E,cubic,poisson,6.0,200,3,0.5916452336938058,0.7964455068955079,0.7428571428571429,13,6,3,19,16,3,0.1875,0.7829475131790052
IXMtest_D08_s7_w1F476A544-A07C-4E9B-A6CB-BAEF4CD6F64E,image_fidelity,deterministic,-6.0,100,-1,0.5479768429281137,0.7472411494474277,0.7333333333333333,11,3,5,14,16,2,0.125,0.5862615122895524
IXMtest_D08_s7_w1F476A544-A07C-4E9B-A6CB-BAEF4CD6F64E,image_fidelity,deterministic,-4.0,100,-1,0.6354077975631546,0.7715666113266877,0.8235294117647058,14,4,2,18,16,2,0.125,0.7411207970112079
IXMtest_D08_s7_w1F476A544-A07C-4E9B-A6CB-BAEF4CD6F64E,image_fidelity,deterministic,-2.0,100,-1,0.6423525324754322,0.7708230389705187,0.8333333333333334,15,5,1,20,16,4,0.25,0.8674709976798144
IXMtest_D08_s7_w1F476A544-A07C-4E9B-A6CB-BAEF4CD6F64E,image_fidelity,deterministic,0.0,100,-1,0.6393166486735953,0.7671799784083143,0.8333333333333334,15,5,1,20,16,4,0.25,0.8657187993680885
IXMtest_D08_s7_w1F476A544-A07C-4E9B-A6CB-BAEF4CD6F64E,image_fidelity,deterministic,2.0,100,-1,0.6424850874812569,0.7709821049775082,0.8333333333333334,15,5,1,20,16,4,0.25,0.8675392184164114
IXMtest_D08_s7_w1F476A544-A07C-4E9B-A6CB-BAEF4CD6F64E,image_fidelity,deterministic,4.0,100,-1,0.6343371450616964,0.7702665332892027,0.8235294117647058,14,4,2,18,16,2,0.125,0.7401425651762126
IXMtest_D08_s7_w1F476A544-A07C-4E9B-A6CB-BAEF4CD6F64E,image_fidelity,deterministic,6.0,100,-1,0.5486654089112292,0.748180103060767,0.7333333333333333,11,3,5,14,16,2,0.125,0.5866338086017719
IXMtest_D08_s7_w1F476A544-A07C-4E9B-A6CB-BAEF4CD6F64E,image_fidelity,poisson,-6.0,50,0,0.6424575400409774,0.7660070669719347,0.8387096774193549,13,2,3,15,16,1,0.0625,0.7100394297846527
IXMtest_D08_s7_w1F476A544-A07C-4E9B-A6CB-BAEF4CD6F64E,image_fidelity,poisson,-6.0,50,1,0.6561411375368189,0.7928372078569895,0.8275862068965517,12,1,4,13,16,3,0.1875,0.6947545818411628
IXMtest_D08_s7_w1F476A544-A07C-4E9B-A6CB-BAEF4CD6F64E,image_fidelity,poisson,-6.0,50,2,0.6687755992818741,0.7716641530175471,0.8666666666666667,13,1,3,14,16,2,0.125,0.7205882352941176
IXMtest_D08_s7_w1F476A544-A07C-4E9B-A6CB-BAEF4CD6F64E,image_fidelity,poisson,-6.0,50,3,0.6781206782106197,0.7749950608121369,0.875,14,2,2,16,16,0,0.0,0.7455955572577556
IXMtest_D08_s7_w1F476A544-A07C-4E9B-A6CB-BAEF4CD6F64E,image_fidelity,poisson,-6.0,200,0,0.6057110007468767,0.7920836163613002,0.7647058823529411,13,5,3,18,16,2,0.125,0.7919139465875371
IXMtest_D08_s7_w1F476A544-A07C-4E9B-A6CB-BAEF4CD6F64E,image_fidelity,poisson,-6.0,200,1,0.6781252538460748,0.7685419543588847,0.8823529411764706,15,3,1,18,16,2,0.125,0.8289322617680827
IXMtest_D08_s7_w1F476A544-A07C-4E9B-A6CB-BAEF4CD6F64E,image_fidelity,poisson,-6.0,200,2,0.6180218029600217,0.7606422190277191,0.8125,13,3,3,16,16,0,0.0,0.7159160383126146
IXMtest_D08_s7_w1F476A544-A07C-4E9B-A6CB-BAEF4CD6F64E,image_fidelity,poisson,-6.0,200,3,0.6146336168414934,0.7682920210518668,0.8,14,5,2,19,16,3,0.1875,0.801841238323029
IXMtest_D08_s7_w1F476A544-A07C-4E9B-A6CB-BAEF4CD6F64E,image_fidelity,poisson,6.0,50,0,0.5882487095762968,0.7843316127683958,0.75,12,4,4,16,16,0,0.0,0.7176833515772714
IXMtest_D08_s7_w1F476A544-A07C-4E9B-A6CB-BAEF4CD6F64E,image_fidelity,poisson,6.0,50,1,0.7009417526486661,0.776042654718166,0.9032258064516129,14,1,2,15,16,1,0.0625,0.7659947414548641
IXMtest_D08_s7_w1F476A544-A07C-4E9B-A6CB-BAEF4CD6F64E,image_fidelity,poisson,6.0,50,2,0.6595391291246626,0.7537590047139001,0.875,14,2,2,16,16,0,0.0,0.7631915102682519
IXMtest_D08_s7_w1F476A544-A07C-4E9B-A6CB-BAEF4CD6F64E,image_fidelity,poisson,6.0,50,3,0.6133374229745812,0.7666717787182264,0.8,12,2,4,14,16,2,0.125,0.6650035637918745
IXMtest_D08_s7_w1F476A544-A07C-4E9B-A6CB-BAEF4CD6F64E,image_fidelity,poisson,6.0,200,0,0.5682045169389736,0.7812812107910886,0.7272727272727273,12,5,4,17,16,1,0.0625,0.771083172147002
IXMtest_D08_s7_w1F476A544-A07C-4E9B-A6CB-BAEF4CD6F64E,image_fidelity,poisson,6.0,200,1,0.5735355318773989,0.7886113563314235,0.7272727272727273,12,5,4,17,16,1,0.0625,0.7002136009140132
IXMtest_D08_s7_w1F476A544-A07C-4E9B-A6CB-BAEF4CD6F64E,image_fidelity,poisson,6.0,200,2,0.5700820045176842,0.7838627562118158,0.7272727272727273,12,5,4,17,16,1,0.0625,0.75702559150169
IXMtest_D08_s7_w1F476A544-A07C-4E9B-A6CB-BAEF4CD6F64E,image_fidelity,poisson,6.0,200,3,0.6400161512187894,0.7771624693371014,0.8235294117647058,14,4,2,18,16,2,0.125,0.8266507812857994
IXMtest_D08_s7_w1F476A544-A07C-4E9B-A6CB-BAEF4CD6F64E,exact_task,deterministic,-6.0,100,-1,0.5777582666789824,0.7555300410417463,0.7647058823529411,13,5,3,18,16,2,0.125,0.72491522042689
IXMtest_D08_s7_w1F476A544-A07C-4E9B-A6CB-BAEF4CD6F64E,exact_task,deterministic,-4.0,100,-1,0.6213143611152422,0.7885913044924228,0.7878787878787878,13,4,3,17,16,1,0.0625,0.7578818487909397
IXMtest_D08_s7_w1F476A544-A07C-4E9B-A6CB-BAEF4CD6F64E,exact_task,deterministic,-2.0,100,-1,0.7010512945020837,0.794524800435695,0.8823529411764706,15,3,1,18,16,2,0.125,0.8727911925247479
IXMtest_D08_s7_w1F476A544-A07C-4E9B-A6CB-BAEF4CD6F64E,exact_task,deterministic,0.0,100,-1,0.6835230158618152,0.797443518505451,0.8571428571428571,15,4,1,19,16,3,0.1875,0.876173736065498
IXMtest_D08_s7_w1F476A544-A07C-4E9B-A6CB-BAEF4CD6F64E,exact_task,deterministic,2.0,100,-1,0.7003104435631274,0.7936851693715444,0.8823529411764706,15,3,1,18,16,2,0.125,0.8722193960135042
IXMtest_D08_s7_w1F476A544-A07C-4E9B-A6CB-BAEF4CD6F64E,exact_task,deterministic,4.0,100,-1,0.6024571576813756,0.7878285908141065,0.7647058823529411,13,5,3,18,16,2,0.125,0.7958842063804648
IXMtest_D08_s7_w1F476A544-A07C-4E9B-A6CB-BAEF4CD6F64E,exact_task,deterministic,6.0,100,-1,0.5757597779575472,0.7529166327137156,0.7647058823529411,13,5,3,18,16,2,0.125,0.7226782072327513
IXMtest_D08_s7_w1F476A544-A07C-4E9B-A6CB-BAEF4CD6F64E,exact_task,poisson,-6.0,50,0,0.6981132347639943,0.7786647618521475,0.896551724137931,13,0,3,13,16,3,0.1875,0.748150496723737
IXMtest_D08_s7_w1F476A544-A07C-4E9B-A6CB-BAEF4CD6F64E,exact_task,poisson,-6.0,50,1,0.6690277673650221,0.7719551161904101,0.8666666666666667,13,1,3,14,16,2,0.125,0.7178648123530014
IXMtest_D08_s7_w1F476A544-A07C-4E9B-A6CB-BAEF4CD6F64E,exact_task,poisson,-6.0,50,2,0.6731227224986115,0.7692831114269846,0.875,14,2,2,16,16,0,0.0,0.7400746197263943
IXMtest_D08_s7_w1F476A544-A07C-4E9B-A6CB-BAEF4CD6F64E,exact_task,poisson,-6.0,50,3,0.6109666994590666,0.7519590147188512,0.8125,13,3,3,16,16,0,0.0,0.7090725806451613
IXMtest_D08_s7_w1F476A544-A07C-4E9B-A6CB-BAEF4CD6F64E,exact_task,poisson,-6.0,200,0,0.6039643769439705,0.7897995698498076,0.7647058823529411,13,5,3,18,16,2,0.125,0.7410568715833893
IXMtest_D08_s7_w1F476A544-A07C-4E9B-A6CB-BAEF4CD6F64E,exact_task,poisson,-6.0,200,1,0.6151480731249199,0.7807648620431676,0.7878787878787878,13,4,3,17,16,1,0.0625,0.7547002657741904
IXMtest_D08_s7_w1F476A544-A07C-4E9B-A6CB-BAEF4CD6F64E,exact_task,poisson,-6.0,200,2,0.6217135867855985,0.7890980139971059,0.7878787878787878,13,4,3,17,16,1,0.0625,0.8133143128863528
IXMtest_D08_s7_w1F476A544-A07C-4E9B-A6CB-BAEF4CD6F64E,exact_task,poisson,-6.0,200,3,0.6384243043203254,0.7752295123889665,0.8235294117647058,14,4,2,18,16,2,0.125,0.830697075593158
IXMtest_D08_s7_w1F476A544-A07C-4E9B-A6CB-BAEF4CD6F64E,exact_task,poisson,6.0,50,0,0.7005837038155175,0.7756462435100372,0.9032258064516129,14,1,2,15,16,1,0.0625,0.7589073634204275
IXMtest_D08_s7_w1F476A544-A07C-4E9B-A6CB-BAEF4CD6F64E,exact_task,poisson,6.0,50,1,0.6043157022576006,0.7805744487494007,0.7741935483870968,12,3,4,15,16,1,0.0625,0.7256592033457439
IXMtest_D08_s7_w1F476A544-A07C-4E9B-A6CB-BAEF4CD6F64E,exact_task,poisson,6.0,50,2,0.6789194839888856,0.7833686353717911,0.8666666666666667,13,1,3,14,16,2,0.125,0.7276808488929701
IXMtest_D08_s7_w1F476A544-A07C-4E9B-A6CB-BAEF4CD6F64E,exact_task,poisson,6.0,50,3,0.6529383869022424,0.7785034613065197,0.8387096774193549,13,2,3,15,16,1,0.0625,0.7057591623036649
IXMtest_D08_s7_w1F476A544-A07C-4E9B-A6CB-BAEF4CD6F64E,exact_task,poisson,6.0,200,0,0.5685924875641735,0.7818146704007386,0.7272727272727273,12,5,4,17,16,1,0.0625,0.7758828928933765
IXMtest_D08_s7_w1F476A544-A07C-4E9B-A6CB-BAEF4CD6F64E,exact_task,poisson,6.0,200,1,0.6459527020684771,0.7843711382260079,0.8235294117647058,14,4,2,18,16,2,0.125,0.8707169333694964
IXMtest_D08_s7_w1F476A544-A07C-4E9B-A6CB-BAEF4CD6F64E,exact_task,poisson,6.0,200,2,0.6783490870352277,0.7752560994688317,0.875,14,2,2,16,16,0,0.0,0.828131619827708
IXMtest_D08_s7_w1F476A544-A07C-4E9B-A6CB-BAEF4CD6F64E,exact_task,poisson,6.0,200,3,0.6363288039706609,0.7726849762500884,0.8235294117647058,14,4,2,18,16,2,0.125,0.8229822161422709
IXMtest_D08_s7_w1F476A544-A07C-4E9B-A6CB-BAEF4CD6F64E,surrogate,deterministic,-6.0,100,-1,0.5433140224452243,0.7408827578798513,0.7333333333333333,11,3,5,14,16,2,0.125,0.5838756962767517
IXMtest_D08_s7_w1F476A544-A07C-4E9B-A6CB-BAEF4CD6F64E,surrogate,deterministic,-4.0,100,-1,0.6349261941088107,0.7709818071321273,0.8235294117647058,14,4,2,18,16,2,0.125,0.7403127801573862
IXMtest_D08_s7_w1F476A544-A07C-4E9B-A6CB-BAEF4CD6F64E,surrogate,deterministic,-2.0,100,-1,0.6445709452672859,0.7734851343207431,0.8333333333333334,15,5,1,20,16,4,0.25,0.868467464958693
IXMtest_D08_s7_w1F476A544-A07C-4E9B-A6CB-BAEF4CD6F64E,surrogate,deterministic,0.0,100,-1,0.642085459963516,0.7705025519562192,0.8333333333333334,15,5,1,20,16,4,0.25,0.8672747580044676
IXMtest_D08_s7_w1F476A544-A07C-4E9B-A6CB-BAEF4CD6F64E,surrogate,deterministic,2.0,100,-1,0.6446710551197187,0.7736052661436623,0.8333333333333334,15,5,1,20,16,4,0.25,0.8685199795795239
IXMtest_D08_s7_w1F476A544-A07C-4E9B-A6CB-BAEF4CD6F64E,surrogate,deterministic,4.0,100,-1,0.6355467368827972,0.7717353233576822,0.8235294117647058,14,4,2,18,16,2,0.125,0.7412455232789494
IXMtest_D08_s7_w1F476A544-A07C-4E9B-A6CB-BAEF4CD6F64E,surrogate,deterministic,6.0,100,-1,0.5435426449134863,0.7411945157911176,0.7333333333333333,11,3,5,14,16,2,0.125,0.5839004928420558
IXMtest_D08_s7_w1F476A544-A07C-4E9B-A6CB-BAEF4CD6F64E,surrogate,poisson,-6.0,50,0,0.6708762817202054,0.7740880173694678,0.8666666666666667,13,1,3,14,16,2,0.125,0.7243563547200654
IXMtest_D08_s7_w1F476A544-A07C-4E9B-A6CB-BAEF4CD6F64E,surrogate,poisson,-6.0,50,1,0.7410455503584171,0.7939773753840184,0.9333333333333333,14,0,2,14,16,2,0.125,0.8018317230273752
IXMtest_D08_s7_w1F476A544-A07C-4E9B-A6CB-BAEF4CD6F64E,surrogate,poisson,-6.0,50,2,0.6792554938618555,0.7837563390713717,0.8666666666666667,13,1,3,14,16,2,0.125,0.7317396401447577
IXMtest_D08_s7_w1F476A544-A07C-4E9B-A6CB-BAEF4CD6F64E,surrogate,poisson,-6.0,50,3,0.583572418084758,0.778096557446344,0.75,12,4,4,16,16,0,0.0,0.707414429697635
IXMtest_D08_s7_w1F476A544-A07C-4E9B-A6CB-BAEF4CD6F64E,surrogate,poisson,-6.0,200,0,0.6089707712964414,0.7865872462579034,0.7741935483870968,12,3,4,15,16,1,0.0625,0.7291741795888929
IXMtest_D08_s7_w1F476A544-A07C-4E9B-A6CB-BAEF4CD6F64E,surrogate,poisson,-6.0,200,1,0.6191869704865698,0.7858911548483386,0.7878787878787878,13,4,3,17,16,1,0.0625,0.7598436736687836
IXMtest_D08_s7_w1F476A544-A07C-4E9B-A6CB-BAEF4CD6F64E,surrogate,poisson,-6.0,200,2,0.624060518197235,0.7680744839350584,0.8125,13,3,3,16,16,0,0.0,0.7841301133563332
IXMtest_D08_s7_w1F476A544-A07C-4E9B-A6CB-BAEF4CD6F64E,surrogate,poisson,-6.0,200,3,0.5967422308289354,0.7956563077719139,0.75,12,4,4,16,16,0,0.0,0.7128443143981434
IXMtest_D08_s7_w1F476A544-A07C-4E9B-A6CB-BAEF4CD6F64E,surrogate,poisson,6.0,50,0,0.6342075679593011,0.7805631605652936,0.8125,13,3,3,16,16,0,0.0,0.7677687974528533
IXMtest_D08_s7_w1F476A544-A07C-4E9B-A6CB-BAEF4CD6F64E,surrogate,poisson,6.0,50,1,0.6511393751663435,0.7513146636534732,0.8666666666666667,13,1,3,14,16,2,0.125,0.6977610010858886
IXMtest_D08_s7_w1F476A544-A07C-4E9B-A6CB-BAEF4CD6F64E,surrogate,poisson,6.0,50,2,0.6621903068042555,0.7895345965743046,0.8387096774193549,13,2,3,15,16,1,0.0625,0.7152161042036708
IXMtest_D08_s7_w1F476A544-A07C-4E9B-A6CB-BAEF4CD6F64E,surrogate,poisson,6.0,50,3,0.6516605025234009,0.7680284494025796,0.8484848484848485,14,3,2,17,16,1,0.0625,0.7521606875573367
IXMtest_D08_s7_w1F476A544-A07C-4E9B-A6CB-BAEF4CD6F64E,surrogate,poisson,6.0,200,0,0.6044651533923395,0.7904544313592132,0.7647058823529411,13,5,3,18,16,2,0.125,0.8069126576366185
IXMtest_D08_s7_w1F476A544-A07C-4E9B-A6CB-BAEF4CD6F64E,surrogate,poisson,6.0,200,1,0.6946765298385221,0.7641441828223743,0.9090909090909091,15,2,1,17,16,1,0.0625,0.8355376921998411
IXMtest_D08_s7_w1F476A544-A07C-4E9B-A6CB-BAEF4CD6F64E,surrogate,poisson,6.0,200,2,0.6202998225403193,0.7873036209165591,0.7878787878787878,13,4,3,17,16,1,0.0625,0.7622010499708342
IXMtest_D08_s7_w1F476A544-A07C-4E9B-A6CB-BAEF4CD6F64E,surrogate,poisson,6.0,200,3,0.6515378953271027,0.7678839480640853,0.8484848484848485,14,3,2,17,16,1,0.0625,0.7597984048539413
IXMtest_D20_s3_w19D371AF3-0189-48A3-AF3B-D108DE6A017F,clear,deterministic,-6.0,100,-1,0.5865105332481929,0.83977644533264,0.6984126984126984,66,40,17,106,83,23,0.27710843373493976,0.7986156400071145
IXMtest_D20_s3_w19D371AF3-0189-48A3-AF3B-D108DE6A017F,clear,deterministic,-4.0,100,-1,0.6132661704404092,0.8411691391851559,0.729064039408867,74,46,9,120,83,37,0.4457831325301205,0.8574116084767333
IXMtest_D20_s3_w19D371AF3-0189-48A3-AF3B-D108DE6A017F,clear,deterministic,-2.0,100,-1,0.6178532019784727,0.8432861270246722,0.7326732673267327,74,45,9,119,83,36,0.43373493975903615,0.8617630637523522
IXMtest_D20_s3_w19D371AF3-0189-48A3-AF3B-D108DE6A017F,clear,deterministic,0.0,100,-1,0.6183945256132852,0.8440249606343488,0.7326732673267327,74,45,9,119,83,36,0.43373493975903615,0.8618650325376616
IXMtest_D20_s3_w19D371AF3-0189-48A3-AF3B-D108DE6A017F,clear,deterministic,2.0,100,-1,0.6178532019784727,0.8432861270246722,0.7326732673267327,74,45,9,119,83,36,0.43373493975903615,0.8617630637523522
IXMtest_D20_s3_w19D371AF3-0189-48A3-AF3B-D108DE6A017F,clear,deterministic,4.0,100,-1,0.6132661704404092,0.8411691391851559,0.729064039408867,74,46,9,120,83,37,0.4457831325301205,0.8574116084767333
IXMtest_D20_s3_w19D371AF3-0189-48A3-AF3B-D108DE6A017F,clear,deterministic,6.0,100,-1,0.5865105332481929,0.83977644533264,0.6984126984126984,66,40,17,106,83,23,0.27710843373493976,0.7986156400071145
IXMtest_D20_s3_w19D371AF3-0189-48A3-AF3B-D108DE6A017F,clear,poisson,-6.0,50,0,0.5905486218789463,0.803802290890788,0.7346938775510204,72,41,11,113,83,30,0.3614457831325301,0.8201231268365976
IXMtest_D20_s3_w19D371AF3-0189-48A3-AF3B-D108DE6A017F,clear,poisson,-6.0,50,1,0.5881118846234041,0.8034768001192987,0.7319587628865979,71,40,12,111,83,28,0.3373493975903614,0.823082814872546
IXMtest_D20_s3_w19D371AF3-0189-48A3-AF3B-D108DE6A017F,clear,poisson,-6.0,50,2,0.5925519493287694,0.8011970019093221,0.7395833333333334,71,38,12,109,83,26,0.3132530120481928,0.8134054667396106
IXMtest_D20_s3_w19D371AF3-0189-48A3-AF3B-D108DE6A017F,clear,poisson,-6.0,50,3,0.5874588135671841,0.7926670292653101,0.7411167512690355,73,41,10,114,83,31,0.37349397590361444,0.8327664924237411
IXMtest_D20_s3_w19D371AF3-0189-48A3-AF3B-D108DE6A017F,clear,poisson,-6.0,200,0,0.5983274403857761,0.8196266306654468,0.73,73,44,10,117,83,34,0.40963855421686746,0.844953642384106
IXMtest_D20_s3_w19D371AF3-0189-48A3-AF3B-D108DE6A017F,clear,poisson,-6.0,200,1,0.6012428848741096,0.8195022882873138,0.7336683417085427,73,43,10,116,83,33,0.39759036144578314,0.8444370817043271
IXMtest_D20_s3_w19D371AF3-0189-48A3-AF3B-D108DE6A017F,clear,poisson,-6.0,200,2,0.6144470883411579,0.817878894616271,0.751269035532995,74,40,9,114,83,31,0.37349397590361444,0.8486935788323343
IXMtest_D20_s3_w19D371AF3-0189-48A3-AF3B-D108DE6A017F,clear,poisson,-6.0,200,3,0.6016900492460101,0.8201117794517535,0.7336683417085427,73,43,10,116,83,33,0.39759036144578314,0.8476541630114307
IXMtest_D20_s3_w19D371AF3-0189-48A3-AF3B-D108DE6A017F,clear,poisson,6.0,50,0,0.6040573669798908,0.8082457727195721,0.7473684210526316,71,36,12,107,83,24,0.2891566265060241,0.8140903113858501
IXMtest_D20_s3_w19D371AF3-0189-48A3-AF3B-D108DE6A017F,clear,poisson,6.0,50,1,0.5730043401650076,0.8022060762310106,0.7142857142857143,70,43,13,113,83,30,0.3614457831325301,0.8232653824574527
IXMtest_D20_s3_w19D371AF3-0189-48A3-AF3B-D108DE6A017F,clear,poisson,6.0,50,2,0.5867267809926259,0.7986003407955186,0.7346938775510204,72,41,11,113,83,30,0.3614457831325301,0.8179211421620068
IXMtest_D20_s3_w19D371AF3-0189-48A3-AF3B-D108DE6A017F,clear,poisson,6.0,50,3,0.5861545255492774,0.802776850208793,0.7301587301587301,69,37,14,106,83,23,0.27710843373493976,0.8118370926631403
IXMtest_D20_s3_w19D371AF3-0189-48A3-AF3B-D108DE6A017F,clear,poisson,6.0,200,0,0.6146828015550139,0.8181926480157955,0.751269035532995,74,40,9,114,83,31,0.37349397590361444,0.844112461724042
IXMtest_D20_s3_w19D371AF3-0189-48A3-AF3B-D108DE6A017F,clear,poisson,6.0,200,1,0.6199728016578446,0.8168560562383764,0.7589743589743589,74,38,9,112,83,29,0.3493975903614458,0.8385573350587325
IXMtest_D20_s3_w19D371AF3-0189-48A3-AF3B-D108DE6A017F,clear,poisson,6.0,200,2,0.6077383539319312,0.8212680458539612,0.74,74,43,9,117,83,34,0.40963855421686746,0.8470539957375269
IXMtest_D20_s3_w19D371AF3-0189-48A3-AF3B-D108DE6A017F,clear,poisson,6.0,200,3,0.609538222264986,0.8195817988562988,0.7437185929648241,74,42,9,116,83,33,0.39759036144578314,0.8509937294080137
IXMtest_D20_s3_w19D371AF3-0189-48A3-AF3B-D108DE6A017F,cubic,deterministic,-6.0,100,-1,0.5865105332481929,0.83977644533264,0.6984126984126984,66,40,17,106,83,23,0.27710843373493976,0.7986156400071145
IXMtest_D20_s3_w19D371AF3-0189-48A3-AF3B-D108DE6A017F,cubic,deterministic,-4.0,100,-1,0.6132661704404092,0.8411691391851559,0.729064039408867,74,46,9,120,83,37,0.4457831325301205,0.8574116084767333
IXMtest_D20_s3_w19D371AF3-0189-48A3-AF3B-D108DE6A017F,cubic,deterministic,-2.0,100,-1,0.6178532019784727,0.8432861270246722,0.7326732673267327,74,45,9,119,83,36,0.43373493975903615,0.8617630637523522
IXMtest_D20_s3_w19D371AF3-0189-48A3-AF3B-D108DE6A017F,cubic,deterministic,0.0,100,-1,0.6183945256132852,0.8440249606343488,0.7326732673267327,74,45,9,119,83,36,0.43373493975903615,0.8618650325376616
IXMtest_D20_s3_w19D371AF3-0189-48A3-AF3B-D108DE6A017F,cubic,deterministic,2.0,100,-1,0.6178532019784727,0.8432861270246722,0.7326732673267327,74,45,9,119,83,36,0.43373493975903615,0.8617630637523522
IXMtest_D20_s3_w19D371AF3-0189-48A3-AF3B-D108DE6A017F,cubic,deterministic,4.0,100,-1,0.6132661704404092,0.8411691391851559,0.729064039408867,74,46,9,120,83,37,0.4457831325301205,0.8574116084767333
IXMtest_D20_s3_w19D371AF3-0189-48A3-AF3B-D108DE6A017F,cubic,deterministic,6.0,100,-1,0.5865105332481929,0.83977644533264,0.6984126984126984,66,40,17,106,83,23,0.27710843373493976,0.7986156400071145
IXMtest_D20_s3_w19D371AF3-0189-48A3-AF3B-D108DE6A017F,cubic,poisson,-6.0,50,0,0.5905486218789463,0.803802290890788,0.7346938775510204,72,41,11,113,83,30,0.3614457831325301,0.8201231268365976
IXMtest_D20_s3_w19D371AF3-0189-48A3-AF3B-D108DE6A017F,cubic,poisson,-6.0,50,1,0.5881118846234041,0.8034768001192987,0.7319587628865979,71,40,12,111,83,28,0.3373493975903614,0.823082814872546
IXMtest_D20_s3_w19D371AF3-0189-48A3-AF3B-D108DE6A017F,cubic,poisson,-6.0,50,2,0.5925519493287694,0.8011970019093221,0.7395833333333334,71,38,12,109,83,26,0.3132530120481928,0.8134054667396106
IXMtest_D20_s3_w19D371AF3-0189-48A3-AF3B-D108DE6A017F,cubic,poisson,-6.0,50,3,0.5874588135671841,0.7926670292653101,0.7411167512690355,73,41,10,114,83,31,0.37349397590361444,0.8327664924237411
IXMtest_D20_s3_w19D371AF3-0189-48A3-AF3B-D108DE6A017F,cubic,poisson,-6.0,200,0,0.5983274403857761,0.8196266306654468,0.73,73,44,10,117,83,34,0.40963855421686746,0.844953642384106
IXMtest_D20_s3_w19D371AF3-0189-48A3-AF3B-D108DE6A017F,cubic,poisson,-6.0,200,1,0.6012428848741096,0.8195022882873138,0.7336683417085427,73,43,10,116,83,33,0.39759036144578314,0.8444370817043271
IXMtest_D20_s3_w19D371AF3-0189-48A3-AF3B-D108DE6A017F,cubic,poisson,-6.0,200,2,0.6144470883411579,0.817878894616271,0.751269035532995,74,40,9,114,83,31,0.37349397590361444,0.8486935788323343
IXMtest_D20_s3_w19D371AF3-0189-48A3-AF3B-D108DE6A017F,cubic,poisson,-6.0,200,3,0.6016900492460101,0.8201117794517535,0.7336683417085427,73,43,10,116,83,33,0.39759036144578314,0.8476541630114307
IXMtest_D20_s3_w19D371AF3-0189-48A3-AF3B-D108DE6A017F,cubic,poisson,6.0,50,0,0.6040573669798908,0.8082457727195721,0.7473684210526316,71,36,12,107,83,24,0.2891566265060241,0.8140903113858501
IXMtest_D20_s3_w19D371AF3-0189-48A3-AF3B-D108DE6A017F,cubic,poisson,6.0,50,1,0.5730043401650076,0.8022060762310106,0.7142857142857143,70,43,13,113,83,30,0.3614457831325301,0.8232653824574527
IXMtest_D20_s3_w19D371AF3-0189-48A3-AF3B-D108DE6A017F,cubic,poisson,6.0,50,2,0.5867267809926259,0.7986003407955186,0.7346938775510204,72,41,11,113,83,30,0.3614457831325301,0.8179211421620068
IXMtest_D20_s3_w19D371AF3-0189-48A3-AF3B-D108DE6A017F,cubic,poisson,6.0,50,3,0.5861545255492774,0.802776850208793,0.7301587301587301,69,37,14,106,83,23,0.27710843373493976,0.8118370926631403
IXMtest_D20_s3_w19D371AF3-0189-48A3-AF3B-D108DE6A017F,cubic,poisson,6.0,200,0,0.6146828015550139,0.8181926480157955,0.751269035532995,74,40,9,114,83,31,0.37349397590361444,0.844112461724042
IXMtest_D20_s3_w19D371AF3-0189-48A3-AF3B-D108DE6A017F,cubic,poisson,6.0,200,1,0.6199728016578446,0.8168560562383764,0.7589743589743589,74,38,9,112,83,29,0.3493975903614458,0.8385573350587325
IXMtest_D20_s3_w19D371AF3-0189-48A3-AF3B-D108DE6A017F,cubic,poisson,6.0,200,2,0.6077383539319312,0.8212680458539612,0.74,74,43,9,117,83,34,0.40963855421686746,0.8470539957375269
IXMtest_D20_s3_w19D371AF3-0189-48A3-AF3B-D108DE6A017F,cubic,poisson,6.0,200,3,0.609538222264986,0.8195817988562988,0.7437185929648241,74,42,9,116,83,33,0.39759036144578314,0.8509937294080137
IXMtest_D20_s3_w19D371AF3-0189-48A3-AF3B-D108DE6A017F,image_fidelity,deterministic,-6.0,100,-1,0.5987743871419917,0.8409257937067678,0.7120418848167539,68,40,15,108,83,25,0.30120481927710846,0.8086897846623247
IXMtest_D20_s3_w19D371AF3-0189-48A3-AF3B-D108DE6A017F,image_fidelity,deterministic,-4.0,100,-1,0.6129106002564179,0.8406814314327894,0.729064039408867,74,46,9,120,83,37,0.4457831325301205,0.8571211114801284
IXMtest_D20_s3_w19D371AF3-0189-48A3-AF3B-D108DE6A017F,image_fidelity,deterministic,-2.0,100,-1,0.6178459669188586,0.8432762521460098,0.7326732673267327,74,45,9,119,83,36,0.43373493975903615,0.8618084563739884
IXMtest_D20_s3_w19D371AF3-0189-48A3-AF3B-D108DE6A017F,image_fidelity,deterministic,0.0,100,-1,0.6185598960828549,0.8442506689779505,0.7326732673267327,74,45,9,119,83,36,0.43373493975903615,0.8619635500410597
IXMtest_D20_s3_w19D371AF3-0189-48A3-AF3B-D108DE6A017F,image_fidelity,deterministic,2.0,100,-1,0.6177851027854095,0.8431931808287347,0.7326732673267327,74,45,9,119,83,36,0.43373493975903615,0.8618201118011566
IXMtest_D20_s3_w19D371AF3-0189-48A3-AF3B-D108DE6A017F,image_fidelity,deterministic,4.0,100,-1,0.6128280412888367,0.8405681917677963,0.729064039408867,74,46,9,120,83,37,0.4457831325301205,0.8571092457909196
IXMtest_D20_s3_w19D371AF3-0189-48A3-AF3B-D108DE6A017F,image_fidelity,deterministic,6.0,100,-1,0.5915489712921612,0.838763466757542,0.7052631578947368,67,40,16,107,83,24,0.2891566265060241,0.8031534424341741
IXMtest_D20_s3_w19D371AF3-0189-48A3-AF3B-D108DE6A017F,image_fidelity,poisson,-6.0,50,0,0.5939502250913289,0.8001829421369293,0.7422680412371134,72,39,11,111,83,28,0.3373493975903614,0.826038234234715
IXMtest_D20_s3_w19D371AF3-0189-48A3-AF3B-D108DE6A017F,image_fidelity,poisson,-6.0,50,1,0.5915207067935951,0.7998026458054245,0.7395833333333334,71,38,12,109,83,26,0.3132530120481928,0.8133251644437861
IXMtest_D20_s3_w19D371AF3-0189-48A3-AF3B-D108DE6A017F,image_fidelity,poisson,-6.0,50,2,0.6051094325230393,0.797272563121572,0.7589743589743589,74,38,9,112,83,29,0.3493975903614458,0.832092726499362
IXMtest_D20_s3_w19D371AF3-0189-48A3-AF3B-D108DE6A017F,image_fidelity,poisson,-6.0,50,3,0.5885912598671809,0.8041317212269935,0.7319587628865979,71,40,12,111,83,28,0.3373493975903614,0.8171968124288489
IXMtest_D20_s3_w19D371AF3-0189-48A3-AF3B-D108DE6A017F,image_fidelity,poisson,-6.0,200,0,0.6063747670764688,0.8153282341095762,0.7437185929648241,74,42,9,116,83,33,0.39759036144578314,0.8452785908287846
IXMtest_D20_s3_w19D371AF3-0189-48A3-AF3B-D108DE6A017F,image_fidelity,poisson,-6.0,200,1,0.6077960887097438,0.8172393354948582,0.7437185929648241,74,42,9,116,83,33,0.39759036144578314,0.8492421874480438
IXMtest_D20_s3_w19D371AF3-0189-48A3-AF3B-D108DE6A017F,image_fidelity,poisson,-6.0,200,2,0.6059262276729724,0.8188192265850979,0.74,74,43,9,117,83,34,0.40963855421686746,0.8440294059209219
IXMtest_D20_s3_w19D371AF3-0189-48A3-AF3B-D108DE6A017F,image_fidelity,poisson,-6.0,200,3,0.6111135463780707,0.8216999711434869,0.7437185929648241,74,42,9,116,83,33,0.39759036144578314,0.8418840694631671
IXMtest_D20_s3_w19D371AF3-0189-48A3-AF3B-D108DE6A017F,image_fidelity,poisson,6.0,50,0,0.6009964136882139,0.8041501309912721,0.7473684210526316,71,36,12,107,83,24,0.2891566265060241,0.8185562952557395
IXMtest_D20_s3_w19D371AF3-0189-48A3-AF3B-D108DE6A017F,image_fidelity,poisson,6.0,50,1,0.5869773482059446,0.8019267996616426,0.7319587628865979,71,40,12,111,83,28,0.3373493975903614,0.8242236972104157
IXMtest_D20_s3_w19D371AF3-0189-48A3-AF3B-D108DE6A017F,image_fidelity,poisson,6.0,50,2,0.6036463241080722,0.8021053895682603,0.7525773195876289,73,38,10,111,83,28,0.3373493975903614,0.8265537958123853
IXMtest_D20_s3_w19D371AF3-0189-48A3-AF3B-D108DE6A017F,image_fidelity,poisson,6.0,50,3,0.5752618202694691,0.7980744971344045,0.7208121827411168,71,43,12,114,83,31,0.37349397590361444,0.8201715449053834
IXMtest_D20_s3_w19D371AF3-0189-48A3-AF3B-D108DE6A017F,image_fidelity,poisson,6.0,200,0,0.614947070950702,0.8185444120087046,0.751269035532995,74,40,9,114,83,31,0.37349397590361444,0.843762016521474
IXMtest_D20_s3_w19D371AF3-0189-48A3-AF3B-D108DE6A017F,image_fidelity,poisson,6.0,200,1,0.6005974310219411,0.8227362068793714,0.73,73,44,10,117,83,34,0.40963855421686746,0.8450473644255206
IXMtest_D20_s3_w19D371AF3-0189-48A3-AF3B-D108DE6A017F,image_fidelity,poisson,6.0,200,2,0.6155953200462339,0.819407284115595,0.751269035532995,74,40,9,114,83,31,0.37349397590361444,0.8508167305616802
IXMtest_D20_s3_w19D371AF3-0189-48A3-AF3B-D108DE6A017F,image_fidelity,poisson,6.0,200,3,0.6025490421916954,0.8142554624212099,0.74,74,43,9,117,83,34,0.40963855421686746,0.8443950840604384
IXMtest_D20_s3_w19D371AF3-0189-48A3-AF3B-D108DE6A017F,exact_task,deterministic,-6.0,100,-1,0.5727952478581005,0.8067538702226769,0.71,71,46,12,117,83,34,0.40963855421686746,0.8205684226725519
IXMtest_D20_s3_w19D371AF3-0189-48A3-AF3B-D108DE6A017F,exact_task,deterministic,-4.0,100,-1,0.605048945253678,0.8298982154493016,0.729064039408867,74,46,9,120,83,37,0.4457831325301205,0.854491769802834
IXMtest_D20_s3_w19D371AF3-0189-48A3-AF3B-D108DE6A017F,exact_task,deterministic,-2.0,100,-1,0.6193058072732966,0.8494532356518866,0.729064039408867,74,46,9,120,83,37,0.4457831325301205,0.8650868137024871
IXMtest_D20_s3_w19D371AF3-0189-48A3-AF3B-D108DE6A017F,exact_task,deterministic,0.0,100,-1,0.6243335110612489,0.8563493428745509,0.729064039408867,74,46,9,120,83,37,0.4457831325301205,0.8687106918238994
IXMtest_D20_s3_w19D371AF3-0189-48A3-AF3B-D108DE6A017F,exact_task,deterministic,2.0,100,-1,0.6185381224817093,0.8484002625931553,0.729064039408867,74,46,9,120,83,37,0.4457831325301205,0.864465376255046
IXMtest_D20_s3_w19D371AF3-0189-48A3-AF3B-D108DE6A017F,exact_task,deterministic,4.0,100,-1,0.6043855229470573,0.8289882510692745,0.729064039408867,74,46,9,120,83,37,0.4457831325301205,0.8536682945672268
IXMtest_D20_s3_w19D371AF3-0189-48A3-AF3B-D108DE6A017F,exact_task,deterministic,6.0,100,-1,0.5846616869804909,0.7969018884186143,0.7336683417085427,73,43,10,116,83,33,0.39759036144578314,0.8206502722297647
IXMtest_D20_s3_w19D371AF3-0189-48A3-AF3B-D108DE6A017F,exact_task,poisson,-6.0,50,0,0.5810820494720965,0.7840627653835823,0.7411167512690355,73,41,10,114,83,31,0.37349397590361444,0.816168825506282
IXMtest_D20_s3_w19D371AF3-0189-48A3-AF3B-D108DE6A017F,exact_task,poisson,-6.0,50,1,0.6019565474920885,0.7916140898526095,0.7604166666666666,73,36,10,109,83,26,0.3132530120481928,0.8217640830585172
IXMtest_D20_s3_w19D371AF3-0189-48A3-AF3B-D108DE6A017F,exact_task,poisson,-6.0,50,2,0.5840682364848094,0.7909257369065128,0.7384615384615385,72,40,11,112,83,29,0.3493975903614458,0.8062126349906715
IXMtest_D20_s3_w19D371AF3-0189-48A3-AF3B-D108DE6A017F,exact_task,poisson,-6.0,50,3,0.6104129859916855,0.8011670441140872,0.7619047619047619,72,34,11,106,83,23,0.27710843373493976,0.8280492757547042
IXMtest_D20_s3_w19D371AF3-0189-48A3-AF3B-D108DE6A017F,exact_task,poisson,-6.0,200,0,0.6050938417628975,0.8095174369530657,0.7474747474747475,74,41,9,115,83,32,0.3855421686746988,0.8416238458316991
IXMtest_D20_s3_w19D371AF3-0189-48A3-AF3B-D108DE6A017F,exact_task,poisson,-6.0,200,1,0.5949670514771811,0.8080295766683339,0.736318407960199,74,44,9,118,83,35,0.42168674698795183,0.8449097616910958
IXMtest_D20_s3_w19D371AF3-0189-48A3-AF3B-D108DE6A017F,exact_task,poisson,-6.0,200,2,0.600508456176971,0.8046813312771413,0.746268656716418,75,43,8,118,83,35,0.42168674698795183,0.840149141247868
IXMtest_D20_s3_w19D371AF3-0189-48A3-AF3B-D108DE6A017F,exact_task,poisson,-6.0,200,3,0.6096087534562585,0.8114386785870469,0.751269035532995,74,40,9,114,83,31,0.37349397590361444,0.8398460173330575
IXMtest_D20_s3_w19D371AF3-0189-48A3-AF3B-D108DE6A017F,exact_task,poisson,6.0,50,0,0.5940357728784944,0.8002981940168605,0.7422680412371134,72,39,11,111,83,28,0.3373493975903614,0.8215784969711671
IXMtest_D20_s3_w19D371AF3-0189-48A3-AF3B-D108DE6A017F,exact_task,poisson,6.0,50,1,0.5870277215172167,0.7924874240482426,0.7407407407407407,70,36,13,106,83,23,0.27710843373493976,0.8097437994003815
IXMtest_D20_s3_w19D371AF3-0189-48A3-AF3B-D108DE6A017F,exact_task,poisson,6.0,50,2,0.5793007934315842,0.7986075223735412,0.7253886010362695,70,40,13,110,83,27,0.3253012048192771,0.8136683908280047
IXMtest_D20_s3_w19D371AF3-0189-48A3-AF3B-D108DE6A017F,exact_task,poisson,6.0,50,3,0.6015798796703187,0.7869983357330881,0.7643979057591623,73,35,10,108,83,25,0.30120481927710846,0.8219802034045793
IXMtest_D20_s3_w19D371AF3-0189-48A3-AF3B-D108DE6A017F,exact_task,poisson,6.0,200,0,0.596689651179102,0.8063373664582459,0.74,74,43,9,117,83,34,0.40963855421686746,0.839536481717446
IXMtest_D20_s3_w19D371AF3-0189-48A3-AF3B-D108DE6A017F,exact_task,poisson,6.0,200,1,0.5873704893088766,0.8126632797287197,0.7227722772277227,73,46,10,119,83,36,0.43373493975903615,0.835820895522388
IXMtest_D20_s3_w19D371AF3-0189-48A3-AF3B-D108DE6A017F,exact_task,poisson,6.0,200,2,0.597409919598542,0.8073107021601917,0.74,74,43,9,117,83,34,0.40963855421686746,0.8378931473644473
IXMtest_D20_s3_w19D371AF3-0189-48A3-AF3B-D108DE6A017F,exact_task,poisson,6.0,200,3,0.6023276049492934,0.8098864417899282,0.7437185929648241,74,42,9,116,83,33,0.39759036144578314,0.8436565258626979
IXMtest_D20_s3_w19D371AF3-0189-48A3-AF3B-D108DE6A017F,surrogate,deterministic,-6.0,100,-1,0.5958170045608479,0.8323914034305963,0.7157894736842105,68,39,15,107,83,24,0.2891566265060241,0.8115207778135708
IXMtest_D20_s3_w19D371AF3-0189-48A3-AF3B-D108DE6A017F,surrogate,deterministic,-4.0,100,-1,0.6105981871681634,0.8375096756428188,0.729064039408867,74,46,9,120,83,37,0.4457831325301205,0.855560242588533
IXMtest_D20_s3_w19D371AF3-0189-48A3-AF3B-D108DE6A017F,surrogate,deterministic,-2.0,100,-1,0.6186081828799637,0.8443165739307612,0.7326732673267327,74,45,9,119,83,36,0.43373493975903615,0.8623081484341603
IXMtest_D20_s3_w19D371AF3-0189-48A3-AF3B-D108DE6A017F,surrogate,deterministic,0.0,100,-1,0.6202857761170487,0.8466062619975935,0.7326732673267327,74,45,9,119,83,36,0.43373493975903615,0.863167630696172
IXMtest_D20_s3_w19D371AF3-0189-48A3-AF3B-D108DE6A017F,surrogate,deterministic,2.0,100,-1,0.6188319664802673,0.8446220083041485,0.7326732673267327,74,45,9,119,83,36,0.43373493975903615,0.8624574272989258
IXMtest_D20_s3_w19D371AF3-0189-48A3-AF3B-D108DE6A017F,surrogate,deterministic,4.0,100,-1,0.6106961395892181,0.8376440293014275,0.729064039408867,74,46,9,120,83,37,0.4457831325301205,0.8556236257277593
IXMtest_D20_s3_w19D371AF3-0189-48A3-AF3B-D108DE6A017F,surrogate,deterministic,6.0,100,-1,0.5928262042295876,0.832572095645965,0.7120418848167539,68,40,15,108,83,25,0.30120481927710846,0.808573076277311
IXMtest_D20_s3_w19D371AF3-0189-48A3-AF3B-D108DE6A017F,surrogate,poisson,-6.0,50,0,0.5884856486566493,0.7928209433290969,0.7422680412371134,72,39,11,111,83,28,0.3373493975903614,0.8180910181727992
IXMtest_D20_s3_w19D371AF3-0189-48A3-AF3B-D108DE6A017F,surrogate,poisson,-6.0,50,1,0.5912698239028921,0.7965718460913962,0.7422680412371134,72,39,11,111,83,28,0.3373493975903614,0.8108016465593826
IXMtest_D20_s3_w19D371AF3-0189-48A3-AF3B-D108DE6A017F,surrogate,poisson,-6.0,50,2,0.5811595858073104,0.7950586000280566,0.7309644670050761,72,42,11,114,83,31,0.37349397590361444,0.8117139729246216
IXMtest_D20_s3_w19D371AF3-0189-48A3-AF3B-D108DE6A017F,surrogate,poisson,-6.0,50,3,0.5766945613708883,0.8000621731694717,0.7208121827411168,71,43,12,114,83,31,0.37349397590361444,0.8217188888072512
IXMtest_D20_s3_w19D371AF3-0189-48A3-AF3B-D108DE6A017F,surrogate,poisson,-6.0,200,0,0.5985689889869531,0.8158577315644087,0.7336683417085427,73,43,10,116,83,33,0.39759036144578314,0.8474225161341725
IXMtest_D20_s3_w19D371AF3-0189-48A3-AF3B-D108DE6A017F,surrogate,poisson,-6.0,200,1,0.6168942839678659,0.8211363104166864,0.751269035532995,74,40,9,114,83,31,0.37349397590361444,0.8492296624902583
IXMtest_D20_s3_w19D371AF3-0189-48A3-AF3B-D108DE6A017F,surrogate,poisson,-6.0,200,2,0.6111406449138851,0.8134777503245633,0.751269035532995,74,40,9,114,83,31,0.37349397590361444,0.8455549471828635
IXMtest_D20_s3_w19D371AF3-0189-48A3-AF3B-D108DE6A017F,surrogate,poisson,-6.0,200,3,0.606007546992304,0.8148344719693816,0.7437185929648241,74,42,9,116,83,33,0.39759036144578314,0.8421636176447296
IXMtest_D20_s3_w19D371AF3-0189-48A3-AF3B-D108DE6A017F,surrogate,poisson,6.0,50,0,0.5855500212569396,0.7969986400441678,0.7346938775510204,72,41,11,113,83,30,0.3614457831325301,0.8207200296264946
IXMtest_D20_s3_w19D371AF3-0189-48A3-AF3B-D108DE6A017F,surrogate,poisson,6.0,50,1,0.5832427900928217,0.805039344071782,0.7244897959183674,71,42,12,113,83,30,0.3614457831325301,0.8302494926584696
IXMtest_D20_s3_w19D371AF3-0189-48A3-AF3B-D108DE6A017F,surrogate,poisson,6.0,50,2,0.5895903299007594,0.7995814063037696,0.7373737373737373,73,42,10,115,83,32,0.3855421686746988,0.8306456955836171
IXMtest_D20_s3_w19D371AF3-0189-48A3-AF3B-D108DE6A017F,surrogate,poisson,6.0,50,3,0.5841505942887117,0.7991504657977515,0.7309644670050761,72,42,11,114,83,31,0.37349397590361444,0.8240222903762503
IXMtest_D20_s3_w19D371AF3-0189-48A3-AF3B-D108DE6A017F,surrogate,poisson,6.0,200,0,0.5919747462603382,0.8221871475838031,0.72,72,45,11,117,83,34,0.40963855421686746,0.8461817917605173
IXMtest_D20_s3_w19D371AF3-0189-48A3-AF3B-D108DE6A017F,surrogate,poisson,6.0,200,1,0.5964414812632652,0.8170431250181716,0.73,73,44,10,117,83,34,0.40963855421686746,0.841075827175288
IXMtest_D20_s3_w19D371AF3-0189-48A3-AF3B-D108DE6A017F,surrogate,poisson,6.0,200,2,0.6030258589365102,0.8148998093736624,0.74,74,43,9,117,83,34,0.40963855421686746,0.8422007895922207
IXMtest_D20_s3_w19D371AF3-0189-48A3-AF3B-D108DE6A017F,surrogate,poisson,6.0,200,3,0.5948646556081802,0.8119098677895433,0.7326732673267327,74,45,9,119,83,36,0.43373493975903615,0.8438542147235221
IXMtest_E07_s1_w1641C6847-142B-463F-8B08-5B3296615572,clear,deterministic,-6.0,100,-1,0.5821519658858026,0.8386935101744615,0.6941176470588235,59,34,18,93,77,16,0.2077922077922078,0.8079353962213203
IXMtest_E07_s1_w1641C6847-142B-463F-8B08-5B3296615572,clear,deterministic,-4.0,100,-1,0.5659734913921266,0.8399765308756165,0.6737967914438503,63,47,14,110,77,33,0.42857142857142855,0.8563152867223369
IXMtest_E07_s1_w1641C6847-142B-463F-8B08-5B3296615572,clear,deterministic,-2.0,100,-1,0.5740526401173879,0.8474110401732868,0.6774193548387096,63,46,14,109,77,32,0.4155844155844156,0.859924473960368
IXMtest_E07_s1_w1641C6847-142B-463F-8B08-5B3296615572,clear,deterministic,0.0,100,-1,0.5864453481849854,0.8475967922986117,0.6918918918918919,64,44,13,108,77,31,0.4025974025974026,0.8605188997120627
IXMtest_E07_s1_w1641C6847-142B-463F-8B08-5B3296615572,clear,deterministic,2.0,100,-1,0.5740526401173879,0.8474110401732868,0.6774193548387096,63,46,14,109,77,32,0.4155844155844156,0.859924473960368
IXMtest_E07_s1_w1641C6847-142B-463F-8B08-5B3296615572,clear,deterministic,4.0,100,-1,0.5659734913921266,0.8399765308756165,0.6737967914438503,63,47,14,110,77,33,0.42857142857142855,0.8563152867223369
IXMtest_E07_s1_w1641C6847-142B-463F-8B08-5B3296615572,clear,deterministic,6.0,100,-1,0.5821519658858026,0.8386935101744615,0.6941176470588235,59,34,18,93,77,16,0.2077922077922078,0.8079353962213203
IXMtest_E07_s1_w1641C6847-142B-463F-8B08-5B3296615572,clear,poisson,-6.0,50,0,0.574232844217439,0.7995088061796651,0.7182320441988951,65,39,12,104,77,27,0.35064935064935066,0.8220865177167513
IXMtest_E07_s1_w1641C6847-142B-463F-8B08-5B3296615572,clear,poisson,-6.0,50,1,0.5572723137455227,0.7844679493494664,0.7103825136612022,65,41,12,106,77,29,0.37662337662337664,0.8254420868097736
IXMtest_E07_s1_w1641C6847-142B-463F-8B08-5B3296615572,clear,poisson,-6.0,50,2,0.5733196094395288,0.7938271515316552,0.7222222222222222,65,38,12,103,77,26,0.33766233766233766,0.8206816648578887
IXMtest_E07_s1_w1641C6847-142B-463F-8B08-5B3296615572,clear,poisson,-6.0,50,3,0.5894925932941024,0.79625492079278,0.7403314917127072,67,37,10,104,77,27,0.35064935064935066,0.8359615759351612
IXMtest_E07_s1_w1641C6847-142B-463F-8B08-5B3296615572,clear,poisson,-6.0,200,0,0.5850983365211699,0.8111590574498038,0.7213114754098361,66,40,11,106,77,29,0.37662337662337664,0.8473589777252637
IXMtest_E07_s1_w1641C6847-142B-463F-8B08-5B3296615572,clear,poisson,-6.0,200,1,0.5764256052827001,0.8241084825526104,0.6994535519125683,64,42,13,106,77,29,0.37662337662337664,0.8480463944701541
IXMtest_E07_s1_w1641C6847-142B-463F-8B08-5B3296615572,clear,poisson,-6.0,200,2,0.5800117585460581,0.8247042191826764,0.7032967032967034,64,41,13,105,77,28,0.36363636363636365,0.8474355503194129
IXMtest_E07_s1_w1641C6847-142B-463F-8B08-5B3296615572,clear,poisson,-6.0,200,3,0.585129581455351,0.8112023742903729,0.7213114754098361,66,40,11,106,77,29,0.37662337662337664,0.846881459677007
IXMtest_E07_s1_w1641C6847-142B-463F-8B08-5B3296615572,clear,poisson,6.0,50,0,0.5571391821602999,0.7921822746341765,0.7032967032967034,64,41,13,105,77,28,0.36363636363636365,0.8188325347668576
IXMtest_E07_s1_w1641C6847-142B-463F-8B08-5B3296615572,clear,poisson,6.0,50,1,0.5696522479985544,0.7940607093313182,0.717391304347826,66,41,11,107,77,30,0.38961038961038963,0.8342370986592332
IXMtest_E07_s1_w1641C6847-142B-463F-8B08-5B3296615572,clear,poisson,6.0,50,2,0.5512876574620394,0.7963043941118347,0.6923076923076923,63,42,14,105,77,28,0.36363636363636365,0.8205747404008693
IXMtest_E07_s1_w1641C6847-142B-463F-8B08-5B3296615572,clear,poisson,6.0,50,3,0.5663842549098161,0.796477858466929,0.7111111111111111,64,39,13,103,77,26,0.33766233766233766,0.8129221471738357
IXMtest_E07_s1_w1641C6847-142B-463F-8B08-5B3296615572,clear,poisson,6.0,200,0,0.5883457286895052,0.8156611238649959,0.7213114754098361,66,40,11,106,77,29,0.37662337662337664,0.8475179382047152
IXMtest_E07_s1_w1641C6847-142B-463F-8B08-5B3296615572,clear,poisson,6.0,200,1,0.590276131556075,0.8138655753273154,0.7252747252747253,66,39,11,105,77,28,0.36363636363636365,0.8481860015948847
IXMtest_E07_s1_w1641C6847-142B-463F-8B08-5B3296615572,clear,poisson,6.0,200,2,0.5864512878270333,0.8210318029578465,0.7142857142857143,65,40,12,105,77,28,0.36363636363636365,0.8487230725312369
IXMtest_E07_s1_w1641C6847-142B-463F-8B08-5B3296615572,clear,poisson,6.0,200,3,0.5814894756077609,0.8185582618170788,0.7103825136612022,65,41,12,106,77,29,0.37662337662337664,0.8469022017409115
IXMtest_E07_s1_w1641C6847-142B-463F-8B08-5B3296615572,cubic,deterministic,-6.0,100,-1,0.5821519658858026,0.8386935101744615,0.6941176470588235,59,34,18,93,77,16,0.2077922077922078,0.8079353962213203
IXMtest_E07_s1_w1641C6847-142B-463F-8B08-5B3296615572,cubic,deterministic,-4.0,100,-1,0.5659734913921266,0.8399765308756165,0.6737967914438503,63,47,14,110,77,33,0.42857142857142855,0.8563152867223369
IXMtest_E07_s1_w1641C6847-142B-463F-8B08-5B3296615572,cubic,deterministic,-2.0,100,-1,0.5740526401173879,0.8474110401732868,0.6774193548387096,63,46,14,109,77,32,0.4155844155844156,0.859924473960368
IXMtest_E07_s1_w1641C6847-142B-463F-8B08-5B3296615572,cubic,deterministic,0.0,100,-1,0.5864453481849854,0.8475967922986117,0.6918918918918919,64,44,13,108,77,31,0.4025974025974026,0.8605188997120627
IXMtest_E07_s1_w1641C6847-142B-463F-8B08-5B3296615572,cubic,deterministic,2.0,100,-1,0.5740526401173879,0.8474110401732868,0.6774193548387096,63,46,14,109,77,32,0.4155844155844156,0.859924473960368
IXMtest_E07_s1_w1641C6847-142B-463F-8B08-5B3296615572,cubic,deterministic,4.0,100,-1,0.5659734913921266,0.8399765308756165,0.6737967914438503,63,47,14,110,77,33,0.42857142857142855,0.8563152867223369
IXMtest_E07_s1_w1641C6847-142B-463F-8B08-5B3296615572,cubic,deterministic,6.0,100,-1,0.5821519658858026,0.8386935101744615,0.6941176470588235,59,34,18,93,77,16,0.2077922077922078,0.8079353962213203
IXMtest_E07_s1_w1641C6847-142B-463F-8B08-5B3296615572,cubic,poisson,-6.0,50,0,0.574232844217439,0.7995088061796651,0.7182320441988951,65,39,12,104,77,27,0.35064935064935066,0.8220865177167513
IXMtest_E07_s1_w1641C6847-142B-463F-8B08-5B3296615572,cubic,poisson,-6.0,50,1,0.5572723137455227,0.7844679493494664,0.7103825136612022,65,41,12,106,77,29,0.37662337662337664,0.8254420868097736
IXMtest_E07_s1_w1641C6847-142B-463F-8B08-5B3296615572,cubic,poisson,-6.0,50,2,0.5733196094395288,0.7938271515316552,0.7222222222222222,65,38,12,103,77,26,0.33766233766233766,0.8206816648578887
IXMtest_E07_s1_w1641C6847-142B-463F-8B08-5B3296615572,cubic,poisson,-6.0,50,3,0.5894925932941024,0.79625492079278,0.7403314917127072,67,37,10,104,77,27,0.35064935064935066,0.8359615759351612
IXMtest_E07_s1_w1641C6847-142B-463F-8B08-5B3296615572,cubic,poisson,-6.0,200,0,0.5850983365211699,0.8111590574498038,0.7213114754098361,66,40,11,106,77,29,0.37662337662337664,0.8473589777252637
IXMtest_E07_s1_w1641C6847-142B-463F-8B08-5B3296615572,cubic,poisson,-6.0,200,1,0.5764256052827001,0.8241084825526104,0.6994535519125683,64,42,13,106,77,29,0.37662337662337664,0.8480463944701541
IXMtest_E07_s1_w1641C6847-142B-463F-8B08-5B3296615572,cubic,poisson,-6.0,200,2,0.5800117585460581,0.8247042191826764,0.7032967032967034,64,41,13,105,77,28,0.36363636363636365,0.8474355503194129
IXMtest_E07_s1_w1641C6847-142B-463F-8B08-5B3296615572,cubic,poisson,-6.0,200,3,0.585129581455351,0.8112023742903729,0.7213114754098361,66,40,11,106,77,29,0.37662337662337664,0.846881459677007
IXMtest_E07_s1_w1641C6847-142B-463F-8B08-5B3296615572,cubic,poisson,6.0,50,0,0.5571391821602999,0.7921822746341765,0.7032967032967034,64,41,13,105,77,28,0.36363636363636365,0.8188325347668576
IXMtest_E07_s1_w1641C6847-142B-463F-8B08-5B3296615572,cubic,poisson,6.0,50,1,0.5696522479985544,0.7940607093313182,0.717391304347826,66,41,11,107,77,30,0.38961038961038963,0.8342370986592332
IXMtest_E07_s1_w1641C6847-142B-463F-8B08-5B3296615572,cubic,poisson,6.0,50,2,0.5512876574620394,0.7963043941118347,0.6923076923076923,63,42,14,105,77,28,0.36363636363636365,0.8205747404008693
IXMtest_E07_s1_w1641C6847-142B-463F-8B08-5B3296615572,cubic,poisson,6.0,50,3,0.5663842549098161,0.796477858466929,0.7111111111111111,64,39,13,103,77,26,0.33766233766233766,0.8129221471738357
IXMtest_E07_s1_w1641C6847-142B-463F-8B08-5B3296615572,cubic,poisson,6.0,200,0,0.5883457286895052,0.8156611238649959,0.7213114754098361,66,40,11,106,77,29,0.37662337662337664,0.8475179382047152
IXMtest_E07_s1_w1641C6847-142B-463F-8B08-5B3296615572,cubic,poisson,6.0,200,1,0.590276131556075,0.8138655753273154,0.7252747252747253,66,39,11,105,77,28,0.36363636363636365,0.8481860015948847
IXMtest_E07_s1_w1641C6847-142B-463F-8B08-5B3296615572,cubic,poisson,6.0,200,2,0.5864512878270333,0.8210318029578465,0.7142857142857143,65,40,12,105,77,28,0.36363636363636365,0.8487230725312369
IXMtest_E07_s1_w1641C6847-142B-463F-8B08-5B3296615572,cubic,poisson,6.0,200,3,0.5814894756077609,0.8185582618170788,0.7103825136612022,65,41,12,106,77,29,0.37662337662337664,0.8469022017409115
IXMtest_E07_s1_w1641C6847-142B-463F-8B08-5B3296615572,image_fidelity,deterministic,-6.0,100,-1,0.5823149748072158,0.8389283535358194,0.6941176470588235,59,34,18,93,77,16,0.2077922077922078,0.8080779122222691
IXMtest_E07_s1_w1641C6847-142B-463F-8B08-5B3296615572,image_fidelity,deterministic,-4.0,100,-1,0.5661568488024507,0.8402486565560181,0.6737967914438503,63,47,14,110,77,33,0.42857142857142855,0.8568877256456642
IXMtest_E07_s1_w1641C6847-142B-463F-8B08-5B3296615572,image_fidelity,deterministic,-2.0,100,-1,0.5741460823803721,0.847548978751978,0.6774193548387096,63,46,14,109,77,32,0.4155844155844156,0.859966596693379
IXMtest_E07_s1_w1641C6847-142B-463F-8B08-5B3296615572,image_fidelity,deterministic,0.0,100,-1,0.586696158032524,0.8479592909063822,0.6918918918918919,64,44,13,108,77,31,0.4025974025974026,0.860737586914571
IXMtest_E07_s1_w1641C6847-142B-463F-8B08-5B3296615572,image_fidelity,deterministic,2.0,100,-1,0.574203903065036,0.8476343330960056,0.6774193548387096,63,46,14,109,77,32,0.4155844155844156,0.8599727299189558
IXMtest_E07_s1_w1641C6847-142B-463F-8B08-5B3296615572,image_fidelity,deterministic,4.0,100,-1,0.5663719537280979,0.8405678995805898,0.6737967914438503,63,47,14,110,77,33,0.42857142857142855,0.8565333251182206
IXMtest_E07_s1_w1641C6847-142B-463F-8B08-5B3296615572,image_fidelity,deterministic,6.0,100,-1,0.5881575105309411,0.8381244525065911,0.7017543859649122,60,34,17,94,77,17,0.22077922077922077,0.8128813502421338
IXMtest_E07_s1_w1641C6847-142B-463F-8B08-5B3296615572,image_fidelity,poisson,-6.0,50,0,0.5696779460803579,0.8011096116755033,0.7111111111111111,64,39,13,103,77,26,0.33766233766233766,0.8233507676733592
IXMtest_E07_s1_w1641C6847-142B-463F-8B08-5B3296615572,image_fidelity,poisson,-6.0,50,1,0.5722460175169296,0.8011444245237015,0.7142857142857143,65,40,12,105,77,28,0.36363636363636365,0.8179997815560491
IXMtest_E07_s1_w1641C6847-142B-463F-8B08-5B3296615572,image_fidelity,poisson,-6.0,50,2,0.5769710573793865,0.8033212414282227,0.7182320441988951,65,39,12,104,77,27,0.35064935064935066,0.8333430503731343
IXMtest_E07_s1_w1641C6847-142B-463F-8B08-5B3296615572,image_fidelity,poisson,-6.0,50,3,0.5889801600731943,0.8031547637361741,0.7333333333333333,66,37,11,103,77,26,0.33766233766233766,0.8300724191174872
IXMtest_E07_s1_w1641C6847-142B-463F-8B08-5B3296615572,image_fidelity,poisson,-6.0,200,0,0.5794457133718734,0.8201385481571133,0.7065217391304348,65,42,12,107,77,30,0.38961038961038963,0.8480506815465497
IXMtest_E07_s1_w1641C6847-142B-463F-8B08-5B3296615572,image_fidelity,poisson,-6.0,200,1,0.5920879820310039,0.8163637328003236,0.7252747252747253,66,39,11,105,77,28,0.36363636363636365,0.84926551355468
IXMtest_E07_s1_w1641C6847-142B-463F-8B08-5B3296615572,image_fidelity,poisson,-6.0,200,2,0.5817251151903245,0.8188899698448415,0.7103825136612022,65,41,12,106,77,29,0.37662337662337664,0.846854619366537
IXMtest_E07_s1_w1641C6847-142B-463F-8B08-5B3296615572,image_fidelity,poisson,-6.0,200,3,0.5938764822928091,0.8188296952825095,0.7252747252747253,66,39,11,105,77,28,0.36363636363636365,0.850211991843082
IXMtest_E07_s1_w1641C6847-142B-463F-8B08-5B3296615572,image_fidelity,poisson,6.0,50,0,0.602663897239718,0.8035518629862908,0.75,66,33,11,99,77,22,0.2857142857142857,0.8188367857116521
IXMtest_E07_s1_w1641C6847-142B-463F-8B08-5B3296615572,image_fidelity,poisson,6.0,50,1,0.553212923605945,0.7915200291592752,0.6989247311827957,65,44,12,109,77,32,0.4155844155844156,0.8299725189068471
IXMtest_E07_s1_w1641C6847-142B-463F-8B08-5B3296615572,image_fidelity,poisson,6.0,50,2,0.5551979346669927,0.7894220633546303,0.7032967032967034,64,41,13,105,77,28,0.36363636363636365,0.8229133910092803
IXMtest_E07_s1_w1641C6847-142B-463F-8B08-5B3296615572,image_fidelity,poisson,6.0,50,3,0.5713270782868919,0.794501718242709,0.7191011235955056,64,37,13,101,77,24,0.3116883116883117,0.8206019282231753
IXMtest_E07_s1_w1641C6847-142B-463F-8B08-5B3296615572,image_fidelity,poisson,6.0,200,0,0.5915747401601084,0.8156560811298464,0.7252747252747253,66,39,11,105,77,28,0.36363636363636365,0.8469783787352991
IXMtest_E07_s1_w1641C6847-142B-463F-8B08-5B3296615572,image_fidelity,poisson,6.0,200,1,0.5756056230292617,0.8229361641746475,0.6994535519125683,64,42,13,106,77,29,0.37662337662337664,0.846264199554983
IXMtest_E07_s1_w1641C6847-142B-463F-8B08-5B3296615572,image_fidelity,poisson,6.0,200,2,0.5855817241033342,0.8198144137446679,0.7142857142857143,65,40,12,105,77,28,0.36363636363636365,0.8475274424311474
IXMtest_E07_s1_w1641C6847-142B-463F-8B08-5B3296615572,image_fidelity,poisson,6.0,200,3,0.5837378962377499,0.8172330547328497,0.7142857142857143,65,40,12,105,77,28,0.36363636363636365,0.8452134607199988
IXMtest_E07_s1_w1641C6847-142B-463F-8B08-5B3296615572,exact_task,deterministic,-6.0,100,-1,0.5554818768223992,0.8063446599034828,0.6888888888888889,62,41,15,103,77,26,0.33766233766233766,0.8235678327916905
IXMtest_E07_s1_w1641C6847-142B-463F-8B08-5B3296615572,exact_task,deterministic,-4.0,100,-1,0.5755676225298452,0.8405114487737422,0.6847826086956522,63,44,14,107,77,30,0.38961038961038963,0.8498560834638742
IXMtest_E07_s1_w1641C6847-142B-463F-8B08-5B3296615572,exact_task,deterministic,-2.0,100,-1,0.5843834816459904,0.862661330048843,0.6774193548387096,63,46,14,109,77,32,0.4155844155844156,0.8674178303064656
IXMtest_E07_s1_w1641C6847-142B-463F-8B08-5B3296615572,exact_task,deterministic,0.0,100,-1,0.5917246777159083,0.8644727713505849,0.6844919786096256,64,46,13,110,77,33,0.42857142857142855,0.8711717505818939
IXMtest_E07_s1_w1641C6847-142B-463F-8B08-5B3296615572,exact_task,deterministic,2.0,100,-1,0.5886105851807242,0.8553247565907398,0.6881720430107527,64,45,13,109,77,32,0.4155844155844156,0.8665630193534553
IXMtest_E07_s1_w1641C6847-142B-463F-8B08-5B3296615572,exact_task,deterministic,4.0,100,-1,0.5773899091940298,0.8345088531319962,0.6918918918918919,64,44,13,108,77,31,0.4025974025974026,0.8550410015265302
IXMtest_E07_s1_w1641C6847-142B-463F-8B08-5B3296615572,exact_task,deterministic,6.0,100,-1,0.5587973630772938,0.8027168469602394,0.6961325966850829,63,41,14,104,77,27,0.35064935064935066,0.8299228393842946
IXMtest_E07_s1_w1641C6847-142B-463F-8B08-5B3296615572,exact_task,poisson,-6.0,50,0,0.5909187836295577,0.7864433811540438,0.7513812154696132,68,36,9,104,77,27,0.35064935064935066,0.8288599657297021
IXMtest_E07_s1_w1641C6847-142B-463F-8B08-5B3296615572,exact_task,poisson,-6.0,50,1,0.5609108546642579,0.80130122094894,0.7,63,40,14,103,77,26,0.33766233766233766,0.8285273788183917
IXMtest_E07_s1_w1641C6847-142B-463F-8B08-5B3296615572,exact_task,poisson,-6.0,50,2,0.5642870505448079,0.8023456499933986,0.7032967032967034,64,41,13,105,77,28,0.36363636363636365,0.8301012854902305
IXMtest_E07_s1_w1641C6847-142B-463F-8B08-5B3296615572,exact_task,poisson,-6.0,50,3,0.5644284425220847,0.7945415767810885,0.7103825136612022,65,41,12,106,77,29,0.37662337662337664,0.8230677834333241
IXMtest_E07_s1_w1641C6847-142B-463F-8B08-5B3296615572,exact_task,poisson,-6.0,200,0,0.5872583301501425,0.8221616622101995,0.7142857142857143,65,40,12,105,77,28,0.36363636363636365,0.8474210931485758
IXMtest_E07_s1_w1641C6847-142B-463F-8B08-5B3296615572,exact_task,poisson,-6.0,200,1,0.5908486946384341,0.8226431825350506,0.7182320441988951,65,39,12,104,77,27,0.35064935064935066,0.845728289261292
IXMtest_E07_s1_w1641C6847-142B-463F-8B08-5B3296615572,exact_task,poisson,-6.0,200,2,0.5897862062001968,0.81319007218512,0.7252747252747253,66,39,11,105,77,28,0.36363636363636365,0.844614866743747
IXMtest_E07_s1_w1641C6847-142B-463F-8B08-5B3296615572,exact_task,poisson,-6.0,200,3,0.5694703331434315,0.8186136038936829,0.6956521739130435,64,43,13,107,77,30,0.38961038961038963,0.8437904269081501
IXMtest_E07_s1_w1641C6847-142B-463F-8B08-5B3296615572,exact_task,poisson,6.0,50,0,0.5760470166105495,0.7976035614607608,0.7222222222222222,65,38,12,103,77,26,0.33766233766233766,0.8298199241249244
IXMtest_E07_s1_w1641C6847-142B-463F-8B08-5B3296615572,exact_task,poisson,6.0,50,1,0.5916319989574391,0.8055297216574363,0.7344632768361582,65,35,12,100,77,23,0.2987012987012987,0.81250790297747
IXMtest_E07_s1_w1641C6847-142B-463F-8B08-5B3296615572,exact_task,poisson,6.0,50,2,0.5786309872041968,0.809179271168369,0.7150837988826816,64,38,13,102,77,25,0.3246753246753247,0.8243420042830935
IXMtest_E07_s1_w1641C6847-142B-463F-8B08-5B3296615572,exact_task,poisson,6.0,50,3,0.5449856116456331,0.7915267216758005,0.6885245901639344,63,43,14,106,77,29,0.37662337662337664,0.8182033236737832
IXMtest_E07_s1_w1641C6847-142B-463F-8B08-5B3296615572,exact_task,poisson,6.0,200,0,0.5747778658700271,0.8217527301110543,0.6994535519125683,64,42,13,106,77,29,0.37662337662337664,0.8463048701869542
IXMtest_E07_s1_w1641C6847-142B-463F-8B08-5B3296615572,exact_task,poisson,6.0,200,1,0.5732349083832107,0.8195467830791214,0.6994535519125683,64,42,13,106,77,29,0.37662337662337664,0.844921980929486
IXMtest_E07_s1_w1641C6847-142B-463F-8B08-5B3296615572,exact_task,poisson,6.0,200,2,0.5750279569234732,0.822110282164028,0.6994535519125683,64,42,13,106,77,29,0.37662337662337664,0.8456665812310058
IXMtest_E07_s1_w1641C6847-142B-463F-8B08-5B3296615572,exact_task,poisson,6.0,200,3,0.5717168621674066,0.821842989365647,0.6956521739130435,64,43,13,107,77,30,0.38961038961038963,0.8453195174215516
IXMtest_E07_s1_w1641C6847-142B-463F-8B08-5B3296615572,surrogate,deterministic,-6.0,100,-1,0.5877211827331975,0.8326050088720298,0.7058823529411765,60,33,17,93,77,16,0.2077922077922078,0.805132304067982
IXMtest_E07_s1_w1641C6847-142B-463F-8B08-5B3296615572,surrogate,deterministic,-4.0,100,-1,0.5701150552962981,0.841598414961202,0.6774193548387096,63,46,14,109,77,32,0.4155844155844156,0.8568024962724995
IXMtest_E07_s1_w1641C6847-142B-463F-8B08-5B3296615572,surrogate,deterministic,-2.0,100,-1,0.5811098380182549,0.8444252333702766,0.6881720430107527,64,45,13,109,77,32,0.4155844155844156,0.8616119256787781
IXMtest_E07_s1_w1641C6847-142B-463F-8B08-5B3296615572,surrogate,deterministic,0.0,100,-1,0.5891587190634203,0.8515184611463497,0.6918918918918919,64,44,13,108,77,31,0.4025974025974026,0.8624835360063712
IXMtest_E07_s1_w1641C6847-142B-463F-8B08-5B3296615572,surrogate,deterministic,2.0,100,-1,0.5812665882908337,0.8446530111101176,0.6881720430107527,64,45,13,109,77,32,0.4155844155844156,0.861039428444533
IXMtest_E07_s1_w1641C6847-142B-463F-8B08-5B3296615572,surrogate,deterministic,4.0,100,-1,0.5704459117015659,0.8420868220356449,0.6774193548387096,63,46,14,109,77,32,0.4155844155844156,0.8569012048563323
IXMtest_E07_s1_w1641C6847-142B-463F-8B08-5B3296615572,surrogate,deterministic,6.0,100,-1,0.587847643284988,0.8327841613203996,0.7058823529411765,60,33,17,93,77,16,0.2077922077922078,0.8055319399668353
IXMtest_E07_s1_w1641C6847-142B-463F-8B08-5B3296615572,surrogate,poisson,-6.0,50,0,0.5829925202074058,0.7905731902812548,0.7374301675977654,66,36,11,102,77,25,0.3246753246753247,0.8145580334142931
IXMtest_E07_s1_w1641C6847-142B-463F-8B08-5B3296615572,surrogate,poisson,-6.0,50,1,0.5510466928991387,0.7959563341876447,0.6923076923076923,63,42,14,105,77,28,0.36363636363636365,0.8204415669443131
IXMtest_E07_s1_w1641C6847-142B-463F-8B08-5B3296615572,surrogate,poisson,-6.0,50,2,0.5652267135804134,0.7913173990125788,0.7142857142857143,65,40,12,105,77,28,0.36363636363636365,0.8252159475728298
IXMtest_E07_s1_w1641C6847-142B-463F-8B08-5B3296615572,surrogate,poisson,-6.0,50,3,0.5798540977980331,0.7951029674351817,0.7292817679558011,66,38,11,104,77,27,0.35064935064935066,0.8205199499513416
IXMtest_E07_s1_w1641C6847-142B-463F-8B08-5B3296615572,surrogate,poisson,-6.0,200,0,0.5752197412561816,0.822384473827197,0.6994535519125683,64,42,13,106,77,29,0.37662337662337664,0.8479223545428595
IXMtest_E07_s1_w1641C6847-142B-463F-8B08-5B3296615572,surrogate,poisson,-6.0,200,1,0.5795350016994948,0.8240263305414691,0.7032967032967034,64,41,13,105,77,28,0.36363636363636365,0.845576509487791
IXMtest_E07_s1_w1641C6847-142B-463F-8B08-5B3296615572,surrogate,poisson,-6.0,200,2,0.5783369674136437,0.8223228755412746,0.7032967032967034,64,41,13,105,77,28,0.36363636363636365,0.8470823919925716
IXMtest_E07_s1_w1641C6847-142B-463F-8B08-5B3296615572,surrogate,poisson,-6.0,200,3,0.588173222672627,0.8234425117416777,0.7142857142857143,65,40,12,105,77,28,0.36363636363636365,0.8472689827426293
IXMtest_E07_s1_w1641C6847-142B-463F-8B08-5B3296615572,surrogate,poisson,6.0,50,0,0.5460971950972324,0.7892811022889688,0.6918918918918919,64,44,13,108,77,31,0.4025974025974026,0.8370778783246271
IXMtest_E07_s1_w1641C6847-142B-463F-8B08-5B3296615572,surrogate,poisson,6.0,50,1,0.5756212687303485,0.8014419203091775,0.7182320441988951,65,39,12,104,77,27,0.35064935064935066,0.8312832617396532
IXMtest_E07_s1_w1641C6847-142B-463F-8B08-5B3296615572,surrogate,poisson,6.0,50,2,0.5698414840165537,0.7968877003043993,0.7150837988826816,64,38,13,102,77,25,0.3246753246753247,0.8154950375033977
IXMtest_E07_s1_w1641C6847-142B-463F-8B08-5B3296615572,surrogate,poisson,6.0,50,3,0.5740637941760528,0.7992734365066582,0.7182320441988951,65,39,12,104,77,27,0.35064935064935066,0.8298860834510057
IXMtest_E07_s1_w1641C6847-142B-463F-8B08-5B3296615572,surrogate,poisson,6.0,200,0,0.5876526883412013,0.8227137636776819,0.7142857142857143,65,40,12,105,77,28,0.36363636363636365,0.8476970482108483
IXMtest_E07_s1_w1641C6847-142B-463F-8B08-5B3296615572,surrogate,poisson,6.0,200,1,0.5645899448941577,0.8160089047298373,0.6918918918918919,64,44,13,108,77,31,0.4025974025974026,0.8478997983104849
IXMtest_E07_s1_w1641C6847-142B-463F-8B08-5B3296615572,surrogate,poisson,6.0,200,2,0.5817724814131972,0.8189566469124236,0.7103825136612022,65,41,12,106,77,29,0.37662337662337664,0.8486600722064046
IXMtest_E07_s1_w1641C6847-142B-463F-8B08-5B3296615572,surrogate,poisson,6.0,200,3,0.5834817386563353,0.8168744341188694,0.7142857142857143,65,40,12,105,77,28,0.36363636363636365,0.8454516793630078
IXMtest_F03_s5_w1FE22EC7D-720A-4848-888A-6AFE1E1C85B0,clear,deterministic,-6.0,100,-1,0.5129441544009115,0.8335342509014811,0.6153846153846154,36,12,33,48,69,21,0.30434782608695654,0.6054805744588843
IXMtest_F03_s5_w1FE22EC7D-720A-4848-888A-6AFE1E1C85B0,clear,deterministic,-4.0,100,-1,0.6095179194139291,0.8409089814136614,0.7248322147651006,54,26,15,80,69,11,0.15942028985507245,0.8223415155309963
IXMtest_F03_s5_w1FE22EC7D-720A-4848-888A-6AFE1E1C85B0,clear,deterministic,-2.0,100,-1,0.6585224058548377,0.8538468482694083,0.7712418300653595,59,25,10,84,69,15,0.21739130434782608,0.8704027016171999
IXMtest_F03_s5_w1FE22EC7D-720A-4848-888A-6AFE1E1C85B0,clear,deterministic,0.0,100,-1,0.6581098163867215,0.8533118805692237,0.7712418300653595,59,25,10,84,69,15,0.21739130434782608,0.8708604388221607
IXMtest_F03_s5_w1FE22EC7D-720A-4848-888A-6AFE1E1C85B0,clear,deterministic,2.0,100,-1,0.6585224058548377,0.8538468482694083,0.7712418300653595,59,25,10,84,69,15,0.21739130434782608,0.8704027016171999
IXMtest_F03_s5_w1FE22EC7D-720A-4848-888A-6AFE1E1C85B0,clear,deterministic,4.0,100,-1,0.6095179194139291,0.8409089814136614,0.7248322147651006,54,26,15,80,69,11,0.15942028985507245,0.8223415155309963
IXMtest_F03_s5_w1FE22EC7D-720A-4848-888A-6AFE1E1C85B0,clear,deterministic,6.0,100,-1,0.5129441544009115,0.8335342509014811,0.6153846153846154,36,12,33,48,69,21,0.30434782608695654,0.6054805744588843
IXMtest_F03_s5_w1FE22EC7D-720A-4848-888A-6AFE1E1C85B0,clear,poisson,-6.0,50,0,0.6330291113599822,0.825198663022834,0.7671232876712328,56,21,13,77,69,8,0.11594202898550725,0.8295423426413842
IXMtest_F03_s5_w1FE22EC7D-720A-4848-888A-6AFE1E1C85B0,clear,poisson,-6.0,50,1,0.6447717173729316,0.8323416715177845,0.7746478873239436,55,18,14,73,69,4,0.057971014492753624,0.8152723094340898
IXMtest_F03_s5_w1FE22EC7D-720A-4848-888A-6AFE1E1C85B0,clear,poisson,-6.0,50,2,0.6300862857809861,0.8342809154322316,0.7552447552447552,54,20,15,74,69,5,0.07246376811594203,0.8216820095685705
IXMtest_F03_s5_w1FE22EC7D-720A-4848-888A-6AFE1E1C85B0,clear,poisson,-6.0,50,3,0.6453869796160732,0.8355456432529519,0.7724137931034483,56,20,13,76,69,7,0.10144927536231885,0.8204302868579053
IXMtest_F03_s5_w1FE22EC7D-720A-4848-888A-6AFE1E1C85B0,clear,poisson,-6.0,200,0,0.6577371572167781,0.8448520381491373,0.7785234899328859,58,22,11,80,69,11,0.15942028985507245,0.8589119641411126
IXMtest_F03_s5_w1FE22EC7D-720A-4848-888A-6AFE1E1C85B0,clear,poisson,-6.0,200,1,0.671014137143346,0.8445522760597286,0.7945205479452054,58,19,11,77,69,8,0.11594202898550725,0.8416358729499689
IXMtest_F03_s5_w1FE22EC7D-720A-4848-888A-6AFE1E1C85B0,clear,poisson,-6.0,200,2,0.6586259039298511,0.8492807708569132,0.7755102040816326,57,21,12,78,69,9,0.13043478260869565,0.8391009811119269
IXMtest_F03_s5_w1FE22EC7D-720A-4848-888A-6AFE1E1C85B0,clear,poisson,-6.0,200,3,0.659682888923987,0.8416643755237075,0.7837837837837838,58,21,11,79,69,10,0.14492753623188406,0.8435457045465773
IXMtest_F03_s5_w1FE22EC7D-720A-4848-888A-6AFE1E1C85B0,clear,poisson,6.0,50,0,0.641326360007952,0.8395545076467734,0.7638888888888888,55,20,14,75,69,6,0.08695652173913043,0.824001669100772
IXMtest_F03_s5_w1FE22EC7D-720A-4848-888A-6AFE1E1C85B0,clear,poisson,6.0,50,1,0.6120300216077981,0.8330408627439474,0.7346938775510204,54,24,15,78,69,9,0.13043478260869565,0.825721223573092
IXMtest_F03_s5_w1FE22EC7D-720A-4848-888A-6AFE1E1C85B0,clear,poisson,6.0,50,2,0.6469152139315644,0.8317481321977256,0.7777777777777778,56,19,13,75,69,6,0.08695652173913043,0.8219543498502655
IXMtest_F03_s5_w1FE22EC7D-720A-4848-888A-6AFE1E1C85B0,clear,poisson,6.0,50,3,0.6316749637126935,0.8269199524966169,0.7638888888888888,55,20,14,75,69,6,0.08695652173913043,0.8193273041357586
IXMtest_F03_s5_w1FE22EC7D-720A-4848-888A-6AFE1E1C85B0,clear,poisson,6.0,200,0,0.6553220359667168,0.8392720811503566,0.7808219178082192,57,20,12,77,69,8,0.11594202898550725,0.8257915500556361
IXMtest_F03_s5_w1FE22EC7D-720A-4848-888A-6AFE1E1C85B0,clear,poisson,6.0,200,1,0.6590293966932478,0.8440201045369664,0.7808219178082192,57,20,12,77,69,8,0.11594202898550725,0.8469272998392215
IXMtest_F03_s5_w1FE22EC7D-720A-4848-888A-6AFE1E1C85B0,clear,poisson,6.0,200,2,0.6718891056749993,0.8456535295564647,0.7945205479452054,58,19,11,77,69,8,0.11594202898550725,0.8430174646390862
IXMtest_F03_s5_w1FE22EC7D-720A-4848-888A-6AFE1E1C85B0,clear,poisson,6.0,200,3,0.6588360232660354,0.8495517142114668,0.7755102040816326,57,21,12,78,69,9,0.13043478260869565,0.8472350840058209
IXMtest_F03_s5_w1FE22EC7D-720A-4848-888A-6AFE1E1C85B0,cubic,deterministic,-6.0,100,-1,0.5129441544009115,0.8335342509014811,0.6153846153846154,36,12,33,48,69,21,0.30434782608695654,0.6054805744588843
IXMtest_F03_s5_w1FE22EC7D-720A-4848-888A-6AFE1E1C85B0,cubic,deterministic,-4.0,100,-1,0.6095179194139291,0.8409089814136614,0.7248322147651006,54,26,15,80,69,11,0.15942028985507245,0.8223415155309963
IXMtest_F03_s5_w1FE22EC7D-720A-4848-888A-6AFE1E1C85B0,cubic,deterministic,-2.0,100,-1,0.6585224058548377,0.8538468482694083,0.7712418300653595,59,25,10,84,69,15,0.21739130434782608,0.8704027016171999
IXMtest_F03_s5_w1FE22EC7D-720A-4848-888A-6AFE1E1C85B0,cubic,deterministic,0.0,100,-1,0.6581098163867215,0.8533118805692237,0.7712418300653595,59,25,10,84,69,15,0.21739130434782608,0.8708604388221607
IXMtest_F03_s5_w1FE22EC7D-720A-4848-888A-6AFE1E1C85B0,cubic,deterministic,2.0,100,-1,0.6585224058548377,0.8538468482694083,0.7712418300653595,59,25,10,84,69,15,0.21739130434782608,0.8704027016171999
IXMtest_F03_s5_w1FE22EC7D-720A-4848-888A-6AFE1E1C85B0,cubic,deterministic,4.0,100,-1,0.6095179194139291,0.8409089814136614,0.7248322147651006,54,26,15,80,69,11,0.15942028985507245,0.8223415155309963
IXMtest_F03_s5_w1FE22EC7D-720A-4848-888A-6AFE1E1C85B0,cubic,deterministic,6.0,100,-1,0.5129441544009115,0.8335342509014811,0.6153846153846154,36,12,33,48,69,21,0.30434782608695654,0.6054805744588843
IXMtest_F03_s5_w1FE22EC7D-720A-4848-888A-6AFE1E1C85B0,cubic,poisson,-6.0,50,0,0.6330291113599822,0.825198663022834,0.7671232876712328,56,21,13,77,69,8,0.11594202898550725,0.8295423426413842
IXMtest_F03_s5_w1FE22EC7D-720A-4848-888A-6AFE1E1C85B0,cubic,poisson,-6.0,50,1,0.6447717173729316,0.8323416715177845,0.7746478873239436,55,18,14,73,69,4,0.057971014492753624,0.8152723094340898
IXMtest_F03_s5_w1FE22EC7D-720A-4848-888A-6AFE1E1C85B0,cubic,poisson,-6.0,50,2,0.6300862857809861,0.8342809154322316,0.7552447552447552,54,20,15,74,69,5,0.07246376811594203,0.8216820095685705
IXMtest_F03_s5_w1FE22EC7D-720A-4848-888A-6AFE1E1C85B0,cubic,poisson,-6.0,50,3,0.6453869796160732,0.8355456432529519,0.7724137931034483,56,20,13,76,69,7,0.10144927536231885,0.8204302868579053
IXMtest_F03_s5_w1FE22EC7D-720A-4848-888A-6AFE1E1C85B0,cubic,poisson,-6.0,200,0,0.6577371572167781,0.8448520381491373,0.7785234899328859,58,22,11,80,69,11,0.15942028985507245,0.8589119641411126
IXMtest_F03_s5_w1FE22EC7D-720A-4848-888A-6AFE1E1C85B0,cubic,poisson,-6.0,200,1,0.671014137143346,0.8445522760597286,0.7945205479452054,58,19,11,77,69,8,0.11594202898550725,0.8416358729499689
IXMtest_F03_s5_w1FE22EC7D-720A-4848-888A-6AFE1E1C85B0,cubic,poisson,-6.0,200,2,0.6586259039298511,0.8492807708569132,0.7755102040816326,57,21,12,78,69,9,0.13043478260869565,0.8391009811119269
IXMtest_F03_s5_w1FE22EC7D-720A-4848-888A-6AFE1E1C85B0,cubic,poisson,-6.0,200,3,0.659682888923987,0.8416643755237075,0.7837837837837838,58,21,11,79,69,10,0.14492753623188406,0.8435457045465773
IXMtest_F03_s5_w1FE22EC7D-720A-4848-888A-6AFE1E1C85B0,cubic,poisson,6.0,50,0,0.641326360007952,0.8395545076467734,0.7638888888888888,55,20,14,75,69,6,0.08695652173913043,0.824001669100772
IXMtest_F03_s5_w1FE22EC7D-720A-4848-888A-6AFE1E1C85B0,cubic,poisson,6.0,50,1,0.6120300216077981,0.8330408627439474,0.7346938775510204,54,24,15,78,69,9,0.13043478260869565,0.825721223573092
IXMtest_F03_s5_w1FE22EC7D-720A-4848-888A-6AFE1E1C85B0,cubic,poisson,6.0,50,2,0.6469152139315644,0.8317481321977256,0.7777777777777778,56,19,13,75,69,6,0.08695652173913043,0.8219543498502655
IXMtest_F03_s5_w1FE22EC7D-720A-4848-888A-6AFE1E1C85B0,cubic,poisson,6.0,50,3,0.6316749637126935,0.8269199524966169,0.7638888888888888,55,20,14,75,69,6,0.08695652173913043,0.8193273041357586
IXMtest_F03_s5_w1FE22EC7D-720A-4848-888A-6AFE1E1C85B0,cubic,poisson,6.0,200,0,0.6553220359667168,0.8392720811503566,0.7808219178082192,57,20,12,77,69,8,0.11594202898550725,0.8257915500556361
IXMtest_F03_s5_w1FE22EC7D-720A-4848-888A-6AFE1E1C85B0,cubic,poisson,6.0,200,1,0.6590293966932478,0.8440201045369664,0.7808219178082192,57,20,12,77,69,8,0.11594202898550725,0.8469272998392215
IXMtest_F03_s5_w1FE22EC7D-720A-4848-888A-6AFE1E1C85B0,cubic,poisson,6.0,200,2,0.6718891056749993,0.8456535295564647,0.7945205479452054,58,19,11,77,69,8,0.11594202898550725,0.8430174646390862
IXMtest_F03_s5_w1FE22EC7D-720A-4848-888A-6AFE1E1C85B0,cubic,poisson,6.0,200,3,0.6588360232660354,0.8495517142114668,0.7755102040816326,57,21,12,78,69,9,0.13043478260869565,0.8472350840058209
IXMtest_F03_s5_w1FE22EC7D-720A-4848-888A-6AFE1E1C85B0,image_fidelity,deterministic,-6.0,100,-1,0.5211608694960851,0.8310403054126763,0.6271186440677966,37,12,32,49,69,20,0.2898550724637681,0.6175094424713907
IXMtest_F03_s5_w1FE22EC7D-720A-4848-888A-6AFE1E1C85B0,image_fidelity,deterministic,-4.0,100,-1,0.6128500891062415,0.8398316035900346,0.7297297297297297,54,25,15,79,69,10,0.14492753623188406,0.8224060216183099
IXMtest_F03_s5_w1FE22EC7D-720A-4848-888A-6AFE1E1C85B0,image_fidelity,deterministic,-2.0,100,-1,0.6583266360679164,0.8535930111728068,0.7712418300653595,59,25,10,84,69,15,0.21739130434782608,0.8707955020791811
IXMtest_F03_s5_w1FE22EC7D-720A-4848-888A-6AFE1E1C85B0,image_fidelity,deterministic,0.0,100,-1,0.6582432302550165,0.8534848663476061,0.7712418300653595,59,25,10,84,69,15,0.21739130434782608,0.8709944366606854
IXMtest_F03_s5_w1FE22EC7D-720A-4848-888A-6AFE1E1C85B0,image_fidelity,deterministic,2.0,100,-1,0.6582880874179676,0.8535430286012631,0.7712418300653595,59,25,10,84,69,15,0.21739130434782608,0.8703116161243513
IXMtest_F03_s5_w1FE22EC7D-720A-4848-888A-6AFE1E1C85B0,image_fidelity,deterministic,4.0,100,-1,0.6091738437194756,0.840434284390758,0.7248322147651006,54,26,15,80,69,11,0.15942028985507245,0.8209197317083863
IXMtest_F03_s5_w1FE22EC7D-720A-4848-888A-6AFE1E1C85B0,image_fidelity,deterministic,6.0,100,-1,0.512560887273712,0.832911441819782,0.6153846153846154,36,12,33,48,69,21,0.30434782608695654,0.6049561188831089
IXMtest_F03_s5_w1FE22EC7D-720A-4848-888A-6AFE1E1C85B0,image_fidelity,poisson,-6.0,50,0,0.6190006574694682,0.8272099695273802,0.7482993197278912,55,23,14,78,69,9,0.13043478260869565,0.8207073007145873
IXMtest_F03_s5_w1FE22EC7D-720A-4848-888A-6AFE1E1C85B0,image_fidelity,poisson,-6.0,50,1,0.6504097113565447,0.8304338278927312,0.7832167832167832,56,18,13,74,69,5,0.07246376811594203,0.8203791111595503
IXMtest_F03_s5_w1FE22EC7D-720A-4848-888A-6AFE1E1C85B0,image_fidelity,poisson,-6.0,50,2,0.6249401199156778,0.8312882727180242,0.75177304964539,53,19,16,72,69,3,0.043478260869565216,0.8143614780941902
IXMtest_F03_s5_w1FE22EC7D-720A-4848-888A-6AFE1E1C85B0,image_fidelity,poisson,-6.0,50,3,0.6513987859950294,0.8316966642615108,0.7832167832167832,56,18,13,74,69,5,0.07246376811594203,0.8176347989780826
IXMtest_F03_s5_w1FE22EC7D-720A-4848-888A-6AFE1E1C85B0,image_fidelity,poisson,-6.0,200,0,0.6578400110466274,0.8449841521202368,0.7785234899328859,58,22,11,80,69,11,0.15942028985507245,0.854896683024504
IXMtest_F03_s5_w1FE22EC7D-720A-4848-888A-6AFE1E1C85B0,image_fidelity,poisson,-6.0,200,1,0.6584285377062722,0.8490262723054562,0.7755102040816326,57,21,12,78,69,9,0.13043478260869565,0.8309857981758361
IXMtest_F03_s5_w1FE22EC7D-720A-4848-888A-6AFE1E1C85B0,image_fidelity,poisson,-6.0,200,2,0.6621321220798333,0.8447892592053046,0.7837837837837838,58,21,11,79,69,10,0.14492753623188406,0.8525081765980409
IXMtest_F03_s5_w1FE22EC7D-720A-4848-888A-6AFE1E1C85B0,image_fidelity,poisson,-6.0,200,3,0.676095655822446,0.8451195697780575,0.8,58,18,11,76,69,7,0.10144927536231885,0.8360271726399625
IXMtest_F03_s5_w1FE22EC7D-720A-4848-888A-6AFE1E1C85B0,image_fidelity,poisson,6.0,50,0,0.6388262500775787,0.8304741251008523,0.7692307692307693,55,19,14,74,69,5,0.07246376811594203,0.814132078500283
IXMtest_F03_s5_w1FE22EC7D-720A-4848-888A-6AFE1E1C85B0,image_fidelity,poisson,6.0,50,1,0.6521941381229059,0.8419233419404787,0.7746478873239436,55,18,14,73,69,4,0.057971014492753624,0.8188164500261997
IXMtest_F03_s5_w1FE22EC7D-720A-4848-888A-6AFE1E1C85B0,image_fidelity,poisson,6.0,50,2,0.6465224850481055,0.8287242762889352,0.7801418439716312,55,17,14,72,69,3,0.043478260869565216,0.7949330783938815
IXMtest_F03_s5_w1FE22EC7D-720A-4848-888A-6AFE1E1C85B0,image_fidelity,poisson,6.0,50,3,0.6565321609290491,0.82354472818293,0.7972027972027972,57,17,12,74,69,5,0.07246376811594203,0.8207714984842285
IXMtest_F03_s5_w1FE22EC7D-720A-4848-888A-6AFE1E1C85B0,image_fidelity,poisson,6.0,200,0,0.649559457807891,0.852546788372857,0.7619047619047619,56,22,13,78,69,9,0.13043478260869565,0.8366425096793408
IXMtest_F03_s5_w1FE22EC7D-720A-4848-888A-6AFE1E1C85B0,image_fidelity,poisson,6.0,200,1,0.6530139925246639,0.8420443587818034,0.7755102040816326,57,21,12,78,69,9,0.13043478260869565,0.8343801487007502
IXMtest_F03_s5_w1FE22EC7D-720A-4848-888A-6AFE1E1C85B0,image_fidelity,poisson,6.0,200,2,0.6545848852223571,0.8498119562535864,0.7702702702702703,57,22,12,79,69,10,0.14492753623188406,0.8494204043996575
IXMtest_F03_s5_w1FE22EC7D-720A-4848-888A-6AFE1E1C85B0,image_fidelity,poisson,6.0,200,3,0.6605938206454283,0.8460236650371273,0.7808219178082192,57,20,12,77,69,8,0.11594202898550725,0.8273590647955908
IXMtest_F03_s5_w1FE22EC7D-720A-4848-888A-6AFE1E1C85B0,exact_task,deterministic,-6.0,100,-1,0.5908795539304831,0.8095049888847617,0.7299270072992701,50,18,19,68,69,1,0.014492753623188406,0.7567091532357342
IXMtest_F03_s5_w1FE22EC7D-720A-4848-888A-6AFE1E1C85B0,exact_task,deterministic,-4.0,100,-1,0.6379172650337223,0.8486577900895055,0.7516778523489933,56,24,13,80,69,11,0.15942028985507245,0.8528025940249607
IXMtest_F03_s5_w1FE22EC7D-720A-4848-888A-6AFE1E1C85B0,exact_task,deterministic,-2.0,100,-1,0.6531676601434885,0.8651606726461997,0.7549668874172185,57,25,12,82,69,13,0.18840579710144928,0.8680730610433224
IXMtest_F03_s5_w1FE22EC7D-720A-4848-888A-6AFE1E1C85B0,exact_task,deterministic,0.0,100,-1,0.6657696892158113,0.8666484747550647,0.7682119205298014,58,24,11,82,69,13,0.18840579710144928,0.8720459262234719
IXMtest_F03_s5_w1FE22EC7D-720A-4848-888A-6AFE1E1C85B0,exact_task,deterministic,2.0,100,-1,0.6574902563325868,0.8615389565737345,0.7631578947368421,58,25,11,83,69,14,0.2028985507246377,0.8723053343551128
IXMtest_F03_s5_w1FE22EC7D-720A-4848-888A-6AFE1E1C85B0,exact_task,deterministic,4.0,100,-1,0.6373344018097915,0.8478823738362404,0.7516778523489933,56,24,13,80,69,11,0.15942028985507245,0.8533288386988033
IXMtest_F03_s5_w1FE22EC7D-720A-4848-888A-6AFE1E1C85B0,exact_task,deterministic,6.0,100,-1,0.5984525413420587,0.8096710853451382,0.7391304347826086,51,18,18,69,69,0,0.0,0.7667272148461639
IXMtest_F03_s5_w1FE22EC7D-720A-4848-888A-6AFE1E1C85B0,exact_task,poisson,-6.0,50,0,0.6408844484115107,0.8307761368297362,0.7714285714285715,54,17,15,71,69,2,0.028985507246376812,0.8113986074099544
IXMtest_F03_s5_w1FE22EC7D-720A-4848-888A-6AFE1E1C85B0,exact_task,poisson,-6.0,50,1,0.6317756695200716,0.8284605477668863,0.762589928057554,53,17,16,70,69,1,0.014492753623188406,0.8028726748528058
IXMtest_F03_s5_w1FE22EC7D-720A-4848-888A-6AFE1E1C85B0,exact_task,poisson,-6.0,50,2,0.633171415551373,0.8266404591920703,0.7659574468085106,54,18,15,72,69,3,0.043478260869565216,0.786570290502026
IXMtest_F03_s5_w1FE22EC7D-720A-4848-888A-6AFE1E1C85B0,exact_task,poisson,-6.0,50,3,0.6508402991414138,0.8251725221257212,0.7887323943661971,56,17,13,73,69,4,0.057971014492753624,0.8076618971102099
IXMtest_F03_s5_w1FE22EC7D-720A-4848-888A-6AFE1E1C85B0,exact_task,poisson,-6.0,200,0,0.6452156291179131,0.8376483606092204,0.7702702702702703,57,22,12,79,69,10,0.14492753623188406,0.8404133746598373
IXMtest_F03_s5_w1FE22EC7D-720A-4848-888A-6AFE1E1C85B0,exact_task,poisson,-6.0,200,1,0.6572421992122345,0.8328845110706764,0.7891156462585034,58,20,11,78,69,9,0.13043478260869565,0.8413834031189212
IXMtest_F03_s5_w1FE22EC7D-720A-4848-888A-6AFE1E1C85B0,exact_task,poisson,-6.0,200,2,0.6431809531865798,0.831699508430922,0.7733333333333333,58,23,11,81,69,12,0.17391304347826086,0.8499321309263519
IXMtest_F03_s5_w1FE22EC7D-720A-4848-888A-6AFE1E1C85B0,exact_task,poisson,-6.0,200,3,0.6460213856020398,0.8386944304307183,0.7702702702702703,57,22,12,79,69,10,0.14492753623188406,0.833977088904295
IXMtest_F03_s5_w1FE22EC7D-720A-4848-888A-6AFE1E1C85B0,exact_task,poisson,6.0,50,0,0.6447248860087382,0.8346884684934557,0.7724137931034483,56,20,13,76,69,7,0.10144927536231885,0.8167235042876535
IXMtest_F03_s5_w1FE22EC7D-720A-4848-888A-6AFE1E1C85B0,exact_task,poisson,6.0,50,1,0.6456341112142595,0.8393243445785373,0.7692307692307693,55,19,14,74,69,5,0.07246376811594203,0.8108007132546489
IXMtest_F03_s5_w1FE22EC7D-720A-4848-888A-6AFE1E1C85B0,exact_task,poisson,6.0,50,2,0.6276861554974844,0.8126293977422788,0.7724137931034483,56,20,13,76,69,7,0.10144927536231885,0.8078549899955254
IXMtest_F03_s5_w1FE22EC7D-720A-4848-888A-6AFE1E1C85B0,exact_task,poisson,6.0,50,3,0.6627759873624408,0.8343876269473586,0.7943262411347518,56,16,13,72,69,3,0.043478260869565216,0.8192637932500213
IXMtest_F03_s5_w1FE22EC7D-720A-4848-888A-6AFE1E1C85B0,exact_task,poisson,6.0,200,0,0.6532063969310001,0.8334012650498968,0.7837837837837838,58,21,11,79,69,10,0.14492753623188406,0.8413840694006309
IXMtest_F03_s5_w1FE22EC7D-720A-4848-888A-6AFE1E1C85B0,exact_task,poisson,6.0,200,1,0.6378516869467262,0.8303069373185833,0.7682119205298014,58,24,11,82,69,13,0.18840579710144928,0.8531798254466773
IXMtest_F03_s5_w1FE22EC7D-720A-4848-888A-6AFE1E1C85B0,exact_task,poisson,6.0,200,2,0.6544064983672352,0.8263268496332037,0.7919463087248322,59,21,10,80,69,11,0.15942028985507245,0.8587021846828555
IXMtest_F03_s5_w1FE22EC7D-720A-4848-888A-6AFE1E1C85B0,exact_task,poisson,6.0,200,3,0.646593046192282,0.8394365862847168,0.7702702702702703,57,22,12,79,69,10,0.14492753623188406,0.8470486153745406
IXMtest_F03_s5_w1FE22EC7D-720A-4848-888A-6AFE1E1C85B0,surrogate,deterministic,-6.0,100,-1,0.541084043692653,0.8324369902963892,0.65,39,12,30,51,69,18,0.2608695652173913,0.6411836694193008
IXMtest_F03_s5_w1FE22EC7D-720A-4848-888A-6AFE1E1C85B0,surrogate,deterministic,-4.0,100,-1,0.6176164477954678,0.8365895520138609,0.738255033557047,55,25,14,80,69,11,0.15942028985507245,0.8287979988361287
IXMtest_F03_s5_w1FE22EC7D-720A-4848-888A-6AFE1E1C85B0,surrogate,deterministic,-2.0,100,-1,0.6589773192812015,0.8544366936442698,0.7712418300653595,59,25,10,84,69,15,0.21739130434782608,0.8708127695158143
IXMtest_F03_s5_w1FE22EC7D-720A-4848-888A-6AFE1E1C85B0,surrogate,deterministic,0.0,100,-1,0.6601542790960485,0.8559627517092833,0.7712418300653595,59,25,10,84,69,15,0.21739130434782608,0.8723118279569892
IXMtest_F03_s5_w1FE22EC7D-720A-4848-888A-6AFE1E1C85B0,surrogate,deterministic,2.0,100,-1,0.6590091751899405,0.8544779983394991,0.7712418300653595,59,25,10,84,69,15,0.21739130434782608,0.8707915839879302
IXMtest_F03_s5_w1FE22EC7D-720A-4848-888A-6AFE1E1C85B0,surrogate,deterministic,4.0,100,-1,0.6179138371479294,0.8369923794094679,0.738255033557047,55,25,14,80,69,11,0.15942028985507245,0.8286111593950982
IXMtest_F03_s5_w1FE22EC7D-720A-4848-888A-6AFE1E1C85B0,surrogate,deterministic,6.0,100,-1,0.5413192776285118,0.832798888659249,0.65,39,12,30,51,69,18,0.2608695652173913,0.641283493218657
IXMtest_F03_s5_w1FE22EC7D-720A-4848-888A-6AFE1E1C85B0,surrogate,poisson,-6.0,50,0,0.6437935448761092,0.8310789397491591,0.7746478873239436,55,18,14,73,69,4,0.057971014492753624,0.8113734923431359
IXMtest_F03_s5_w1FE22EC7D-720A-4848-888A-6AFE1E1C85B0,surrogate,poisson,-6.0,50,1,0.6310382505456127,0.8296984405321944,0.7605633802816901,54,19,15,73,69,4,0.057971014492753624,0.7953171562366965
IXMtest_F03_s5_w1FE22EC7D-720A-4848-888A-6AFE1E1C85B0,surrogate,poisson,-6.0,50,2,0.6473918834307015,0.8357240677014511,0.7746478873239436,55,18,14,73,69,4,0.057971014492753624,0.8152292390489816
IXMtest_F03_s5_w1FE22EC7D-720A-4848-888A-6AFE1E1C85B0,surrogate,poisson,-6.0,50,3,0.6400485402127837,0.8437003484623057,0.7586206896551724,55,21,14,76,69,7,0.10144927536231885,0.82101009431853
IXMtest_F03_s5_w1FE22EC7D-720A-4848-888A-6AFE1E1C85B0,surrogate,poisson,-6.0,200,0,0.6564438041758368,0.8464670106477896,0.7755102040816326,57,21,12,78,69,9,0.13043478260869565,0.845233570732191
IXMtest_F03_s5_w1FE22EC7D-720A-4848-888A-6AFE1E1C85B0,surrogate,poisson,-6.0,200,1,0.6663137385418662,0.8443803410832269,0.7891156462585034,58,20,11,78,69,9,0.13043478260869565,0.8430271504064705
IXMtest_F03_s5_w1FE22EC7D-720A-4848-888A-6AFE1E1C85B0,surrogate,poisson,-6.0,200,2,0.6577489584203887,0.8481499726999748,0.7755102040816326,57,21,12,78,69,9,0.13043478260869565,0.8405546933999453
IXMtest_F03_s5_w1FE22EC7D-720A-4848-888A-6AFE1E1C85B0,surrogate,poisson,-6.0,200,3,0.6664627819242153,0.8388238462149606,0.7945205479452054,58,19,11,77,69,8,0.11594202898550725,0.8380398395810547
IXMtest_F03_s5_w1FE22EC7D-720A-4848-888A-6AFE1E1C85B0,surrogate,poisson,6.0,50,0,0.6390407136440373,0.8365623887703761,0.7638888888888888,55,20,14,75,69,6,0.08695652173913043,0.8185478765163219
IXMtest_F03_s5_w1FE22EC7D-720A-4848-888A-6AFE1E1C85B0,surrogate,poisson,6.0,50,1,0.6426963965657674,0.8320622991253239,0.7724137931034483,56,20,13,76,69,7,0.10144927536231885,0.8198168137606566
IXMtest_F03_s5_w1FE22EC7D-720A-4848-888A-6AFE1E1C85B0,surrogate,poisson,6.0,50,2,0.6587080320222497,0.8320522509754733,0.7916666666666666,57,18,12,75,69,6,0.08695652173913043,0.8312487558887931
IXMtest_F03_s5_w1FE22EC7D-720A-4848-888A-6AFE1E1C85B0,surrogate,poisson,6.0,50,3,0.6497763317140609,0.8264698956012179,0.7862068965517242,57,19,12,76,69,7,0.10144927536231885,0.8085095749377358
IXMtest_F03_s5_w1FE22EC7D-720A-4848-888A-6AFE1E1C85B0,surrogate,poisson,6.0,200,0,0.6605474680225897,0.8427674592012351,0.7837837837837838,58,21,11,79,69,10,0.14492753623188406,0.8579743505425846
IXMtest_F03_s5_w1FE22EC7D-720A-4848-888A-6AFE1E1C85B0,surrogate,poisson,6.0,200,1,0.66902470990334,0.8420483417748934,0.7945205479452054,58,19,11,77,69,8,0.11594202898550725,0.8526145570351302
IXMtest_F03_s5_w1FE22EC7D-720A-4848-888A-6AFE1E1C85B0,surrogate,poisson,6.0,200,2,0.656176123028675,0.8461218428527651,0.7755102040816326,57,21,12,78,69,9,0.13043478260869565,0.8415393649664619
IXMtest_F03_s5_w1FE22EC7D-720A-4848-888A-6AFE1E1C85B0,surrogate,poisson,6.0,200,3,0.6459549282051364,0.8442744237067135,0.7651006711409396,57,23,12,80,69,11,0.15942028985507245,0.8460496315632952
IXMtest_F04_s5_w1D94DA1A2-873C-44B3-80EB-36DC2A97E9A3,clear,deterministic,-6.0,100,-1,0.6419956024186716,0.834594283144273,0.7692307692307693,45,14,13,59,58,1,0.017241379310344827,0.7803774722927295
IXMtest_F04_s5_w1D94DA1A2-873C-44B3-80EB-36DC2A97E9A3,clear,deterministic,-4.0,100,-1,0.7089071554055434,0.8426632224631931,0.8412698412698413,53,15,5,68,58,10,0.1724137931034483,0.8624257498835849
IXMtest_F04_s5_w1D94DA1A2-873C-44B3-80EB-36DC2A97E9A3,clear,deterministic,-2.0,100,-1,0.7133019546136401,0.8519995568996257,0.8372093023255814,54,17,4,71,58,13,0.22413793103448276,0.868835516412411
IXMtest_F04_s5_w1D94DA1A2-873C-44B3-80EB-36DC2A97E9A3,clear,deterministic,0.0,100,-1,0.7190100059113719,0.8521600070060704,0.84375,54,16,4,70,58,12,0.20689655172413793,0.8690361256426952
IXMtest_F04_s5_w1D94DA1A2-873C-44B3-80EB-36DC2A97E9A3,clear,deterministic,2.0,100,-1,0.7133019546136401,0.8519995568996257,0.8372093023255814,54,17,4,71,58,13,0.22413793103448276,0.868835516412411
IXMtest_F04_s5_w1D94DA1A2-873C-44B3-80EB-36DC2A97E9A3,clear,deterministic,4.0,100,-1,0.7089071554055434,0.8426632224631931,0.8412698412698413,53,15,5,68,58,10,0.1724137931034483,0.8624257498835849
IXMtest_F04_s5_w1D94DA1A2-873C-44B3-80EB-36DC2A97E9A3,clear,deterministic,6.0,100,-1,0.6419956024186716,0.834594283144273,0.7692307692307693,45,14,13,59,58,1,0.017241379310344827,0.7803774722927295
IXMtest_F04_s5_w1D94DA1A2-873C-44B3-80EB-36DC2A97E9A3,clear,poisson,-6.0,50,0,0.6531532636524429,0.8196433112501244,0.796875,51,19,7,70,58,12,0.20689655172413793,0.8367235451010636
IXMtest_F04_s5_w1D94DA1A2-873C-44B3-80EB-36DC2A97E9A3,clear,poisson,-6.0,50,1,0.6509862680985549,0.7956498832315672,0.8181818181818182,54,20,4,74,58,16,0.27586206896551724,0.8504301997015589
IXMtest_F04_s5_w1D94DA1A2-873C-44B3-80EB-36DC2A97E9A3,clear,poisson,-6.0,50,2,0.6501493565598246,0.8126866956997808,0.8,52,20,6,72,58,14,0.2413793103448276,0.8440146915523574
IXMtest_F04_s5_w1D94DA1A2-873C-44B3-80EB-36DC2A97E9A3,clear,poisson,-6.0,50,3,0.6732698483275306,0.8130050998672067,0.828125,53,17,5,70,58,12,0.20689655172413793,0.8445892868516592
IXMtest_F04_s5_w1D94DA1A2-873C-44B3-80EB-36DC2A97E9A3,clear,poisson,-6.0,200,0,0.6891403948342637,0.8231399160520373,0.8372093023255814,54,17,4,71,58,13,0.22413793103448276,0.8577540106951872
IXMtest_F04_s5_w1D94DA1A2-873C-44B3-80EB-36DC2A97E9A3,clear,poisson,-6.0,200,1,0.6952846774078549,0.8304789202371601,0.8372093023255814,54,17,4,71,58,13,0.22413793103448276,0.8619376160176829
IXMtest_F04_s5_w1D94DA1A2-873C-44B3-80EB-36DC2A97E9A3,clear,poisson,-6.0,200,2,0.7008043834091081,0.8305829729293133,0.84375,54,16,4,70,58,12,0.20689655172413793,0.8618841609091497
IXMtest_F04_s5_w1D94DA1A2-873C-44B3-80EB-36DC2A97E9A3,clear,poisson,-6.0,200,3,0.6894525389759103,0.8325464621595898,0.828125,53,17,5,70,58,12,0.20689655172413793,0.8552710075602269
IXMtest_F04_s5_w1D94DA1A2-873C-44B3-80EB-36DC2A97E9A3,clear,poisson,6.0,50,0,0.658347119535426,0.8011960228308486,0.8217054263565892,53,18,5,71,58,13,0.22413793103448276,0.8497906211041141
IXMtest_F04_s5_w1D94DA1A2-873C-44B3-80EB-36DC2A97E9A3,clear,poisson,6.0,50,1,0.6459300453387551,0.7982720371639331,0.8091603053435115,53,20,5,73,58,15,0.25862068965517243,0.8454525048900671
IXMtest_F04_s5_w1D94DA1A2-873C-44B3-80EB-36DC2A97E9A3,clear,poisson,6.0,50,2,0.6804111679305699,0.8064132360658606,0.84375,54,16,4,70,58,12,0.20689655172413793,0.8461022863891223
IXMtest_F04_s5_w1D94DA1A2-873C-44B3-80EB-36DC2A97E9A3,clear,poisson,6.0,50,3,0.6677409634168706,0.8037622707795664,0.8307692307692308,54,18,4,72,58,14,0.2413793103448276,0.84796311180676
IXMtest_F04_s5_w1D94DA1A2-873C-44B3-80EB-36DC2A97E9A3,clear,poisson,6.0,200,0,0.6973705746657571,0.8289499283762775,0.8412698412698413,53,15,5,68,58,10,0.1724137931034483,0.8527985944667975
IXMtest_F04_s5_w1D94DA1A2-873C-44B3-80EB-36DC2A97E9A3,clear,poisson,6.0,200,1,0.6959069779839371,0.8247786405735551,0.84375,54,16,4,70,58,12,0.20689655172413793,0.8590792893815385
IXMtest_F04_s5_w1D94DA1A2-873C-44B3-80EB-36DC2A97E9A3,clear,poisson,6.0,200,2,0.7003775092244588,0.830077047969729,0.84375,54,16,4,70,58,12,0.20689655172413793,0.8580800585059474
IXMtest_F04_s5_w1D94DA1A2-873C-44B3-80EB-36DC2A97E9A3,clear,poisson,6.0,200,3,0.6925131578349731,0.82075633521182,0.84375,54,16,4,70,58,12,0.20689655172413793,0.8513604628401157
IXMtest_F04_s5_w1D94DA1A2-873C-44B3-80EB-36DC2A97E9A3,cubic,deterministic,-6.0,100,-1,0.6419956024186716,0.834594283144273,0.7692307692307693,45,14,13,59,58,1,0.017241379310344827,0.7803774722927295
IXMtest_F04_s5_w1D94DA1A2-873C-44B3-80EB-36DC2A97E9A3,cubic,deterministic,-4.0,100,-1,0.7089071554055434,0.8426632224631931,0.8412698412698413,53,15,5,68,58,10,0.1724137931034483,0.8624257498835849
IXMtest_F04_s5_w1D94DA1A2-873C-44B3-80EB-36DC2A97E9A3,cubic,deterministic,-2.0,100,-1,0.7133019546136401,0.8519995568996257,0.8372093023255814,54,17,4,71,58,13,0.22413793103448276,0.868835516412411
IXMtest_F04_s5_w1D94DA1A2-873C-44B3-80EB-36DC2A97E9A3,cubic,deterministic,0.0,100,-1,0.7190100059113719,0.8521600070060704,0.84375,54,16,4,70,58,12,0.20689655172413793,0.8690361256426952
IXMtest_F04_s5_w1D94DA1A2-873C-44B3-80EB-36DC2A97E9A3,cubic,deterministic,2.0,100,-1,0.7133019546136401,0.8519995568996257,0.8372093023255814,54,17,4,71,58,13,0.22413793103448276,0.868835516412411
IXMtest_F04_s5_w1D94DA1A2-873C-44B3-80EB-36DC2A97E9A3,cubic,deterministic,4.0,100,-1,0.7089071554055434,0.8426632224631931,0.8412698412698413,53,15,5,68,58,10,0.1724137931034483,0.8624257498835849
IXMtest_F04_s5_w1D94DA1A2-873C-44B3-80EB-36DC2A97E9A3,cubic,deterministic,6.0,100,-1,0.6419956024186716,0.834594283144273,0.7692307692307693,45,14,13,59,58,1,0.017241379310344827,0.7803774722927295
IXMtest_F04_s5_w1D94DA1A2-873C-44B3-80EB-36DC2A97E9A3,cubic,poisson,-6.0,50,0,0.6531532636524429,0.8196433112501244,0.796875,51,19,7,70,58,12,0.20689655172413793,0.8367235451010636
IXMtest_F04_s5_w1D94DA1A2-873C-44B3-80EB-36DC2A97E9A3,cubic,poisson,-6.0,50,1,0.6509862680985549,0.7956498832315672,0.8181818181818182,54,20,4,74,58,16,0.27586206896551724,0.8504301997015589
IXMtest_F04_s5_w1D94DA1A2-873C-44B3-80EB-36DC2A97E9A3,cubic,poisson,-6.0,50,2,0.6501493565598246,0.8126866956997808,0.8,52,20,6,72,58,14,0.2413793103448276,0.8440146915523574
IXMtest_F04_s5_w1D94DA1A2-873C-44B3-80EB-36DC2A97E9A3,cubic,poisson,-6.0,50,3,0.6732698483275306,0.8130050998672067,0.828125,53,17,5,70,58,12,0.20689655172413793,0.8445892868516592
IXMtest_F04_s5_w1D94DA1A2-873C-44B3-80EB-36DC2A97E9A3,cubic,poisson,-6.0,200,0,0.6891403948342637,0.8231399160520373,0.8372093023255814,54,17,4,71,58,13,0.22413793103448276,0.8577540106951872
IXMtest_F04_s5_w1D94DA1A2-873C-44B3-80EB-36DC2A97E9A3,cubic,poisson,-6.0,200,1,0.6952846774078549,0.8304789202371601,0.8372093023255814,54,17,4,71,58,13,0.22413793103448276,0.8619376160176829
IXMtest_F04_s5_w1D94DA1A2-873C-44B3-80EB-36DC2A97E9A3,cubic,poisson,-6.0,200,2,0.7008043834091081,0.8305829729293133,0.84375,54,16,4,70,58,12,0.20689655172413793,0.8618841609091497
IXMtest_F04_s5_w1D94DA1A2-873C-44B3-80EB-36DC2A97E9A3,cubic,poisson,-6.0,200,3,0.6894525389759103,0.8325464621595898,0.828125,53,17,5,70,58,12,0.20689655172413793,0.8552710075602269
IXMtest_F04_s5_w1D94DA1A2-873C-44B3-80EB-36DC2A97E9A3,cubic,poisson,6.0,50,0,0.658347119535426,0.8011960228308486,0.8217054263565892,53,18,5,71,58,13,0.22413793103448276,0.8497906211041141
IXMtest_F04_s5_w1D94DA1A2-873C-44B3-80EB-36DC2A97E9A3,cubic,poisson,6.0,50,1,0.6459300453387551,0.7982720371639331,0.8091603053435115,53,20,5,73,58,15,0.25862068965517243,0.8454525048900671
IXMtest_F04_s5_w1D94DA1A2-873C-44B3-80EB-36DC2A97E9A3,cubic,poisson,6.0,50,2,0.6804111679305699,0.8064132360658606,0.84375,54,16,4,70,58,12,0.20689655172413793,0.8461022863891223
IXMtest_F04_s5_w1D94DA1A2-873C-44B3-80EB-36DC2A97E9A3,cubic,poisson,6.0,50,3,0.6677409634168706,0.8037622707795664,0.8307692307692308,54,18,4,72,58,14,0.2413793103448276,0.84796311180676
IXMtest_F04_s5_w1D94DA1A2-873C-44B3-80EB-36DC2A97E9A3,cubic,poisson,6.0,200,0,0.6973705746657571,0.8289499283762775,0.8412698412698413,53,15,5,68,58,10,0.1724137931034483,0.8527985944667975
IXMtest_F04_s5_w1D94DA1A2-873C-44B3-80EB-36DC2A97E9A3,cubic,poisson,6.0,200,1,0.6959069779839371,0.8247786405735551,0.84375,54,16,4,70,58,12,0.20689655172413793,0.8590792893815385
IXMtest_F04_s5_w1D94DA1A2-873C-44B3-80EB-36DC2A97E9A3,cubic,poisson,6.0,200,2,0.7003775092244588,0.830077047969729,0.84375,54,16,4,70,58,12,0.20689655172413793,0.8580800585059474
IXMtest_F04_s5_w1D94DA1A2-873C-44B3-80EB-36DC2A97E9A3,cubic,poisson,6.0,200,3,0.6925131578349731,0.82075633521182,0.84375,54,16,4,70,58,12,0.20689655172413793,0.8513604628401157
IXMtest_F04_s5_w1D94DA1A2-873C-44B3-80EB-36DC2A97E9A3,image_fidelity,deterministic,-6.0,100,-1,0.6603492018240038,0.8359739895431538,0.7899159663865546,47,14,11,61,58,3,0.05172413793103448,0.7988184694482895
IXMtest_F04_s5_w1D94DA1A2-873C-44B3-80EB-36DC2A97E9A3,image_fidelity,deterministic,-4.0,100,-1,0.7088325039686699,0.842574485849551,0.8412698412698413,53,15,5,68,58,10,0.1724137931034483,0.862389697114238
IXMtest_F04_s5_w1D94DA1A2-873C-44B3-80EB-36DC2A97E9A3,image_fidelity,deterministic,-2.0,100,-1,0.7133125086352703,0.8520121630921283,0.8372093023255814,54,17,4,71,58,13,0.22413793103448276,0.8688266750550487
IXMtest_F04_s5_w1D94DA1A2-873C-44B3-80EB-36DC2A97E9A3,image_fidelity,deterministic,0.0,100,-1,0.7192141612763412,0.8524019689201081,0.84375,54,16,4,70,58,12,0.20689655172413793,0.8691952810174324
IXMtest_F04_s5_w1D94DA1A2-873C-44B3-80EB-36DC2A97E9A3,image_fidelity,deterministic,2.0,100,-1,0.7133817540163576,0.8520948728528716,0.8372093023255814,54,17,4,71,58,13,0.22413793103448276,0.868884320267826
IXMtest_F04_s5_w1D94DA1A2-873C-44B3-80EB-36DC2A97E9A3,image_fidelity,deterministic,4.0,100,-1,0.7076253096597093,0.8411395190294657,0.8412698412698413,53,15,5,68,58,10,0.1724137931034483,0.8617926833426146
IXMtest_F04_s5_w1D94DA1A2-873C-44B3-80EB-36DC2A97E9A3,image_fidelity,deterministic,6.0,100,-1,0.6509182974203298,0.834873468430423,0.7796610169491526,46,14,12,60,58,2,0.034482758620689655,0.7892604734067085
IXMtest_F04_s5_w1D94DA1A2-873C-44B3-80EB-36DC2A97E9A3,image_fidelity,poisson,-6.0,50,0,0.6461292938755554,0.8108289178046185,0.796875,51,19,7,70,58,12,0.20689655172413793,0.8355101471361573
IXMtest_F04_s5_w1D94DA1A2-873C-44B3-80EB-36DC2A97E9A3,image_fidelity,poisson,-6.0,50,1,0.6656385490409686,0.8100695549649524,0.8217054263565892,53,18,5,71,58,13,0.22413793103448276,0.8455863539445629
IXMtest_F04_s5_w1D94DA1A2-873C-44B3-80EB-36DC2A97E9A3,image_fidelity,poisson,-6.0,50,2,0.6925977332899776,0.8059319078283377,0.859375,55,15,3,70,58,12,0.20689655172413793,0.8484488266697799
IXMtest_F04_s5_w1D94DA1A2-873C-44B3-80EB-36DC2A97E9A3,image_fidelity,poisson,-6.0,50,3,0.652327586165614,0.8091371020708097,0.8062015503875969,52,19,6,71,58,13,0.22413793103448276,0.8392585449480339
IXMtest_F04_s5_w1D94DA1A2-873C-44B3-80EB-36DC2A97E9A3,image_fidelity,poisson,-6.0,200,0,0.693085150820591,0.8278517079245948,0.8372093023255814,54,17,4,71,58,13,0.22413793103448276,0.8597395316745008
IXMtest_F04_s5_w1D94DA1A2-873C-44B3-80EB-36DC2A97E9A3,image_fidelity,poisson,-6.0,200,1,0.7008197674210641,0.8218704545210661,0.8527131782945736,55,16,3,71,58,13,0.22413793103448276,0.8591846398897929
IXMtest_F04_s5_w1D94DA1A2-873C-44B3-80EB-36DC2A97E9A3,image_fidelity,poisson,-6.0,200,2,0.7033866695302242,0.8271306206512823,0.8503937007874016,54,15,4,69,58,11,0.1896551724137931,0.8552312615145933
IXMtest_F04_s5_w1D94DA1A2-873C-44B3-80EB-36DC2A97E9A3,image_fidelity,poisson,-6.0,200,3,0.6997370402736655,0.8293179736576776,0.84375,54,16,4,70,58,12,0.20689655172413793,0.8586028460543338
IXMtest_F04_s5_w1D94DA1A2-873C-44B3-80EB-36DC2A97E9A3,image_fidelity,poisson,6.0,50,0,0.6590121986176589,0.8020054115252642,0.8217054263565892,53,18,5,71,58,13,0.22413793103448276,0.8375090854675274
IXMtest_F04_s5_w1D94DA1A2-873C-44B3-80EB-36DC2A97E9A3,image_fidelity,poisson,6.0,50,1,0.6807440739675124,0.8068077913689036,0.84375,54,16,4,70,58,12,0.20689655172413793,0.8410285884581816
IXMtest_F04_s5_w1D94DA1A2-873C-44B3-80EB-36DC2A97E9A3,image_fidelity,poisson,6.0,50,2,0.6768642469753533,0.8109599940176403,0.8346456692913385,53,16,5,69,58,11,0.1896551724137931,0.8378387079465579
IXMtest_F04_s5_w1D94DA1A2-873C-44B3-80EB-36DC2A97E9A3,image_fidelity,poisson,6.0,50,3,0.642916439403301,0.79746366041371,0.8062015503875969,52,19,6,71,58,13,0.22413793103448276,0.8365271131520783
IXMtest_F04_s5_w1D94DA1A2-873C-44B3-80EB-36DC2A97E9A3,image_fidelity,poisson,6.0,200,0,0.6927166632695144,0.8274115700163643,0.8372093023255814,54,17,4,71,58,13,0.22413793103448276,0.8594451726583149
IXMtest_F04_s5_w1D94DA1A2-873C-44B3-80EB-36DC2A97E9A3,image_fidelity,poisson,6.0,200,1,0.6958115344238117,0.8246655222800732,0.84375,54,16,4,70,58,12,0.20689655172413793,0.8612255045018753
IXMtest_F04_s5_w1D94DA1A2-873C-44B3-80EB-36DC2A97E9A3,image_fidelity,poisson,6.0,200,2,0.6757470653214688,0.8196561625658556,0.8244274809160306,54,19,4,73,58,15,0.25862068965517243,0.8605526287495968
IXMtest_F04_s5_w1D94DA1A2-873C-44B3-80EB-36DC2A97E9A3,image_fidelity,poisson,6.0,200,3,0.7061476142149551,0.8303772870861046,0.8503937007874016,54,15,4,69,58,11,0.1896551724137931,0.858287043017698
IXMtest_F04_s5_w1D94DA1A2-873C-44B3-80EB-36DC2A97E9A3,exact_task,deterministic,-6.0,100,-1,0.6769397472718676,0.816309695239605,0.8292682926829268,51,14,7,65,58,7,0.1206896551724138,0.8248796222710486
IXMtest_F04_s5_w1D94DA1A2-873C-44B3-80EB-36DC2A97E9A3,exact_task,deterministic,-4.0,100,-1,0.7107253099862662,0.8448244250780145,0.8412698412698413,53,15,5,68,58,10,0.1724137931034483,0.862748203880749
IXMtest_F04_s5_w1D94DA1A2-873C-44B3-80EB-36DC2A97E9A3,exact_task,deterministic,-2.0,100,-1,0.7288468466085104,0.8663651195535124,0.8412698412698413,53,15,5,68,58,10,0.1724137931034483,0.8727846674182638
IXMtest_F04_s5_w1D94DA1A2-873C-44B3-80EB-36DC2A97E9A3,exact_task,deterministic,0.0,100,-1,0.7352545113632666,0.8739817776582226,0.8412698412698413,53,15,5,68,58,10,0.1724137931034483,0.8768587308208291
IXMtest_F04_s5_w1D94DA1A2-873C-44B3-80EB-36DC2A97E9A3,exact_task,deterministic,2.0,100,-1,0.728159962971024,0.8655486352297077,0.8412698412698413,53,15,5,68,58,10,0.1724137931034483,0.8722787792696813
IXMtest_F04_s5_w1D94DA1A2-873C-44B3-80EB-36DC2A97E9A3,exact_task,deterministic,4.0,100,-1,0.7082547279331195,0.8418876954676704,0.8412698412698413,53,15,5,68,58,10,0.1724137931034483,0.8607861567557161
IXMtest_F04_s5_w1D94DA1A2-873C-44B3-80EB-36DC2A97E9A3,exact_task,deterministic,6.0,100,-1,0.6699991456878998,0.8145087653460742,0.8225806451612904,51,15,7,66,58,8,0.13793103448275862,0.8276238855243121
IXMtest_F04_s5_w1D94DA1A2-873C-44B3-80EB-36DC2A97E9A3,exact_task,poisson,-6.0,50,0,0.6783692625326799,0.8017091284477126,0.8461538461538461,55,17,3,72,58,14,0.2413793103448276,0.8469744090518294
IXMtest_F04_s5_w1D94DA1A2-873C-44B3-80EB-36DC2A97E9A3,exact_task,poisson,-6.0,50,1,0.6831538292943785,0.8011531270815894,0.8527131782945736,55,16,3,71,58,13,0.22413793103448276,0.8470713638543943
IXMtest_F04_s5_w1D94DA1A2-873C-44B3-80EB-36DC2A97E9A3,exact_task,poisson,-6.0,50,2,0.7007728795716059,0.8027034802365668,0.873015873015873,55,13,3,68,58,10,0.1724137931034483,0.8429474135161187
IXMtest_F04_s5_w1D94DA1A2-873C-44B3-80EB-36DC2A97E9A3,exact_task,poisson,-6.0,50,3,0.6547258010545847,0.8151978111169829,0.8031496062992126,51,18,7,69,58,11,0.1896551724137931,0.8366101987713104
IXMtest_F04_s5_w1D94DA1A2-873C-44B3-80EB-36DC2A97E9A3,exact_task,poisson,-6.0,200,0,0.6967419595474608,0.8257682483525461,0.84375,54,16,4,70,58,12,0.20689655172413793,0.8550699527872829
IXMtest_F04_s5_w1D94DA1A2-873C-44B3-80EB-36DC2A97E9A3,exact_task,poisson,-6.0,200,1,0.6867771500659913,0.8228367741356688,0.8346456692913385,53,16,5,69,58,11,0.1896551724137931,0.8467804372716864
IXMtest_F04_s5_w1D94DA1A2-873C-44B3-80EB-36DC2A97E9A3,exact_task,poisson,-6.0,200,2,0.6779661115361976,0.8186760592135216,0.828125,53,17,5,70,58,12,0.20689655172413793,0.8472164813888224
IXMtest_F04_s5_w1D94DA1A2-873C-44B3-80EB-36DC2A97E9A3,exact_task,poisson,-6.0,200,3,0.6978833040953093,0.8206590705565211,0.8503937007874016,54,15,4,69,58,11,0.1896551724137931,0.8534681050960573
IXMtest_F04_s5_w1D94DA1A2-873C-44B3-80EB-36DC2A97E9A3,exact_task,poisson,6.0,50,0,0.696062234016834,0.812072606352973,0.8571428571428571,54,14,4,68,58,10,0.1724137931034483,0.8464297497791543
IXMtest_F04_s5_w1D94DA1A2-873C-44B3-80EB-36DC2A97E9A3,exact_task,poisson,6.0,50,1,0.6629135295438152,0.8067532576523789,0.8217054263565892,53,18,5,71,58,13,0.22413793103448276,0.8441160454016422
IXMtest_F04_s5_w1D94DA1A2-873C-44B3-80EB-36DC2A97E9A3,exact_task,poisson,6.0,50,2,0.6771158187354944,0.8112614054661111,0.8346456692913385,53,16,5,69,58,11,0.1896551724137931,0.8461948071311423
IXMtest_F04_s5_w1D94DA1A2-873C-44B3-80EB-36DC2A97E9A3,exact_task,poisson,6.0,50,3,0.6795309619433447,0.8053700289698901,0.84375,54,16,4,70,58,12,0.20689655172413793,0.8461857159550848
IXMtest_F04_s5_w1D94DA1A2-873C-44B3-80EB-36DC2A97E9A3,exact_task,poisson,6.0,200,0,0.686186739145955,0.8221293950144932,0.8346456692913385,53,16,5,69,58,11,0.1896551724137931,0.8472648275711494
IXMtest_F04_s5_w1D94DA1A2-873C-44B3-80EB-36DC2A97E9A3,exact_task,poisson,6.0,200,1,0.6855979906154264,0.8189087110128703,0.8372093023255814,54,17,4,71,58,13,0.22413793103448276,0.8556547297443323
IXMtest_F04_s5_w1D94DA1A2-873C-44B3-80EB-36DC2A97E9A3,exact_task,poisson,6.0,200,2,0.6795968419182424,0.8206452430710852,0.828125,53,17,5,70,58,12,0.20689655172413793,0.8477740024394493
IXMtest_F04_s5_w1D94DA1A2-873C-44B3-80EB-36DC2A97E9A3,exact_task,poisson,6.0,200,3,0.7026052642525339,0.8262117459265907,0.8503937007874016,54,15,4,69,58,11,0.1896551724137931,0.8557592752372735
IXMtest_F04_s5_w1D94DA1A2-873C-44B3-80EB-36DC2A97E9A3,surrogate,deterministic,-6.0,100,-1,0.6555610427289654,0.829912383880286,0.7899159663865546,47,14,11,61,58,3,0.05172413793103448,0.7957495593003044
IXMtest_F04_s5_w1D94DA1A2-873C-44B3-80EB-36DC2A97E9A3,surrogate,deterministic,-4.0,100,-1,0.707507606817452,0.8409996081037636,0.8412698412698413,53,15,5,68,58,10,0.1724137931034483,0.861130986859291
IXMtest_F04_s5_w1D94DA1A2-873C-44B3-80EB-36DC2A97E9A3,surrogate,deterministic,-2.0,100,-1,0.7150953798655799,0.8541417037283315,0.8372093023255814,54,17,4,71,58,13,0.22413793103448276,0.8697186263933837
IXMtest_F04_s5_w1D94DA1A2-873C-44B3-80EB-36DC2A97E9A3,surrogate,deterministic,0.0,100,-1,0.7219816619108247,0.8556819696720885,0.84375,54,16,4,70,58,12,0.20689655172413793,0.8708895423222823
IXMtest_F04_s5_w1D94DA1A2-873C-44B3-80EB-36DC2A97E9A3,surrogate,deterministic,2.0,100,-1,0.720654687755747,0.8541092595623668,0.84375,54,16,4,70,58,12,0.20689655172413793,0.8697342984309671
IXMtest_F04_s5_w1D94DA1A2-873C-44B3-80EB-36DC2A97E9A3,surrogate,deterministic,4.0,100,-1,0.7073115763506329,0.8407665907564127,0.8412698412698413,53,15,5,68,58,10,0.1724137931034483,0.8610928092695672
IXMtest_F04_s5_w1D94DA1A2-873C-44B3-80EB-36DC2A97E9A3,surrogate,deterministic,6.0,100,-1,0.6508722053782664,0.8309006877169358,0.7833333333333333,47,15,11,62,58,4,0.06896551724137931,0.7919226100709899
IXMtest_F04_s5_w1D94DA1A2-873C-44B3-80EB-36DC2A97E9A3,surrogate,poisson,-6.0,50,0,0.6792096217904964,0.8073623806188919,0.8412698412698413,53,15,5,68,58,10,0.1724137931034483,0.8329879639670593
IXMtest_F04_s5_w1D94DA1A2-873C-44B3-80EB-36DC2A97E9A3,surrogate,poisson,-6.0,50,1,0.6746781346813789,0.8173985093255168,0.8253968253968254,52,16,6,68,58,10,0.1724137931034483,0.8332503302080853
IXMtest_F04_s5_w1D94DA1A2-873C-44B3-80EB-36DC2A97E9A3,surrogate,poisson,-6.0,50,2,0.693322645541208,0.8067754420843148,0.859375,55,15,3,70,58,12,0.20689655172413793,0.845052193838581
IXMtest_F04_s5_w1D94DA1A2-873C-44B3-80EB-36DC2A97E9A3,surrogate,poisson,-6.0,50,3,0.6483550437270068,0.8199784376547439,0.7906976744186046,51,20,7,71,58,13,0.22413793103448276,0.8406476900340552
IXMtest_F04_s5_w1D94DA1A2-873C-44B3-80EB-36DC2A97E9A3,surrogate,poisson,-6.0,200,0,0.6828210333930206,0.8338295311626308,0.8188976377952756,52,17,6,69,58,11,0.1896551724137931,0.8534053065755393
IXMtest_F04_s5_w1D94DA1A2-873C-44B3-80EB-36DC2A97E9A3,surrogate,poisson,-6.0,200,1,0.6915613561208511,0.8285687945976234,0.8346456692913385,53,16,5,69,58,11,0.1896551724137931,0.8524057996274469
IXMtest_F04_s5_w1D94DA1A2-873C-44B3-80EB-36DC2A97E9A3,surrogate,poisson,-6.0,200,2,0.7124723548560671,0.824620781083411,0.864,54,13,4,67,58,9,0.15517241379310345,0.8499788335667068
IXMtest_F04_s5_w1D94DA1A2-873C-44B3-80EB-36DC2A97E9A3,surrogate,poisson,-6.0,200,3,0.7029863087973792,0.826659826085807,0.8503937007874016,54,15,4,69,58,11,0.1896551724137931,0.8580499354283254
IXMtest_F04_s5_w1D94DA1A2-873C-44B3-80EB-36DC2A97E9A3,surrogate,poisson,6.0,50,0,0.6836215101990307,0.8126067008026214,0.8412698412698413,53,15,5,68,58,10,0.1724137931034483,0.8425772240305232
IXMtest_F04_s5_w1D94DA1A2-873C-44B3-80EB-36DC2A97E9A3,surrogate,poisson,6.0,50,1,0.6862942470810793,0.8133857743183163,0.84375,54,16,4,70,58,12,0.20689655172413793,0.8501409580926839
IXMtest_F04_s5_w1D94DA1A2-873C-44B3-80EB-36DC2A97E9A3,surrogate,poisson,6.0,50,2,0.6767905818791952,0.8021221711160832,0.84375,54,16,4,70,58,12,0.20689655172413793,0.844851113344264
IXMtest_F04_s5_w1D94DA1A2-873C-44B3-80EB-36DC2A97E9A3,surrogate,poisson,6.0,50,3,0.6586546818983214,0.8043186980873732,0.8188976377952756,52,17,6,69,58,11,0.1896551724137931,0.8310293515063943
IXMtest_F04_s5_w1D94DA1A2-873C-44B3-80EB-36DC2A97E9A3,surrogate,poisson,6.0,200,0,0.6852398695079297,0.8339239921370087,0.8217054263565892,53,18,5,71,58,13,0.22413793103448276,0.8608022731431154
IXMtest_F04_s5_w1D94DA1A2-873C-44B3-80EB-36DC2A97E9A3,surrogate,poisson,6.0,200,1,0.7042910979569817,0.8281941614864508,0.8503937007874016,54,15,4,69,58,11,0.1896551724137931,0.8552410132481768
IXMtest_F04_s5_w1D94DA1A2-873C-44B3-80EB-36DC2A97E9A3,surrogate,poisson,6.0,200,2,0.6916442886107632,0.826130678062856,0.8372093023255814,54,17,4,71,58,13,0.22413793103448276,0.8578630231828557
IXMtest_F04_s5_w1D94DA1A2-873C-44B3-80EB-36DC2A97E9A3,surrogate,poisson,6.0,200,3,0.6942855297988663,0.8292854939264236,0.8372093023255814,54,17,4,71,58,13,0.22413793103448276,0.8586470860563516
IXMtest_F12_s8_w1DBD80811-5297-4415-ACD1-EC9286BE76A4,clear,deterministic,-6.0,100,-1,0.5439584246221328,0.8159376369331992,0.6666666666666666,4,2,2,6,6,0,0.0,0.7947467166979362
IXMtest_F12_s8_w1DBD80811-5297-4415-ACD1-EC9286BE76A4,clear,deterministic,-4.0,100,-1,0.5157648221071581,0.838117835924132,0.6153846153846154,4,3,2,7,6,1,0.16666666666666666,0.8381321074280184
IXMtest_F12_s8_w1DBD80811-5297-4415-ACD1-EC9286BE76A4,clear,deterministic,-2.0,100,-1,0.574567410408651,0.8043943745721114,0.7142857142857143,5,3,1,8,6,2,0.3333333333333333,0.9130582249858678
IXMtest_F12_s8_w1DBD80811-5297-4415-ACD1-EC9286BE76A4,clear,deterministic,0.0,100,-1,0.5825944596505056,0.8156322435107078,0.7142857142857143,5,3,1,8,6,2,0.3333333333333333,0.9162628197903753
IXMtest_F12_s8_w1DBD80811-5297-4415-ACD1-EC9286BE76A4,clear,deterministic,2.0,100,-1,0.574567410408651,0.8043943745721114,0.7142857142857143,5,3,1,8,6,2,0.3333333333333333,0.9130582249858678
IXMtest_F12_s8_w1DBD80811-5297-4415-ACD1-EC9286BE76A4,clear,deterministic,4.0,100,-1,0.5157648221071581,0.838117835924132,0.6153846153846154,4,3,2,7,6,1,0.16666666666666666,0.8381321074280184
IXMtest_F12_s8_w1DBD80811-5297-4415-ACD1-EC9286BE76A4,clear,deterministic,6.0,100,-1,0.5439584246221328,0.8159376369331992,0.6666666666666666,4,2,2,6,6,0,0.0,0.7947467166979362
IXMtest_F12_s8_w1DBD80811-5297-4415-ACD1-EC9286BE76A4,clear,poisson,-6.0,50,0,0.5267778090145727,0.7901667135218591,0.6666666666666666,4,2,2,6,6,0,0.0,0.7962359753890699
IXMtest_F12_s8_w1DBD80811-5297-4415-ACD1-EC9286BE76A4,clear,poisson,-6.0,50,1,0.5255352669624845,0.7883029004437268,0.6666666666666666,4,2,2,6,6,0,0.0,0.7928865231067022
IXMtest_F12_s8_w1DBD80811-5297-4415-ACD1-EC9286BE76A4,clear,poisson,-6.0,50,2,0.5272267390639804,0.7908401085959706,0.6666666666666666,4,2,2,6,6,0,0.0,0.7968843618933493
IXMtest_F12_s8_w1DBD80811-5297-4415-ACD1-EC9286BE76A4,clear,poisson,-6.0,50,3,0.5232846721670231,0.7849270082505346,0.6666666666666666,4,2,2,6,6,0,0.0,0.7942939343083193
IXMtest_F12_s8_w1DBD80811-5297-4415-ACD1-EC9286BE76A4,clear,poisson,-6.0,200,0,0.5301104440100499,0.7951656660150749,0.6666666666666666,4,2,2,6,6,0,0.0,0.794139016711068
IXMtest_F12_s8_w1DBD80811-5297-4415-ACD1-EC9286BE76A4,clear,poisson,-6.0,200,1,0.5379588569809565,0.8069382854714346,0.6666666666666666,4,2,2,6,6,0,0.0,0.7998043292160939
IXMtest_F12_s8_w1DBD80811-5297-4415-ACD1-EC9286BE76A4,clear,poisson,-6.0,200,2,0.49427974200731845,0.8032045807618925,0.6153846153846154,4,3,2,7,6,1,0.16666666666666666,0.8435930381964724
IXMtest_F12_s8_w1DBD80811-5297-4415-ACD1-EC9286BE76A4,clear,poisson,-6.0,200,3,0.46386542215202525,0.8117644887660442,0.5714285714285714,4,4,2,8,6,2,0.3333333333333333,0.8736924980317174
IXMtest_F12_s8_w1DBD80811-5297-4415-ACD1-EC9286BE76A4,clear,poisson,6.0,50,0,0.5201338715300935,0.7802008072951403,0.6666666666666666,4,2,2,6,6,0,0.0,0.7922497308934338
IXMtest_F12_s8_w1DBD80811-5297-4415-ACD1-EC9286BE76A4,clear,poisson,6.0,50,1,0.5165583080595746,0.7748374620893619,0.6666666666666666,4,2,2,6,6,0,0.0,0.7856618546611206
IXMtest_F12_s8_w1DBD80811-5297-4415-ACD1-EC9286BE76A4,clear,poisson,6.0,50,2,0.5810908041596757,0.7554180454075785,0.7692307692307693,5,2,1,7,6,1,0.16666666666666666,0.8710933155377599
IXMtest_F12_s8_w1DBD80811-5297-4415-ACD1-EC9286BE76A4,clear,poisson,6.0,50,3,0.5291966836684416,0.7937950255026625,0.6666666666666666,4,2,2,6,6,0,0.0,0.796775357959331
IXMtest_F12_s8_w1DBD80811-5297-4415-ACD1-EC9286BE76A4,clear,poisson,6.0,200,0,0.4870813425430894,0.7915071816325202,0.6153846153846154,4,3,2,7,6,1,0.16666666666666666,0.8204100872024511
IXMtest_F12_s8_w1DBD80811-5297-4415-ACD1-EC9286BE76A4,clear,poisson,6.0,200,1,0.5377063857447864,0.8065595786171795,0.6666666666666666,4,2,2,6,6,0,0.0,0.7991261075373225
IXMtest_F12_s8_w1DBD80811-5297-4415-ACD1-EC9286BE76A4,clear,poisson,6.0,200,2,0.5775691124465242,0.7508398461804815,0.7692307692307693,5,2,1,7,6,1,0.16666666666666666,0.866907286262125
IXMtest_F12_s8_w1DBD80811-5297-4415-ACD1-EC9286BE76A4,clear,poisson,6.0,200,3,0.54325293147396,0.81487939721094,0.6666666666666666,4,2,2,6,6,0,0.0,0.8016027197668771
IXMtest_F12_s8_w1DBD80811-5297-4415-ACD1-EC9286BE76A4,cubic,deterministic,-6.0,100,-1,0.5439584246221328,0.8159376369331992,0.6666666666666666,4,2,2,6,6,0,0.0,0.7947467166979362
IXMtest_F12_s8_w1DBD80811-5297-4415-ACD1-EC9286BE76A4,cubic,deterministic,-4.0,100,-1,0.5157648221071581,0.838117835924132,0.6153846153846154,4,3,2,7,6,1,0.16666666666666666,0.8381321074280184
IXMtest_F12_s8_w1DBD80811-5297-4415-ACD1-EC9286BE76A4,cubic,deterministic,-2.0,100,-1,0.574567410408651,0.8043943745721114,0.7142857142857143,5,3,1,8,6,2,0.3333333333333333,0.9130582249858678
IXMtest_F12_s8_w1DBD80811-5297-4415-ACD1-EC9286BE76A4,cubic,deterministic,0.0,100,-1,0.5825944596505056,0.8156322435107078,0.7142857142857143,5,3,1,8,6,2,0.3333333333333333,0.9162628197903753
IXMtest_F12_s8_w1DBD80811-5297-4415-ACD1-EC9286BE76A4,cubic,deterministic,2.0,100,-1,0.574567410408651,0.8043943745721114,0.7142857142857143,5,3,1,8,6,2,0.3333333333333333,0.9130582249858678
IXMtest_F12_s8_w1DBD80811-5297-4415-ACD1-EC9286BE76A4,cubic,deterministic,4.0,100,-1,0.5157648221071581,0.838117835924132,0.6153846153846154,4,3,2,7,6,1,0.16666666666666666,0.8381321074280184
IXMtest_F12_s8_w1DBD80811-5297-4415-ACD1-EC9286BE76A4,cubic,deterministic,6.0,100,-1,0.5439584246221328,0.8159376369331992,0.6666666666666666,4,2,2,6,6,0,0.0,0.7947467166979362
IXMtest_F12_s8_w1DBD80811-5297-4415-ACD1-EC9286BE76A4,cubic,poisson,-6.0,50,0,0.5267778090145727,0.7901667135218591,0.6666666666666666,4,2,2,6,6,0,0.0,0.7962359753890699
IXMtest_F12_s8_w1DBD80811-5297-4415-ACD1-EC9286BE76A4,cubic,poisson,-6.0,50,1,0.5255352669624845,0.7883029004437268,0.6666666666666666,4,2,2,6,6,0,0.0,0.7928865231067022
IXMtest_F12_s8_w1DBD80811-5297-4415-ACD1-EC9286BE76A4,cubic,poisson,-6.0,50,2,0.5272267390639804,0.7908401085959706,0.6666666666666666,4,2,2,6,6,0,0.0,0.7968843618933493
IXMtest_F12_s8_w1DBD80811-5297-4415-ACD1-EC9286BE76A4,cubic,poisson,-6.0,50,3,0.5232846721670231,0.7849270082505346,0.6666666666666666,4,2,2,6,6,0,0.0,0.7942939343083193
IXMtest_F12_s8_w1DBD80811-5297-4415-ACD1-EC9286BE76A4,cubic,poisson,-6.0,200,0,0.5301104440100499,0.7951656660150749,0.6666666666666666,4,2,2,6,6,0,0.0,0.794139016711068
IXMtest_F12_s8_w1DBD80811-5297-4415-ACD1-EC9286BE76A4,cubic,poisson,-6.0,200,1,0.5379588569809565,0.8069382854714346,0.6666666666666666,4,2,2,6,6,0,0.0,0.7998043292160939
IXMtest_F12_s8_w1DBD80811-5297-4415-ACD1-EC9286BE76A4,cubic,poisson,-6.0,200,2,0.49427974200731845,0.8032045807618925,0.6153846153846154,4,3,2,7,6,1,0.16666666666666666,0.8435930381964724
IXMtest_F12_s8_w1DBD80811-5297-4415-ACD1-EC9286BE76A4,cubic,poisson,-6.0,200,3,0.46386542215202525,0.8117644887660442,0.5714285714285714,4,4,2,8,6,2,0.3333333333333333,0.8736924980317174
IXMtest_F12_s8_w1DBD80811-5297-4415-ACD1-EC9286BE76A4,cubic,poisson,6.0,50,0,0.5201338715300935,0.7802008072951403,0.6666666666666666,4,2,2,6,6,0,0.0,0.7922497308934338
IXMtest_F12_s8_w1DBD80811-5297-4415-ACD1-EC9286BE76A4,cubic,poisson,6.0,50,1,0.5165583080595746,0.7748374620893619,0.6666666666666666,4,2,2,6,6,0,0.0,0.7856618546611206
IXMtest_F12_s8_w1DBD80811-5297-4415-ACD1-EC9286BE76A4,cubic,poisson,6.0,50,2,0.5810908041596757,0.7554180454075785,0.7692307692307693,5,2,1,7,6,1,0.16666666666666666,0.8710933155377599
IXMtest_F12_s8_w1DBD80811-5297-4415-ACD1-EC9286BE76A4,cubic,poisson,6.0,50,3,0.5291966836684416,0.7937950255026625,0.6666666666666666,4,2,2,6,6,0,0.0,0.796775357959331
IXMtest_F12_s8_w1DBD80811-5297-4415-ACD1-EC9286BE76A4,cubic,poisson,6.0,200,0,0.4870813425430894,0.7915071816325202,0.6153846153846154,4,3,2,7,6,1,0.16666666666666666,0.8204100872024511
IXMtest_F12_s8_w1DBD80811-5297-4415-ACD1-EC9286BE76A4,cubic,poisson,6.0,200,1,0.5377063857447864,0.8065595786171795,0.6666666666666666,4,2,2,6,6,0,0.0,0.7991261075373225
IXMtest_F12_s8_w1DBD80811-5297-4415-ACD1-EC9286BE76A4,cubic,poisson,6.0,200,2,0.5775691124465242,0.7508398461804815,0.7692307692307693,5,2,1,7,6,1,0.16666666666666666,0.866907286262125
IXMtest_F12_s8_w1DBD80811-5297-4415-ACD1-EC9286BE76A4,cubic,poisson,6.0,200,3,0.54325293147396,0.81487939721094,0.6666666666666666,4,2,2,6,6,0,0.0,0.8016027197668771
IXMtest_F12_s8_w1DBD80811-5297-4415-ACD1-EC9286BE76A4,image_fidelity,deterministic,-6.0,100,-1,0.5432138054850372,0.8148207082275558,0.6666666666666666,4,2,2,6,6,0,0.0,0.794044044044044
IXMtest_F12_s8_w1DBD80811-5297-4415-ACD1-EC9286BE76A4,image_fidelity,deterministic,-4.0,100,-1,0.5146026967894022,0.8362293822827785,0.6153846153846154,4,3,2,7,6,1,0.16666666666666666,0.8391996142719382
IXMtest_F12_s8_w1DBD80811-5297-4415-ACD1-EC9286BE76A4,image_fidelity,deterministic,-2.0,100,-1,0.5746464424943314,0.804505019492064,0.7142857142857143,5,3,1,8,6,2,0.3333333333333333,0.9130188892659201
IXMtest_F12_s8_w1DBD80811-5297-4415-ACD1-EC9286BE76A4,image_fidelity,deterministic,0.0,100,-1,0.5823826390953272,0.8153356947334581,0.7142857142857143,5,3,1,8,6,2,0.3333333333333333,0.9161406672678089
IXMtest_F12_s8_w1DBD80811-5297-4415-ACD1-EC9286BE76A4,image_fidelity,deterministic,2.0,100,-1,0.5745094749556381,0.8043132649378932,0.7142857142857143,5,3,1,8,6,2,0.3333333333333333,0.9130188892659201
IXMtest_F12_s8_w1DBD80811-5297-4415-ACD1-EC9286BE76A4,image_fidelity,deterministic,4.0,100,-1,0.5145163043250518,0.8360889945282092,0.6153846153846154,4,3,2,7,6,1,0.16666666666666666,0.8372881355932204
IXMtest_F12_s8_w1DBD80811-5297-4415-ACD1-EC9286BE76A4,image_fidelity,deterministic,6.0,100,-1,0.5426785575872022,0.8140178363808033,0.6666666666666666,4,2,2,6,6,0,0.0,0.7946953584386338
IXMtest_F12_s8_w1DBD80811-5297-4415-ACD1-EC9286BE76A4,image_fidelity,poisson,-6.0,50,0,0.5225918946337201,0.7838878419505803,0.6666666666666666,4,2,2,6,6,0,0.0,0.7907425265188043
IXMtest_F12_s8_w1DBD80811-5297-4415-ACD1-EC9286BE76A4,image_fidelity,poisson,-6.0,50,1,0.5202757064276813,0.7804135596415219,0.6666666666666666,4,2,2,6,6,0,0.0,0.7881396461023433
IXMtest_F12_s8_w1DBD80811-5297-4415-ACD1-EC9286BE76A4,image_fidelity,poisson,-6.0,50,2,0.5216193792797591,0.7824290689196386,0.6666666666666666,4,2,2,6,6,0,0.0,0.793860175080945
IXMtest_F12_s8_w1DBD80811-5297-4415-ACD1-EC9286BE76A4,image_fidelity,poisson,-6.0,50,3,0.352531492235119,0.7638182331760911,0.46153846153846156,3,4,3,7,6,1,0.16666666666666666,0.7975211536169705
IXMtest_F12_s8_w1DBD80811-5297-4415-ACD1-EC9286BE76A4,image_fidelity,poisson,-6.0,200,0,0.538728879209409,0.8080933188141135,0.6666666666666666,4,2,2,6,6,0,0.0,0.7978931896129349
IXMtest_F12_s8_w1DBD80811-5297-4415-ACD1-EC9286BE76A4,image_fidelity,poisson,-6.0,200,1,0.5859096789843068,0.7616825826795988,0.7692307692307693,5,2,1,7,6,1,0.16666666666666666,0.8709713897998417
IXMtest_F12_s8_w1DBD80811-5297-4415-ACD1-EC9286BE76A4,image_fidelity,poisson,-6.0,200,2,0.50312015802902,0.8175702567971576,0.6153846153846154,4,3,2,7,6,1,0.16666666666666666,0.8596932936598765
IXMtest_F12_s8_w1DBD80811-5297-4415-ACD1-EC9286BE76A4,image_fidelity,poisson,-6.0,200,3,0.5043049432744667,0.8194955328210084,0.6153846153846154,4,3,2,7,6,1,0.16666666666666666,0.8628976882581827
IXMtest_F12_s8_w1DBD80811-5297-4415-ACD1-EC9286BE76A4,image_fidelity,poisson,6.0,50,0,0.448107068862807,0.7281739869020614,0.6153846153846154,4,3,2,7,6,1,0.16666666666666666,0.7923987092147723
IXMtest_F12_s8_w1DBD80811-5297-4415-ACD1-EC9286BE76A4,image_fidelity,poisson,6.0,50,1,0.5160233032331855,0.7740349548497781,0.6666666666666666,4,2,2,6,6,0,0.0,0.7955135773317592
IXMtest_F12_s8_w1DBD80811-5297-4415-ACD1-EC9286BE76A4,image_fidelity,poisson,6.0,50,2,0.5125912929419842,0.7688869394129764,0.6666666666666666,4,2,2,6,6,0,0.0,0.7856272838002436
IXMtest_F12_s8_w1DBD80811-5297-4415-ACD1-EC9286BE76A4,image_fidelity,poisson,6.0,50,3,0.5157966671804357,0.7736950007706536,0.6666666666666666,4,2,2,6,6,0,0.0,0.7883420926899187
IXMtest_F12_s8_w1DBD80811-5297-4415-ACD1-EC9286BE76A4,image_fidelity,poisson,6.0,200,0,0.5281339046695255,0.7922008570042882,0.6666666666666666,4,2,2,6,6,0,0.0,0.7915748224344844
IXMtest_F12_s8_w1DBD80811-5297-4415-ACD1-EC9286BE76A4,image_fidelity,poisson,6.0,200,1,0.5325416304040541,0.7988124456060811,0.6666666666666666,4,2,2,6,6,0,0.0,0.7963525835866262
IXMtest_F12_s8_w1DBD80811-5297-4415-ACD1-EC9286BE76A4,image_fidelity,poisson,6.0,200,2,0.5377875813061682,0.8066813719592524,0.6666666666666666,4,2,2,6,6,0,0.0,0.8004380627889998
IXMtest_F12_s8_w1DBD80811-5297-4415-ACD1-EC9286BE76A4,image_fidelity,poisson,6.0,200,3,0.5423456809918153,0.8135185214877231,0.6666666666666666,4,2,2,6,6,0,0.0,0.8006375674350171
IXMtest_F12_s8_w1DBD80811-5297-4415-ACD1-EC9286BE76A4,exact_task,deterministic,-6.0,100,-1,0.4943501557937569,0.8033190031648549,0.6153846153846154,4,3,2,7,6,1,0.16666666666666666,0.8551643192488263
IXMtest_F12_s8_w1DBD80811-5297-4415-ACD1-EC9286BE76A4,exact_task,deterministic,-4.0,100,-1,0.5530988199425213,0.7743383479195298,0.7142857142857143,5,3,1,8,6,2,0.3333333333333333,0.9081471451139698
IXMtest_F12_s8_w1DBD80811-5297-4415-ACD1-EC9286BE76A4,exact_task,deterministic,-2.0,100,-1,0.5644845587811662,0.7902783822936327,0.7142857142857143,5,3,1,8,6,2,0.3333333333333333,0.9198150445471974
IXMtest_F12_s8_w1DBD80811-5297-4415-ACD1-EC9286BE76A4,exact_task,deterministic,0.0,100,-1,0.5706760371304808,0.7989464519826731,0.7142857142857143,5,3,1,8,6,2,0.3333333333333333,0.9171597633136095
IXMtest_F12_s8_w1DBD80811-5297-4415-ACD1-EC9286BE76A4,exact_task,deterministic,2.0,100,-1,0.5762321425959166,0.8067249996342832,0.7142857142857143,5,3,1,8,6,2,0.3333333333333333,0.9224379840610618
IXMtest_F12_s8_w1DBD80811-5297-4415-ACD1-EC9286BE76A4,exact_task,deterministic,4.0,100,-1,0.5527106048223046,0.7737948467512265,0.7142857142857143,5,3,1,8,6,2,0.3333333333333333,0.9074909747292419
IXMtest_F12_s8_w1DBD80811-5297-4415-ACD1-EC9286BE76A4,exact_task,deterministic,6.0,100,-1,0.4931105694100211,0.8013046752912844,0.6153846153846154,4,3,2,7,6,1,0.16666666666666666,0.8551336146272855
IXMtest_F12_s8_w1DBD80811-5297-4415-ACD1-EC9286BE76A4,exact_task,poisson,-6.0,50,0,0.5259155410555808,0.7888733115833713,0.6666666666666666,4,2,2,6,6,0,0.0,0.7936507936507936
IXMtest_F12_s8_w1DBD80811-5297-4415-ACD1-EC9286BE76A4,exact_task,poisson,-6.0,50,1,0.5692936662452669,0.740081766118847,0.7692307692307693,5,2,1,7,6,1,0.16666666666666666,0.8612429378531073
IXMtest_F12_s8_w1DBD80811-5297-4415-ACD1-EC9286BE76A4,exact_task,poisson,-6.0,50,2,0.5277272761349313,0.7915909142023969,0.6666666666666666,4,2,2,6,6,0,0.0,0.7947310647639956
IXMtest_F12_s8_w1DBD80811-5297-4415-ACD1-EC9286BE76A4,exact_task,poisson,-6.0,50,3,0.5364622727963225,0.8046934091944838,0.6666666666666666,4,2,2,6,6,0,0.0,0.7990790111488124
IXMtest_F12_s8_w1DBD80811-5297-4415-ACD1-EC9286BE76A4,exact_task,poisson,-6.0,200,0,0.5934425206190027,0.7714752768047035,0.7692307692307693,5,2,1,7,6,1,0.16666666666666666,0.8784119106699751
IXMtest_F12_s8_w1DBD80811-5297-4415-ACD1-EC9286BE76A4,exact_task,poisson,-6.0,200,1,0.5403958484390589,0.7565541878146824,0.7142857142857143,5,3,1,8,6,2,0.3333333333333333,0.9012724879333041
IXMtest_F12_s8_w1DBD80811-5297-4415-ACD1-EC9286BE76A4,exact_task,poisson,-6.0,200,2,0.5830196522724947,0.7579255479542433,0.7692307692307693,5,2,1,7,6,1,0.16666666666666666,0.8684812442817932
IXMtest_F12_s8_w1DBD80811-5297-4415-ACD1-EC9286BE76A4,exact_task,poisson,-6.0,200,3,0.5966560288598134,0.7756528375177574,0.7692307692307693,5,2,1,7,6,1,0.16666666666666666,0.880089736399327
IXMtest_F12_s8_w1DBD80811-5297-4415-ACD1-EC9286BE76A4,exact_task,poisson,6.0,50,0,0.5810988943635728,0.7554285626726446,0.7692307692307693,5,2,1,7,6,1,0.16666666666666666,0.8712071600087317
IXMtest_F12_s8_w1DBD80811-5297-4415-ACD1-EC9286BE76A4,exact_task,poisson,6.0,50,1,0.5883767807178395,0.7648898149331913,0.7692307692307693,5,2,1,7,6,1,0.16666666666666666,0.8823146944083224
IXMtest_F12_s8_w1DBD80811-5297-4415-ACD1-EC9286BE76A4,exact_task,poisson,6.0,50,2,0.5735651622720527,0.7456347109536685,0.7692307692307693,5,2,1,7,6,1,0.16666666666666666,0.8712784588441331
IXMtest_F12_s8_w1DBD80811-5297-4415-ACD1-EC9286BE76A4,exact_task,poisson,6.0,50,3,0.516893469223146,0.7753402038347191,0.6666666666666666,4,2,2,6,6,0,0.0,0.7874833877008578
IXMtest_F12_s8_w1DBD80811-5297-4415-ACD1-EC9286BE76A4,exact_task,poisson,6.0,200,0,0.49713644447373817,0.8078467222698246,0.6153846153846154,4,3,2,7,6,1,0.16666666666666666,0.8567160749166954
IXMtest_F12_s8_w1DBD80811-5297-4415-ACD1-EC9286BE76A4,exact_task,poisson,6.0,200,1,0.5326123195820122,0.7989184793730182,0.6666666666666666,4,2,2,6,6,0,0.0,0.792341678939617
IXMtest_F12_s8_w1DBD80811-5297-4415-ACD1-EC9286BE76A4,exact_task,poisson,6.0,200,2,0.5288843463080211,0.7933265194620316,0.6666666666666666,4,2,2,6,6,0,0.0,0.7880582284727362
IXMtest_F12_s8_w1DBD80811-5297-4415-ACD1-EC9286BE76A4,exact_task,poisson,6.0,200,3,0.5029077078405998,0.8172250252409747,0.6153846153846154,4,3,2,7,6,1,0.16666666666666666,0.8519957612151183
IXMtest_F12_s8_w1DBD80811-5297-4415-ACD1-EC9286BE76A4,surrogate,deterministic,-6.0,100,-1,0.5424058556875858,0.8136087835313787,0.6666666666666666,4,2,2,6,6,0,0.0,0.7931465732866433
IXMtest_F12_s8_w1DBD80811-5297-4415-ACD1-EC9286BE76A4,surrogate,deterministic,-4.0,100,-1,0.4785245209968971,0.8374179117445699,0.5714285714285714,4,4,2,8,6,2,0.3333333333333333,0.8673877263108394
IXMtest_F12_s8_w1DBD80811-5297-4415-ACD1-EC9286BE76A4,surrogate,deterministic,-2.0,100,-1,0.5772663096588672,0.808172833522414,0.7142857142857143,5,3,1,8,6,2,0.3333333333333333,0.9168828239539867
IXMtest_F12_s8_w1DBD80811-5297-4415-ACD1-EC9286BE76A4,surrogate,deterministic,0.0,100,-1,0.5837657982762805,0.8172721175867927,0.7142857142857143,5,3,1,8,6,2,0.3333333333333333,0.9177001127395716
IXMtest_F12_s8_w1DBD80811-5297-4415-ACD1-EC9286BE76A4,surrogate,deterministic,2.0,100,-1,0.5763936105541252,0.8069510547757753,0.7142857142857143,5,3,1,8,6,2,0.3333333333333333,0.9166572685237397
IXMtest_F12_s8_w1DBD80811-5297-4415-ACD1-EC9286BE76A4,surrogate,deterministic,4.0,100,-1,0.4784472923980643,0.8372827616966125,0.5714285714285714,4,4,2,8,6,2,0.3333333333333333,0.8678491718548103
IXMtest_F12_s8_w1DBD80811-5297-4415-ACD1-EC9286BE76A4,surrogate,deterministic,6.0,100,-1,0.5429829109696335,0.8144743664544503,0.6666666666666666,4,2,2,6,6,0,0.0,0.7938969484742371
IXMtest_F12_s8_w1DBD80811-5297-4415-ACD1-EC9286BE76A4,surrogate,poisson,-6.0,50,0,0.5277921259429453,0.7916881889144181,0.6666666666666666,4,2,2,6,6,0,0.0,0.796107172894389
IXMtest_F12_s8_w1DBD80811-5297-4415-ACD1-EC9286BE76A4,surrogate,poisson,-6.0,50,1,0.525116490646978,0.787674735970467,0.6666666666666666,4,2,2,6,6,0,0.0,0.7925801011804384
IXMtest_F12_s8_w1DBD80811-5297-4415-ACD1-EC9286BE76A4,surrogate,poisson,-6.0,50,2,0.48823268060717856,0.7933781059866651,0.6153846153846154,4,3,2,7,6,1,0.16666666666666666,0.8311627906976744
IXMtest_F12_s8_w1DBD80811-5297-4415-ACD1-EC9286BE76A4,surrogate,poisson,-6.0,50,3,0.53085002806997,0.7962750421049549,0.6666666666666666,4,2,2,6,6,0,0.0,0.8008243423445266
IXMtest_F12_s8_w1DBD80811-5297-4415-ACD1-EC9286BE76A4,surrogate,poisson,-6.0,200,0,0.5001106760061967,0.8126798485100697,0.6153846153846154,4,3,2,7,6,1,0.16666666666666666,0.843238184370613
IXMtest_F12_s8_w1DBD80811-5297-4415-ACD1-EC9286BE76A4,surrogate,poisson,-6.0,200,1,0.5408415713095794,0.8112623569643692,0.6666666666666666,4,2,2,6,6,0,0.0,0.7993638365549303
IXMtest_F12_s8_w1DBD80811-5297-4415-ACD1-EC9286BE76A4,surrogate,poisson,-6.0,200,2,0.5891108670261386,0.7658441271339802,0.7692307692307693,5,2,1,7,6,1,0.16666666666666666,0.8786063027075011
IXMtest_F12_s8_w1DBD80811-5297-4415-ACD1-EC9286BE76A4,surrogate,poisson,-6.0,200,3,0.5330254050196238,0.7995381075294357,0.6666666666666666,4,2,2,6,6,0,0.0,0.7923330484678306
IXMtest_F12_s8_w1DBD80811-5297-4415-ACD1-EC9286BE76A4,surrogate,poisson,6.0,50,0,0.533700428622977,0.8005506429344654,0.6666666666666666,4,2,2,6,6,0,0.0,0.7966203983101992
IXMtest_F12_s8_w1DBD80811-5297-4415-ACD1-EC9286BE76A4,surrogate,poisson,6.0,50,1,0.33565712436206435,0.7831999568448168,0.42857142857142855,3,5,3,8,6,2,0.3333333333333333,0.8273781902552204
IXMtest_F12_s8_w1DBD80811-5297-4415-ACD1-EC9286BE76A4,surrogate,poisson,6.0,50,2,0.522442447734768,0.783663671602152,0.6666666666666666,4,2,2,6,6,0,0.0,0.7977207977207977
IXMtest_F12_s8_w1DBD80811-5297-4415-ACD1-EC9286BE76A4,surrogate,poisson,6.0,50,3,0.5166343038877806,0.774951455831671,0.6666666666666666,4,2,2,6,6,0,0.0,0.792852888624181
IXMtest_F12_s8_w1DBD80811-5297-4415-ACD1-EC9286BE76A4,surrogate,poisson,6.0,200,0,0.5417315460133679,0.812597319020052,0.6666666666666666,4,2,2,6,6,0,0.0,0.8010272716155069
IXMtest_F12_s8_w1DBD80811-5297-4415-ACD1-EC9286BE76A4,surrogate,poisson,6.0,200,1,0.33244164425938677,0.7756971699385691,0.42857142857142855,3,5,3,8,6,2,0.3333333333333333,0.8511520737327188
IXMtest_F12_s8_w1DBD80811-5297-4415-ACD1-EC9286BE76A4,surrogate,poisson,6.0,200,2,0.5006255273278782,0.8135164819078021,0.6153846153846154,4,3,2,7,6,1,0.16666666666666666,0.8617978808248832
IXMtest_F12_s8_w1DBD80811-5297-4415-ACD1-EC9286BE76A4,surrogate,poisson,6.0,200,3,0.48902384562645945,0.7946637491429966,0.6153846153846154,4,3,2,7,6,1,0.16666666666666666,0.8354636300255636
IXMtest_F14_s7_w1E67F2A8A-EEC1-4F01-A1E2-0ECFC639637F,clear,deterministic,-6.0,100,-1,0.5356819053389469,0.8241260082137644,0.65,39,25,17,64,56,8,0.14285714285714285,0.7526299541687446
IXMtest_F14_s7_w1E67F2A8A-EEC1-4F01-A1E2-0ECFC639637F,clear,deterministic,-4.0,100,-1,0.6003327084707477,0.8430203991291351,0.7121212121212122,47,29,9,76,56,20,0.35714285714285715,0.8600944761256277
IXMtest_F14_s7_w1E67F2A8A-EEC1-4F01-A1E2-0ECFC639637F,clear,deterministic,-2.0,100,-1,0.6092245353359419,0.850375913906419,0.7164179104477612,48,30,8,78,56,22,0.39285714285714285,0.8896027855788263
IXMtest_F14_s7_w1E67F2A8A-EEC1-4F01-A1E2-0ECFC639637F,clear,deterministic,0.0,100,-1,0.6144363386744367,0.8512503442052092,0.7218045112781954,48,29,8,77,56,21,0.375,0.890183699870634
IXMtest_F14_s7_w1E67F2A8A-EEC1-4F01-A1E2-0ECFC639637F,clear,deterministic,2.0,100,-1,0.6092245353359419,0.850375913906419,0.7164179104477612,48,30,8,78,56,22,0.39285714285714285,0.8896027855788263
IXMtest_F14_s7_w1E67F2A8A-EEC1-4F01-A1E2-0ECFC639637F,clear,deterministic,4.0,100,-1,0.6003327084707477,0.8430203991291351,0.7121212121212122,47,29,9,76,56,20,0.35714285714285715,0.8600944761256277
IXMtest_F14_s7_w1E67F2A8A-EEC1-4F01-A1E2-0ECFC639637F,clear,deterministic,6.0,100,-1,0.5356819053389469,0.8241260082137644,0.65,39,25,17,64,56,8,0.14285714285714285,0.7526299541687446
IXMtest_F14_s7_w1E67F2A8A-EEC1-4F01-A1E2-0ECFC639637F,clear,poisson,-6.0,50,0,0.6043006722139497,0.8100200499889112,0.746031746031746,47,23,9,70,56,14,0.25,0.822372361328556
IXMtest_F14_s7_w1E67F2A8A-EEC1-4F01-A1E2-0ECFC639637F,clear,poisson,-6.0,50,1,0.6067193354746988,0.8152791070441264,0.7441860465116279,48,25,8,73,56,17,0.30357142857142855,0.8455747875554478
IXMtest_F14_s7_w1E67F2A8A-EEC1-4F01-A1E2-0ECFC639637F,clear,poisson,-6.0,50,2,0.6346661485498871,0.8197771085436042,0.7741935483870968,48,20,8,68,56,12,0.21428571428571427,0.8315596254588954
IXMtest_F14_s7_w1E67F2A8A-EEC1-4F01-A1E2-0ECFC639637F,clear,poisson,-6.0,50,3,0.6215926767685774,0.8118761492487542,0.765625,49,23,7,72,56,16,0.2857142857142857,0.845988611263096
IXMtest_F14_s7_w1E67F2A8A-EEC1-4F01-A1E2-0ECFC639637F,clear,poisson,-6.0,200,0,0.6251319089409232,0.8379427715591098,0.746031746031746,47,23,9,70,56,14,0.25,0.8393783462844524
IXMtest_F14_s7_w1E67F2A8A-EEC1-4F01-A1E2-0ECFC639637F,clear,poisson,-6.0,200,1,0.6284704235667296,0.8445071316677928,0.7441860465116279,48,25,8,73,56,17,0.30357142857142855,0.8576840047248585
IXMtest_F14_s7_w1E67F2A8A-EEC1-4F01-A1E2-0ECFC639637F,clear,poisson,-6.0,200,2,0.6524684983465217,0.8351596778835477,0.78125,50,22,6,72,56,16,0.2857142857142857,0.8705951607664826
IXMtest_F14_s7_w1E67F2A8A-EEC1-4F01-A1E2-0ECFC639637F,clear,poisson,-6.0,200,3,0.6041918867802512,0.8307638443228452,0.7272727272727273,48,28,8,76,56,20,0.35714285714285715,0.8622413143723852
IXMtest_F14_s7_w1E67F2A8A-EEC1-4F01-A1E2-0ECFC639637F,clear,poisson,6.0,50,0,0.5912645363600186,0.8277703509040261,0.7142857142857143,45,25,11,70,56,14,0.25,0.8218696708180456
IXMtest_F14_s7_w1E67F2A8A-EEC1-4F01-A1E2-0ECFC639637F,clear,poisson,6.0,50,1,0.6224484539743327,0.8254207759224846,0.7540983606557377,46,20,10,66,56,10,0.17857142857142858,0.8279781831075514
IXMtest_F14_s7_w1E67F2A8A-EEC1-4F01-A1E2-0ECFC639637F,clear,poisson,6.0,50,2,0.6094370046182527,0.8044568460960936,0.7575757575757576,50,26,6,76,56,20,0.35714285714285715,0.8594375909281144
IXMtest_F14_s7_w1E67F2A8A-EEC1-4F01-A1E2-0ECFC639637F,clear,poisson,6.0,50,3,0.6188133071379057,0.8168335654220356,0.7575757575757576,50,26,6,76,56,20,0.35714285714285715,0.8543645140867363
IXMtest_F14_s7_w1E67F2A8A-EEC1-4F01-A1E2-0ECFC639637F,clear,poisson,6.0,200,0,0.6209213583108389,0.8408310060459278,0.7384615384615385,48,26,8,74,56,18,0.32142857142857145,0.8626860202357444
IXMtest_F14_s7_w1E67F2A8A-EEC1-4F01-A1E2-0ECFC639637F,clear,poisson,6.0,200,1,0.603877719852498,0.8415742691561409,0.7175572519083969,47,28,9,75,56,19,0.3392857142857143,0.8637110682763518
IXMtest_F14_s7_w1E67F2A8A-EEC1-4F01-A1E2-0ECFC639637F,clear,poisson,6.0,200,2,0.6221168836639587,0.8471378841381565,0.734375,47,25,9,72,56,16,0.2857142857142857,0.8586238625907372
IXMtest_F14_s7_w1E67F2A8A-EEC1-4F01-A1E2-0ECFC639637F,clear,poisson,6.0,200,3,0.6329179449667812,0.8395850290375668,0.7538461538461538,49,25,7,74,56,18,0.32142857142857145,0.8692630051980498
IXMtest_F14_s7_w1E67F2A8A-EEC1-4F01-A1E2-0ECFC639637F,cubic,deterministic,-6.0,100,-1,0.5356819053389469,0.8241260082137644,0.65,39,25,17,64,56,8,0.14285714285714285,0.7526299541687446
IXMtest_F14_s7_w1E67F2A8A-EEC1-4F01-A1E2-0ECFC639637F,cubic,deterministic,-4.0,100,-1,0.6003327084707477,0.8430203991291351,0.7121212121212122,47,29,9,76,56,20,0.35714285714285715,0.8600944761256277
IXMtest_F14_s7_w1E67F2A8A-EEC1-4F01-A1E2-0ECFC639637F,cubic,deterministic,-2.0,100,-1,0.6092245353359419,0.850375913906419,0.7164179104477612,48,30,8,78,56,22,0.39285714285714285,0.8896027855788263
IXMtest_F14_s7_w1E67F2A8A-EEC1-4F01-A1E2-0ECFC639637F,cubic,deterministic,0.0,100,-1,0.6144363386744367,0.8512503442052092,0.7218045112781954,48,29,8,77,56,21,0.375,0.890183699870634
IXMtest_F14_s7_w1E67F2A8A-EEC1-4F01-A1E2-0ECFC639637F,cubic,deterministic,2.0,100,-1,0.6092245353359419,0.850375913906419,0.7164179104477612,48,30,8,78,56,22,0.39285714285714285,0.8896027855788263
IXMtest_F14_s7_w1E67F2A8A-EEC1-4F01-A1E2-0ECFC639637F,cubic,deterministic,4.0,100,-1,0.6003327084707477,0.8430203991291351,0.7121212121212122,47,29,9,76,56,20,0.35714285714285715,0.8600944761256277
IXMtest_F14_s7_w1E67F2A8A-EEC1-4F01-A1E2-0ECFC639637F,cubic,deterministic,6.0,100,-1,0.5356819053389469,0.8241260082137644,0.65,39,25,17,64,56,8,0.14285714285714285,0.7526299541687446
IXMtest_F14_s7_w1E67F2A8A-EEC1-4F01-A1E2-0ECFC639637F,cubic,poisson,-6.0,50,0,0.6043006722139497,0.8100200499889112,0.746031746031746,47,23,9,70,56,14,0.25,0.822372361328556
IXMtest_F14_s7_w1E67F2A8A-EEC1-4F01-A1E2-0ECFC639637F,cubic,poisson,-6.0,50,1,0.6067193354746988,0.8152791070441264,0.7441860465116279,48,25,8,73,56,17,0.30357142857142855,0.8455747875554478
IXMtest_F14_s7_w1E67F2A8A-EEC1-4F01-A1E2-0ECFC639637F,cubic,poisson,-6.0,50,2,0.6346661485498871,0.8197771085436042,0.7741935483870968,48,20,8,68,56,12,0.21428571428571427,0.8315596254588954
IXMtest_F14_s7_w1E67F2A8A-EEC1-4F01-A1E2-0ECFC639637F,cubic,poisson,-6.0,50,3,0.6215926767685774,0.8118761492487542,0.765625,49,23,7,72,56,16,0.2857142857142857,0.845988611263096
IXMtest_F14_s7_w1E67F2A8A-EEC1-4F01-A1E2-0ECFC639637F,cubic,poisson,-6.0,200,0,0.6251319089409232,0.8379427715591098,0.746031746031746,47,23,9,70,56,14,0.25,0.8393783462844524
IXMtest_F14_s7_w1E67F2A8A-EEC1-4F01-A1E2-0ECFC639637F,cubic,poisson,-6.0,200,1,0.6284704235667296,0.8445071316677928,0.7441860465116279,48,25,8,73,56,17,0.30357142857142855,0.8576840047248585
IXMtest_F14_s7_w1E67F2A8A-EEC1-4F01-A1E2-0ECFC639637F,cubic,poisson,-6.0,200,2,0.6524684983465217,0.8351596778835477,0.78125,50,22,6,72,56,16,0.2857142857142857,0.8705951607664826
IXMtest_F14_s7_w1E67F2A8A-EEC1-4F01-A1E2-0ECFC639637F,cubic,poisson,-6.0,200,3,0.6041918867802512,0.8307638443228452,0.7272727272727273,48,28,8,76,56,20,0.35714285714285715,0.8622413143723852
IXMtest_F14_s7_w1E67F2A8A-EEC1-4F01-A1E2-0ECFC639637F,cubic,poisson,6.0,50,0,0.5912645363600186,0.8277703509040261,0.7142857142857143,45,25,11,70,56,14,0.25,0.8218696708180456
IXMtest_F14_s7_w1E67F2A8A-EEC1-4F01-A1E2-0ECFC639637F,cubic,poisson,6.0,50,1,0.6224484539743327,0.8254207759224846,0.7540983606557377,46,20,10,66,56,10,0.17857142857142858,0.8279781831075514
IXMtest_F14_s7_w1E67F2A8A-EEC1-4F01-A1E2-0ECFC639637F,cubic,poisson,6.0,50,2,0.6094370046182527,0.8044568460960936,0.7575757575757576,50,26,6,76,56,20,0.35714285714285715,0.8594375909281144
IXMtest_F14_s7_w1E67F2A8A-EEC1-4F01-A1E2-0ECFC639637F,cubic,poisson,6.0,50,3,0.6188133071379057,0.8168335654220356,0.7575757575757576,50,26,6,76,56,20,0.35714285714285715,0.8543645140867363
IXMtest_F14_s7_w1E67F2A8A-EEC1-4F01-A1E2-0ECFC639637F,cubic,poisson,6.0,200,0,0.6209213583108389,0.8408310060459278,0.7384615384615385,48,26,8,74,56,18,0.32142857142857145,0.8626860202357444
IXMtest_F14_s7_w1E67F2A8A-EEC1-4F01-A1E2-0ECFC639637F,cubic,poisson,6.0,200,1,0.603877719852498,0.8415742691561409,0.7175572519083969,47,28,9,75,56,19,0.3392857142857143,0.8637110682763518
IXMtest_F14_s7_w1E67F2A8A-EEC1-4F01-A1E2-0ECFC639637F,cubic,poisson,6.0,200,2,0.6221168836639587,0.8471378841381565,0.734375,47,25,9,72,56,16,0.2857142857142857,0.8586238625907372
IXMtest_F14_s7_w1E67F2A8A-EEC1-4F01-A1E2-0ECFC639637F,cubic,poisson,6.0,200,3,0.6329179449667812,0.8395850290375668,0.7538461538461538,49,25,7,74,56,18,0.32142857142857145,0.8692630051980498
IXMtest_F14_s7_w1E67F2A8A-EEC1-4F01-A1E2-0ECFC639637F,image_fidelity,deterministic,-6.0,100,-1,0.5369349571800258,0.8260537802769627,0.65,39,25,17,64,56,8,0.14285714285714285,0.754213782803499
IXMtest_F14_s7_w1E67F2A8A-EEC1-4F01-A1E2-0ECFC639637F,image_fidelity,deterministic,-4.0,100,-1,0.6048258838041528,0.8428956465781279,0.7175572519083969,47,28,9,75,56,19,0.3392857142857143,0.8629103673434549
IXMtest_F14_s7_w1E67F2A8A-EEC1-4F01-A1E2-0ECFC639637F,image_fidelity,deterministic,-2.0,100,-1,0.6093595701439836,0.8505643999926438,0.7164179104477612,48,30,8,78,56,22,0.39285714285714285,0.8896925484181839
IXMtest_F14_s7_w1E67F2A8A-EEC1-4F01-A1E2-0ECFC639637F,image_fidelity,deterministic,0.0,100,-1,0.6145689868493076,0.8514341171974782,0.7218045112781954,48,29,8,77,56,21,0.375,0.8902964066898493
IXMtest_F14_s7_w1E67F2A8A-EEC1-4F01-A1E2-0ECFC639637F,image_fidelity,deterministic,2.0,100,-1,0.6094569187923145,0.8507002824809389,0.7164179104477612,48,30,8,78,56,22,0.39285714285714285,0.8898628206722201
IXMtest_F14_s7_w1E67F2A8A-EEC1-4F01-A1E2-0ECFC639637F,image_fidelity,deterministic,4.0,100,-1,0.6046076240581164,0.842591476080992,0.7175572519083969,47,28,9,75,56,19,0.3392857142857143,0.8623884548055164
IXMtest_F14_s7_w1E67F2A8A-EEC1-4F01-A1E2-0ECFC639637F,image_fidelity,deterministic,6.0,100,-1,0.5357433044771458,0.8242204684263782,0.65,39,25,17,64,56,8,0.14285714285714285,0.752425627931833
IXMtest_F14_s7_w1E67F2A8A-EEC1-4F01-A1E2-0ECFC639637F,image_fidelity,poisson,-6.0,50,0,0.5921684529128749,0.8018947799861847,0.7384615384615385,48,26,8,74,56,18,0.32142857142857145,0.8531152632268864
IXMtest_F14_s7_w1E67F2A8A-EEC1-4F01-A1E2-0ECFC639637F,image_fidelity,poisson,-6.0,50,1,0.5839076013738949,0.8187400062742656,0.7131782945736435,46,27,10,73,56,17,0.30357142857142855,0.8372266752811485
IXMtest_F14_s7_w1E67F2A8A-EEC1-4F01-A1E2-0ECFC639637F,image_fidelity,poisson,-6.0,50,2,0.618590840904936,0.8160134497043836,0.7580645161290323,47,21,9,68,56,12,0.21428571428571427,0.8322994167473877
IXMtest_F14_s7_w1E67F2A8A-EEC1-4F01-A1E2-0ECFC639637F,image_fidelity,poisson,-6.0,50,3,0.6151736599194071,0.8202315465592095,0.75,48,24,8,72,56,16,0.2857142857142857,0.8508495909376966
IXMtest_F14_s7_w1E67F2A8A-EEC1-4F01-A1E2-0ECFC639637F,image_fidelity,poisson,-6.0,200,0,0.6553707081066453,0.8388745063765061,0.78125,50,22,6,72,56,16,0.2857142857142857,0.8769103258672273
IXMtest_F14_s7_w1E67F2A8A-EEC1-4F01-A1E2-0ECFC639637F,image_fidelity,poisson,-6.0,200,1,0.6336647778777869,0.8382856957341556,0.7559055118110236,48,23,8,71,56,15,0.26785714285714285,0.8586417594173679
IXMtest_F14_s7_w1E67F2A8A-EEC1-4F01-A1E2-0ECFC639637F,image_fidelity,poisson,-6.0,200,2,0.6274086410957317,0.836544854794309,0.75,48,24,8,72,56,16,0.2857142857142857,0.8578576534259165
IXMtest_F14_s7_w1E67F2A8A-EEC1-4F01-A1E2-0ECFC639637F,image_fidelity,poisson,-6.0,200,3,0.616019963413598,0.834193700455914,0.7384615384615385,48,26,8,74,56,18,0.32142857142857145,0.863839103036255
IXMtest_F14_s7_w1E67F2A8A-EEC1-4F01-A1E2-0ECFC639637F,image_fidelity,poisson,6.0,50,0,0.6307742285547925,0.8174319084332514,0.7716535433070866,49,22,7,71,56,15,0.26785714285714285,0.8449682683590208
IXMtest_F14_s7_w1E67F2A8A-EEC1-4F01-A1E2-0ECFC639637F,image_fidelity,poisson,6.0,50,1,0.5930767462159688,0.8303074447023563,0.7142857142857143,45,25,11,70,56,14,0.25,0.835283435481541
IXMtest_F14_s7_w1E67F2A8A-EEC1-4F01-A1E2-0ECFC639637F,image_fidelity,poisson,6.0,50,2,0.6204973792423389,0.8119274217745498,0.7642276422764228,47,20,9,67,56,11,0.19642857142857142,0.8169668553965945
IXMtest_F14_s7_w1E67F2A8A-EEC1-4F01-A1E2-0ECFC639637F,image_fidelity,poisson,6.0,50,3,0.5993768247141474,0.8143706857529177,0.736,46,23,10,69,56,13,0.23214285714285715,0.8246645157312837
IXMtest_F14_s7_w1E67F2A8A-EEC1-4F01-A1E2-0ECFC639637F,image_fidelity,poisson,6.0,200,0,0.6342382658672876,0.8413364751300754,0.7538461538461538,49,25,7,74,56,18,0.32142857142857145,0.8764734997323206
IXMtest_F14_s7_w1E67F2A8A-EEC1-4F01-A1E2-0ECFC639637F,image_fidelity,poisson,6.0,200,1,0.6230288944991001,0.8371950769831659,0.7441860465116279,48,25,8,73,56,17,0.30357142857142855,0.8592936555829438
IXMtest_F14_s7_w1E67F2A8A-EEC1-4F01-A1E2-0ECFC639637F,image_fidelity,poisson,6.0,200,2,0.6399569321095058,0.8383435810634526,0.7633587786259542,50,25,6,75,56,19,0.3392857142857143,0.8715228047525871
IXMtest_F14_s7_w1E67F2A8A-EEC1-4F01-A1E2-0ECFC639637F,image_fidelity,poisson,6.0,200,3,0.6384689422415492,0.8446412048403827,0.7559055118110236,48,23,8,71,56,15,0.26785714285714285,0.8595385274496603
IXMtest_F14_s7_w1E67F2A8A-EEC1-4F01-A1E2-0ECFC639637F,exact_task,deterministic,-6.0,100,-1,0.5653482512375212,0.8094759051809962,0.6984126984126984,44,26,12,70,56,14,0.25,0.8147333941545666
IXMtest_F14_s7_w1E67F2A8A-EEC1-4F01-A1E2-0ECFC639637F,exact_task,deterministic,-4.0,100,-1,0.60222053508763,0.8405994968931502,0.7164179104477612,48,30,8,78,56,22,0.39285714285714285,0.873816639150697
IXMtest_F14_s7_w1E67F2A8A-EEC1-4F01-A1E2-0ECFC639637F,exact_task,deterministic,-2.0,100,-1,0.6242112178861596,0.8535132979259733,0.7313432835820896,49,29,7,78,56,22,0.39285714285714285,0.9005579394682431
IXMtest_F14_s7_w1E67F2A8A-EEC1-4F01-A1E2-0ECFC639637F,exact_task,deterministic,0.0,100,-1,0.6370344999442885,0.8536262299253466,0.746268656716418,50,28,6,78,56,22,0.39285714285714285,0.9045061144762954
IXMtest_F14_s7_w1E67F2A8A-EEC1-4F01-A1E2-0ECFC639637F,exact_task,deterministic,2.0,100,-1,0.6259442044869852,0.8558828918495511,0.7313432835820896,49,29,7,78,56,22,0.39285714285714285,0.8970965871438038
IXMtest_F14_s7_w1E67F2A8A-EEC1-4F01-A1E2-0ECFC639637F,exact_task,deterministic,4.0,100,-1,0.6008079708645949,0.8386277926651639,0.7164179104477612,48,30,8,78,56,22,0.39285714285714285,0.8732311998078469
IXMtest_F14_s7_w1E67F2A8A-EEC1-4F01-A1E2-0ECFC639637F,exact_task,deterministic,6.0,100,-1,0.5680120781073575,0.8015281546626045,0.7086614173228346,45,26,11,71,56,15,0.26785714285714285,0.8171130480429576
IXMtest_F14_s7_w1E67F2A8A-EEC1-4F01-A1E2-0ECFC639637F,exact_task,poisson,-6.0,50,0,0.5783855500524937,0.8084252574597355,0.7154471544715447,44,23,12,67,56,11,0.19642857142857142,0.8054345969945356
IXMtest_F14_s7_w1E67F2A8A-EEC1-4F01-A1E2-0ECFC639637F,exact_task,poisson,-6.0,50,1,0.5939601615179432,0.8024780905614765,0.7401574803149606,47,24,9,71,56,15,0.26785714285714285,0.8263484190948543
IXMtest_F14_s7_w1E67F2A8A-EEC1-4F01-A1E2-0ECFC639637F,exact_task,poisson,-6.0,50,2,0.5843808854391969,0.8194036328440913,0.7131782945736435,46,27,10,73,56,17,0.30357142857142855,0.8382527531010767
IXMtest_F14_s7_w1E67F2A8A-EEC1-4F01-A1E2-0ECFC639637F,exact_task,poisson,-6.0,50,3,0.5886459887303946,0.8140848780313967,0.7230769230769231,47,27,9,74,56,18,0.32142857142857145,0.8372055272609216
IXMtest_F14_s7_w1E67F2A8A-EEC1-4F01-A1E2-0ECFC639637F,exact_task,poisson,-6.0,200,0,0.6314852264705706,0.8272456466764474,0.7633587786259542,50,25,6,75,56,19,0.3392857142857143,0.8711360899237254
IXMtest_F14_s7_w1E67F2A8A-EEC1-4F01-A1E2-0ECFC639637F,exact_task,poisson,-6.0,200,1,0.6053952042608387,0.8372486867437131,0.7230769230769231,47,27,9,74,56,18,0.32142857142857145,0.8543877353393882
IXMtest_F14_s7_w1E67F2A8A-EEC1-4F01-A1E2-0ECFC639637F,exact_task,poisson,-6.0,200,2,0.6421895687572592,0.8284245436968644,0.7751937984496124,50,23,6,73,56,17,0.30357142857142855,0.8650247702797167
IXMtest_F14_s7_w1E67F2A8A-EEC1-4F01-A1E2-0ECFC639637F,exact_task,poisson,-6.0,200,3,0.6036284452425169,0.8299891122084607,0.7272727272727273,48,28,8,76,56,20,0.35714285714285715,0.8702297742427895
IXMtest_F14_s7_w1E67F2A8A-EEC1-4F01-A1E2-0ECFC639637F,exact_task,poisson,6.0,50,0,0.6131078564045938,0.8153030005380236,0.752,47,22,9,69,56,13,0.23214285714285715,0.8296848539919871
IXMtest_F14_s7_w1E67F2A8A-EEC1-4F01-A1E2-0ECFC639637F,exact_task,poisson,6.0,50,1,0.6142004491121993,0.8167559163726055,0.752,47,22,9,69,56,13,0.23214285714285715,0.8346573369005968
IXMtest_F14_s7_w1E67F2A8A-EEC1-4F01-A1E2-0ECFC639637F,exact_task,poisson,6.0,50,2,0.6396569971722557,0.8158890270054281,0.784,49,20,7,69,56,13,0.23214285714285715,0.8417853012516759
IXMtest_F14_s7_w1E67F2A8A-EEC1-4F01-A1E2-0ECFC639637F,exact_task,poisson,6.0,50,3,0.5978696982519258,0.8141204401728351,0.734375,47,25,9,72,56,16,0.2857142857142857,0.8332977718169903
IXMtest_F14_s7_w1E67F2A8A-EEC1-4F01-A1E2-0ECFC639637F,exact_task,poisson,6.0,200,0,0.631721706917436,0.8275554360618412,0.7633587786259542,50,25,6,75,56,19,0.3392857142857143,0.8740476381425937
IXMtest_F14_s7_w1E67F2A8A-EEC1-4F01-A1E2-0ECFC639637F,exact_task,poisson,6.0,200,1,0.6178678579386686,0.8366960576252804,0.7384615384615385,48,26,8,74,56,18,0.32142857142857145,0.860815449332342
IXMtest_F14_s7_w1E67F2A8A-EEC1-4F01-A1E2-0ECFC639637F,exact_task,poisson,6.0,200,2,0.6187871548618247,0.8314952393455769,0.7441860465116279,48,25,8,73,56,17,0.30357142857142855,0.8513325986694421
IXMtest_F14_s7_w1E67F2A8A-EEC1-4F01-A1E2-0ECFC639637F,exact_task,poisson,6.0,200,3,0.631254862696615,0.8373788994955097,0.7538461538461538,49,25,7,74,56,18,0.32142857142857145,0.8704369093269725
IXMtest_F14_s7_w1E67F2A8A-EEC1-4F01-A1E2-0ECFC639637F,surrogate,deterministic,-6.0,100,-1,0.5474701608803775,0.8212052413205662,0.6666666666666666,40,24,16,64,56,8,0.14285714285714285,0.7602814552032797
IXMtest_F14_s7_w1E67F2A8A-EEC1-4F01-A1E2-0ECFC639637F,surrogate,deterministic,-4.0,100,-1,0.5990411140798995,0.8412066708356035,0.7121212121212122,47,29,9,76,56,20,0.35714285714285715,0.859552769958039
IXMtest_F14_s7_w1E67F2A8A-EEC1-4F01-A1E2-0ECFC639637F,surrogate,deterministic,-2.0,100,-1,0.6117673590463243,0.853925272002161,0.7164179104477612,48,30,8,78,56,22,0.39285714285714285,0.8916597682119205
IXMtest_F14_s7_w1E67F2A8A-EEC1-4F01-A1E2-0ECFC639637F,surrogate,deterministic,0.0,100,-1,0.6167717183173076,0.8544858180854366,0.7218045112781954,48,29,8,77,56,21,0.375,0.8919363686231486
IXMtest_F14_s7_w1E67F2A8A-EEC1-4F01-A1E2-0ECFC639637F,surrogate,deterministic,2.0,100,-1,0.6105936195167863,0.8522869272421808,0.7164179104477612,48,30,8,78,56,22,0.39285714285714285,0.8905790193559083
IXMtest_F14_s7_w1E67F2A8A-EEC1-4F01-A1E2-0ECFC639637F,surrogate,deterministic,4.0,100,-1,0.6128945021949089,0.8427299405179998,0.7272727272727273,48,28,8,76,56,20,0.35714285714285715,0.8733743288997647
IXMtest_F14_s7_w1E67F2A8A-EEC1-4F01-A1E2-0ECFC639637F,surrogate,deterministic,6.0,100,-1,0.5476079752632621,0.8214119628948933,0.6666666666666666,40,24,16,64,56,8,0.14285714285714285,0.7603488399426436
IXMtest_F14_s7_w1E67F2A8A-EEC1-4F01-A1E2-0ECFC639637F,surrogate,poisson,-6.0,50,0,0.6605097072277867,0.8159237559872659,0.8095238095238095,51,19,5,70,56,14,0.25,0.8579238788846212
IXMtest_F14_s7_w1E67F2A8A-EEC1-4F01-A1E2-0ECFC639637F,surrogate,poisson,-6.0,50,1,0.6068823363274793,0.8179718446152983,0.7419354838709677,46,22,10,68,56,12,0.21428571428571427,0.8080568970801145
IXMtest_F14_s7_w1E67F2A8A-EEC1-4F01-A1E2-0ECFC639637F,surrogate,poisson,-6.0,50,2,0.6007808086726415,0.8162782726530454,0.736,46,23,10,69,56,13,0.23214285714285715,0.8217194194599193
IXMtest_F14_s7_w1E67F2A8A-EEC1-4F01-A1E2-0ECFC639637F,surrogate,poisson,-6.0,50,3,0.6206816908968588,0.8211101535823028,0.7559055118110236,48,23,8,71,56,15,0.26785714285714285,0.8436181783067869
IXMtest_F14_s7_w1E67F2A8A-EEC1-4F01-A1E2-0ECFC639637F,surrogate,poisson,-6.0,200,0,0.6398148657802263,0.835676559386418,0.765625,49,23,7,72,56,16,0.2857142857142857,0.8598029817870327
IXMtest_F14_s7_w1E67F2A8A-EEC1-4F01-A1E2-0ECFC639637F,surrogate,poisson,-6.0,200,1,0.6275659782678845,0.8324854813757652,0.7538461538461538,49,25,7,74,56,18,0.32142857142857145,0.8721893848616971
IXMtest_F14_s7_w1E67F2A8A-EEC1-4F01-A1E2-0ECFC639637F,surrogate,poisson,-6.0,200,2,0.650010819258396,0.8423609596511866,0.7716535433070866,49,22,7,71,56,15,0.26785714285714285,0.8728825565157556
IXMtest_F14_s7_w1E67F2A8A-EEC1-4F01-A1E2-0ECFC639637F,surrogate,poisson,-6.0,200,3,0.626727945820983,0.842165677196946,0.7441860465116279,48,25,8,73,56,17,0.30357142857142855,0.8574088503455743
IXMtest_F14_s7_w1E67F2A8A-EEC1-4F01-A1E2-0ECFC639637F,surrogate,poisson,6.0,50,0,0.6069958613943249,0.8051985916455331,0.7538461538461538,49,25,7,74,56,18,0.32142857142857145,0.8528795864482909
IXMtest_F14_s7_w1E67F2A8A-EEC1-4F01-A1E2-0ECFC639637F,surrogate,poisson,6.0,50,1,0.6345057793637504,0.8157931448962505,0.7777777777777778,49,21,7,70,56,14,0.25,0.8433545774757001
IXMtest_F14_s7_w1E67F2A8A-EEC1-4F01-A1E2-0ECFC639637F,surrogate,poisson,6.0,50,2,0.6294630600981023,0.8196133595027373,0.768,48,21,8,69,56,13,0.23214285714285715,0.8230413702945022
IXMtest_F14_s7_w1E67F2A8A-EEC1-4F01-A1E2-0ECFC639637F,surrogate,poisson,6.0,50,3,0.6356441230029504,0.807268036213747,0.7874015748031497,50,21,6,71,56,15,0.26785714285714285,0.8441070796012348
IXMtest_F14_s7_w1E67F2A8A-EEC1-4F01-A1E2-0ECFC639637F,surrogate,poisson,6.0,200,0,0.6484697889030312,0.846980948771306,0.765625,49,23,7,72,56,16,0.2857142857142857,0.8688440025488788
IXMtest_F14_s7_w1E67F2A8A-EEC1-4F01-A1E2-0ECFC639637F,surrogate,poisson,6.0,200,1,0.6542997227152535,0.8412425006338974,0.7777777777777778,49,21,7,70,56,14,0.25,0.8566048934232473
IXMtest_F14_s7_w1E67F2A8A-EEC1-4F01-A1E2-0ECFC639637F,surrogate,poisson,6.0,200,2,0.6330335397009487,0.8397383689910543,0.7538461538461538,49,25,7,74,56,18,0.32142857142857145,0.8587277353689567
IXMtest_F14_s7_w1E67F2A8A-EEC1-4F01-A1E2-0ECFC639637F,surrogate,poisson,6.0,200,3,0.6278602880842497,0.8436872621132104,0.7441860465116279,48,25,8,73,56,17,0.30357142857142855,0.864792911433565
IXMtest_G01_s2_w1FBE52723-8BDF-4346-89BB-216A4A69ED1C,clear,deterministic,-6.0,100,-1,0.6019334636837178,0.8151182320717011,0.7384615384615385,24,2,15,26,39,13,0.3333333333333333,0.6508242641318822
IXMtest_G01_s2_w1FBE52723-8BDF-4346-89BB-216A4A69ED1C,clear,deterministic,-4.0,100,-1,0.7158215675156478,0.8316162328490615,0.8607594936708861,34,6,5,40,39,1,0.02564102564102564,0.8311031816830211
IXMtest_G01_s2_w1FBE52723-8BDF-4346-89BB-216A4A69ED1C,clear,deterministic,-2.0,100,-1,0.7379393783307874,0.8476330697042829,0.8705882352941177,37,9,2,46,39,7,0.1794871794871795,0.8640914129785964
IXMtest_G01_s2_w1FBE52723-8BDF-4346-89BB-216A4A69ED1C,clear,deterministic,0.0,100,-1,0.7484053315438409,0.8495411871578735,0.8809523809523809,37,8,2,45,39,6,0.15384615384615385,0.8630641955594816
IXMtest_G01_s2_w1FBE52723-8BDF-4346-89BB-216A4A69ED1C,clear,deterministic,2.0,100,-1,0.7379393783307874,0.8476330697042829,0.8705882352941177,37,9,2,46,39,7,0.1794871794871795,0.8640914129785964
IXMtest_G01_s2_w1FBE52723-8BDF-4346-89BB-216A4A69ED1C,clear,deterministic,4.0,100,-1,0.7158215675156478,0.8316162328490615,0.8607594936708861,34,6,5,40,39,1,0.02564102564102564,0.8311031816830211
IXMtest_G01_s2_w1FBE52723-8BDF-4346-89BB-216A4A69ED1C,clear,deterministic,6.0,100,-1,0.6019334636837178,0.8151182320717011,0.7384615384615385,24,2,15,26,39,13,0.3333333333333333,0.6508242641318822
IXMtest_G01_s2_w1FBE52723-8BDF-4346-89BB-216A4A69ED1C,clear,poisson,-6.0,50,0,0.7241419973053103,0.8347748024491771,0.8674698795180723,36,8,3,44,39,5,0.1282051282051282,0.8509458850244611
IXMtest_G01_s2_w1FBE52723-8BDF-4346-89BB-216A4A69ED1C,clear,poisson,-6.0,50,1,0.6843905990888796,0.8295643625319752,0.825,33,8,6,41,39,2,0.05128205128205128,0.8055488122073868
IXMtest_G01_s2_w1FBE52723-8BDF-4346-89BB-216A4A69ED1C,clear,poisson,-6.0,50,2,0.6893133422579444,0.8173286772487055,0.8433734939759037,35,9,4,44,39,5,0.1282051282051282,0.8318518268158313
IXMtest_G01_s2_w1FBE52723-8BDF-4346-89BB-216A4A69ED1C,clear,poisson,-6.0,50,3,0.7039122933298392,0.8281321097998109,0.85,34,7,5,41,39,2,0.05128205128205128,0.8165750060530594
IXMtest_G01_s2_w1FBE52723-8BDF-4346-89BB-216A4A69ED1C,clear,poisson,-6.0,200,0,0.7615508029348533,0.843880619468351,0.9024390243902439,37,6,2,43,39,4,0.10256410256410256,0.8777482193426586
IXMtest_G01_s2_w1FBE52723-8BDF-4346-89BB-216A4A69ED1C,clear,poisson,-6.0,200,1,0.7375013097089065,0.8501751209144338,0.8674698795180723,36,8,3,44,39,5,0.1282051282051282,0.849368682571555
IXMtest_G01_s2_w1FBE52723-8BDF-4346-89BB-216A4A69ED1C,clear,poisson,-6.0,200,2,0.7262364182406843,0.8403592839642204,0.8641975308641975,35,7,4,42,39,3,0.07692307692307693,0.8371258319684984
IXMtest_G01_s2_w1FBE52723-8BDF-4346-89BB-216A4A69ED1C,clear,poisson,-6.0,200,3,0.723554924566035,0.8475929116344981,0.8536585365853658,35,8,4,43,39,4,0.10256410256410256,0.8494559163739183
IXMtest_G01_s2_w1FBE52723-8BDF-4346-89BB-216A4A69ED1C,clear,poisson,6.0,50,0,0.7236068276206872,0.8341578707294032,0.8674698795180723,36,8,3,44,39,5,0.1282051282051282,0.8467165503272569
IXMtest_G01_s2_w1FBE52723-8BDF-4346-89BB-216A4A69ED1C,clear,poisson,6.0,50,1,0.7089235214752635,0.8304532680138801,0.8536585365853658,35,8,4,43,39,4,0.10256410256410256,0.8327316076294278
IXMtest_G01_s2_w1FBE52723-8BDF-4346-89BB-216A4A69ED1C,clear,poisson,6.0,50,2,0.6628852912406369,0.8235847557838216,0.8048780487804879,33,10,6,43,39,4,0.10256410256410256,0.8157193759297056
IXMtest_G01_s2_w1FBE52723-8BDF-4346-89BB-216A4A69ED1C,clear,poisson,6.0,50,3,0.7126990578474398,0.8246946240806089,0.8641975308641975,35,7,4,42,39,3,0.07692307692307693,0.8469275282446955
IXMtest_G01_s2_w1FBE52723-8BDF-4346-89BB-216A4A69ED1C,clear,poisson,6.0,200,0,0.7456851246550378,0.8492525030793485,0.8780487804878049,36,7,3,43,39,4,0.10256410256410256,0.852249348511864
IXMtest_G01_s2_w1FBE52723-8BDF-4346-89BB-216A4A69ED1C,clear,poisson,6.0,200,1,0.7374080743585506,0.8370578141367331,0.8809523809523809,37,8,2,45,39,6,0.15384615384615385,0.856782355613129
IXMtest_G01_s2_w1FBE52723-8BDF-4346-89BB-216A4A69ED1C,clear,poisson,6.0,200,2,0.7605133616643927,0.8427310223848675,0.9024390243902439,37,6,2,43,39,4,0.10256410256410256,0.8561508611886446
IXMtest_G01_s2_w1FBE52723-8BDF-4346-89BB-216A4A69ED1C,clear,poisson,6.0,200,3,0.7377408046077694,0.8402048052477373,0.8780487804878049,36,7,3,43,39,4,0.10256410256410256,0.8505440817232955
IXMtest_G01_s2_w1FBE52723-8BDF-4346-89BB-216A4A69ED1C,cubic,deterministic,-6.0,100,-1,0.6019334636837178,0.8151182320717011,0.7384615384615385,24,2,15,26,39,13,0.3333333333333333,0.6508242641318822
IXMtest_G01_s2_w1FBE52723-8BDF-4346-89BB-216A4A69ED1C,cubic,deterministic,-4.0,100,-1,0.7158215675156478,0.8316162328490615,0.8607594936708861,34,6,5,40,39,1,0.02564102564102564,0.8311031816830211
IXMtest_G01_s2_w1FBE52723-8BDF-4346-89BB-216A4A69ED1C,cubic,deterministic,-2.0,100,-1,0.7379393783307874,0.8476330697042829,0.8705882352941177,37,9,2,46,39,7,0.1794871794871795,0.8640914129785964
IXMtest_G01_s2_w1FBE52723-8BDF-4346-89BB-216A4A69ED1C,cubic,deterministic,0.0,100,-1,0.7484053315438409,0.8495411871578735,0.8809523809523809,37,8,2,45,39,6,0.15384615384615385,0.8630641955594816
IXMtest_G01_s2_w1FBE52723-8BDF-4346-89BB-216A4A69ED1C,cubic,deterministic,2.0,100,-1,0.7379393783307874,0.8476330697042829,0.8705882352941177,37,9,2,46,39,7,0.1794871794871795,0.8640914129785964
IXMtest_G01_s2_w1FBE52723-8BDF-4346-89BB-216A4A69ED1C,cubic,deterministic,4.0,100,-1,0.7158215675156478,0.8316162328490615,0.8607594936708861,34,6,5,40,39,1,0.02564102564102564,0.8311031816830211
IXMtest_G01_s2_w1FBE52723-8BDF-4346-89BB-216A4A69ED1C,cubic,deterministic,6.0,100,-1,0.6019334636837178,0.8151182320717011,0.7384615384615385,24,2,15,26,39,13,0.3333333333333333,0.6508242641318822
IXMtest_G01_s2_w1FBE52723-8BDF-4346-89BB-216A4A69ED1C,cubic,poisson,-6.0,50,0,0.7241419973053103,0.8347748024491771,0.8674698795180723,36,8,3,44,39,5,0.1282051282051282,0.8509458850244611
IXMtest_G01_s2_w1FBE52723-8BDF-4346-89BB-216A4A69ED1C,cubic,poisson,-6.0,50,1,0.6843905990888796,0.8295643625319752,0.825,33,8,6,41,39,2,0.05128205128205128,0.8055488122073868
IXMtest_G01_s2_w1FBE52723-8BDF-4346-89BB-216A4A69ED1C,cubic,poisson,-6.0,50,2,0.6893133422579444,0.8173286772487055,0.8433734939759037,35,9,4,44,39,5,0.1282051282051282,0.8318518268158313
IXMtest_G01_s2_w1FBE52723-8BDF-4346-89BB-216A4A69ED1C,cubic,poisson,-6.0,50,3,0.7039122933298392,0.8281321097998109,0.85,34,7,5,41,39,2,0.05128205128205128,0.8165750060530594
IXMtest_G01_s2_w1FBE52723-8BDF-4346-89BB-216A4A69ED1C,cubic,poisson,-6.0,200,0,0.7615508029348533,0.843880619468351,0.9024390243902439,37,6,2,43,39,4,0.10256410256410256,0.8777482193426586
IXMtest_G01_s2_w1FBE52723-8BDF-4346-89BB-216A4A69ED1C,cubic,poisson,-6.0,200,1,0.7375013097089065,0.8501751209144338,0.8674698795180723,36,8,3,44,39,5,0.1282051282051282,0.849368682571555
IXMtest_G01_s2_w1FBE52723-8BDF-4346-89BB-216A4A69ED1C,cubic,poisson,-6.0,200,2,0.7262364182406843,0.8403592839642204,0.8641975308641975,35,7,4,42,39,3,0.07692307692307693,0.8371258319684984
IXMtest_G01_s2_w1FBE52723-8BDF-4346-89BB-216A4A69ED1C,cubic,poisson,-6.0,200,3,0.723554924566035,0.8475929116344981,0.8536585365853658,35,8,4,43,39,4,0.10256410256410256,0.8494559163739183
IXMtest_G01_s2_w1FBE52723-8BDF-4346-89BB-216A4A69ED1C,cubic,poisson,6.0,50,0,0.7236068276206872,0.8341578707294032,0.8674698795180723,36,8,3,44,39,5,0.1282051282051282,0.8467165503272569
IXMtest_G01_s2_w1FBE52723-8BDF-4346-89BB-216A4A69ED1C,cubic,poisson,6.0,50,1,0.7089235214752635,0.8304532680138801,0.8536585365853658,35,8,4,43,39,4,0.10256410256410256,0.8327316076294278
IXMtest_G01_s2_w1FBE52723-8BDF-4346-89BB-216A4A69ED1C,cubic,poisson,6.0,50,2,0.6628852912406369,0.8235847557838216,0.8048780487804879,33,10,6,43,39,4,0.10256410256410256,0.8157193759297056
IXMtest_G01_s2_w1FBE52723-8BDF-4346-89BB-216A4A69ED1C,cubic,poisson,6.0,50,3,0.7126990578474398,0.8246946240806089,0.8641975308641975,35,7,4,42,39,3,0.07692307692307693,0.8469275282446955
IXMtest_G01_s2_w1FBE52723-8BDF-4346-89BB-216A4A69ED1C,cubic,poisson,6.0,200,0,0.7456851246550378,0.8492525030793485,0.8780487804878049,36,7,3,43,39,4,0.10256410256410256,0.852249348511864
IXMtest_G01_s2_w1FBE52723-8BDF-4346-89BB-216A4A69ED1C,cubic,poisson,6.0,200,1,0.7374080743585506,0.8370578141367331,0.8809523809523809,37,8,2,45,39,6,0.15384615384615385,0.856782355613129
IXMtest_G01_s2_w1FBE52723-8BDF-4346-89BB-216A4A69ED1C,cubic,poisson,6.0,200,2,0.7605133616643927,0.8427310223848675,0.9024390243902439,37,6,2,43,39,4,0.10256410256410256,0.8561508611886446
IXMtest_G01_s2_w1FBE52723-8BDF-4346-89BB-216A4A69ED1C,cubic,poisson,6.0,200,3,0.7377408046077694,0.8402048052477373,0.8780487804878049,36,7,3,43,39,4,0.10256410256410256,0.8505440817232955
IXMtest_G01_s2_w1FBE52723-8BDF-4346-89BB-216A4A69ED1C,image_fidelity,deterministic,-6.0,100,-1,0.6011345818197166,0.8140364128808661,0.7384615384615385,24,2,15,26,39,13,0.3333333333333333,0.6502537721332935
IXMtest_G01_s2_w1FBE52723-8BDF-4346-89BB-216A4A69ED1C,image_fidelity,deterministic,-4.0,100,-1,0.7063762080027878,0.8310308329444561,0.85,34,7,5,41,39,2,0.05128205128205128,0.826358595194085
IXMtest_G01_s2_w1FBE52723-8BDF-4346-89BB-216A4A69ED1C,image_fidelity,deterministic,-2.0,100,-1,0.7368421110820486,0.8463726951618125,0.8705882352941177,37,9,2,46,39,7,0.1794871794871795,0.8630543890197685
IXMtest_G01_s2_w1FBE52723-8BDF-4346-89BB-216A4A69ED1C,image_fidelity,deterministic,0.0,100,-1,0.748571768397483,0.8497301154782239,0.8809523809523809,37,8,2,45,39,6,0.15384615384615385,0.8631815015545626
IXMtest_G01_s2_w1FBE52723-8BDF-4346-89BB-216A4A69ED1C,image_fidelity,deterministic,2.0,100,-1,0.7379827019716306,0.847682833345792,0.8705882352941177,37,9,2,46,39,7,0.1794871794871795,0.8640635927878136
IXMtest_G01_s2_w1FBE52723-8BDF-4346-89BB-216A4A69ED1C,image_fidelity,deterministic,4.0,100,-1,0.7156848766294629,0.831457430201876,0.8607594936708861,34,6,5,40,39,1,0.02564102564102564,0.8310539616470938
IXMtest_G01_s2_w1FBE52723-8BDF-4346-89BB-216A4A69ED1C,image_fidelity,deterministic,6.0,100,-1,0.6015954072925798,0.8146604473753684,0.7384615384615385,24,2,15,26,39,13,0.3333333333333333,0.6531883228391528
IXMtest_G01_s2_w1FBE52723-8BDF-4346-89BB-216A4A69ED1C,image_fidelity,poisson,-6.0,50,0,0.7018293375848923,0.8321690717078009,0.8433734939759037,35,9,4,44,39,5,0.1282051282051282,0.8345257248485264
IXMtest_G01_s2_w1FBE52723-8BDF-4346-89BB-216A4A69ED1C,image_fidelity,poisson,-6.0,50,1,0.7257237717565415,0.8265187400560612,0.8780487804878049,36,7,3,43,39,4,0.10256410256410256,0.8298392673424297
IXMtest_G01_s2_w1FBE52723-8BDF-4346-89BB-216A4A69ED1C,image_fidelity,poisson,-6.0,50,2,0.7003763044955829,0.838329212956834,0.8354430379746836,33,7,6,40,39,1,0.02564102564102564,0.8192292132064519
IXMtest_G01_s2_w1FBE52723-8BDF-4346-89BB-216A4A69ED1C,image_fidelity,poisson,-6.0,50,3,0.6746371851146746,0.8279638180952825,0.8148148148148148,33,9,6,42,39,3,0.07692307692307693,0.8004408600269415
IXMtest_G01_s2_w1FBE52723-8BDF-4346-89BB-216A4A69ED1C,image_fidelity,poisson,-6.0,200,0,0.7442934206337716,0.8476675068329065,0.8780487804878049,36,7,3,43,39,4,0.10256410256410256,0.8542035699686605
IXMtest_G01_s2_w1FBE52723-8BDF-4346-89BB-216A4A69ED1C,image_fidelity,poisson,-6.0,200,1,0.7088656246411397,0.8443840528813575,0.8395061728395061,34,8,5,42,39,3,0.07692307692307693,0.8192936215076436
IXMtest_G01_s2_w1FBE52723-8BDF-4346-89BB-216A4A69ED1C,image_fidelity,poisson,-6.0,200,2,0.7394032849803991,0.8420981856721211,0.8780487804878049,36,7,3,43,39,4,0.10256410256410256,0.8588946429499281
IXMtest_G01_s2_w1FBE52723-8BDF-4346-89BB-216A4A69ED1C,image_fidelity,poisson,-6.0,200,3,0.7454151330849544,0.8461469078261645,0.8809523809523809,37,8,2,45,39,6,0.15384615384615385,0.8605572362153399
IXMtest_G01_s2_w1FBE52723-8BDF-4346-89BB-216A4A69ED1C,image_fidelity,poisson,6.0,50,0,0.7065794608298029,0.8312699539174152,0.85,34,7,5,41,39,2,0.05128205128205128,0.821538514454744
IXMtest_G01_s2_w1FBE52723-8BDF-4346-89BB-216A4A69ED1C,image_fidelity,poisson,6.0,50,1,0.6929584980381123,0.8254358579571631,0.8395061728395061,34,8,5,42,39,3,0.07692307692307693,0.821842956199962
IXMtest_G01_s2_w1FBE52723-8BDF-4346-89BB-216A4A69ED1C,image_fidelity,poisson,6.0,50,2,0.7129450451624738,0.8387588766617339,0.85,34,7,5,41,39,2,0.05128205128205128,0.816951554641456
IXMtest_G01_s2_w1FBE52723-8BDF-4346-89BB-216A4A69ED1C,image_fidelity,poisson,6.0,50,3,0.7287911053774978,0.8329041204314261,0.875,35,6,4,41,39,2,0.05128205128205128,0.8454179952862887
IXMtest_G01_s2_w1FBE52723-8BDF-4346-89BB-216A4A69ED1C,image_fidelity,poisson,6.0,200,0,0.7323908012578698,0.8442838403389332,0.8674698795180723,36,8,3,44,39,5,0.1282051282051282,0.8503548392586667
IXMtest_G01_s2_w1FBE52723-8BDF-4346-89BB-216A4A69ED1C,image_fidelity,poisson,6.0,200,1,0.7367409833327004,0.8363005756749573,0.8809523809523809,37,8,2,45,39,6,0.15384615384615385,0.8554700059226669
IXMtest_G01_s2_w1FBE52723-8BDF-4346-89BB-216A4A69ED1C,image_fidelity,poisson,6.0,200,2,0.748884496177047,0.8500851037685399,0.8809523809523809,37,8,2,45,39,6,0.15384615384615385,0.8563444769888563
IXMtest_G01_s2_w1FBE52723-8BDF-4346-89BB-216A4A69ED1C,image_fidelity,poisson,6.0,200,3,0.7083909053312092,0.8399492163212909,0.8433734939759037,35,9,4,44,39,5,0.1282051282051282,0.8299373854083786
IXMtest_G01_s2_w1FBE52723-8BDF-4346-89BB-216A4A69ED1C,exact_task,deterministic,-6.0,100,-1,0.6758087365483126,0.8025228746511213,0.8421052631578947,32,5,7,37,39,2,0.05128205128205128,0.7944162436548223
IXMtest_G01_s2_w1FBE52723-8BDF-4346-89BB-216A4A69ED1C,exact_task,deterministic,-4.0,100,-1,0.7224228664995341,0.8359464598066038,0.8641975308641975,35,7,4,42,39,3,0.07692307692307693,0.8394069755039641
IXMtest_G01_s2_w1FBE52723-8BDF-4346-89BB-216A4A69ED1C,exact_task,deterministic,-2.0,100,-1,0.7560960481066661,0.8582711897427021,0.8809523809523809,37,8,2,45,39,6,0.15384615384615385,0.8722990975504942
IXMtest_G01_s2_w1FBE52723-8BDF-4346-89BB-216A4A69ED1C,exact_task,deterministic,0.0,100,-1,0.7352462356232066,0.8679990281662855,0.8470588235294118,36,10,3,46,39,7,0.1794871794871795,0.8690706012134584
IXMtest_G01_s2_w1FBE52723-8BDF-4346-89BB-216A4A69ED1C,exact_task,deterministic,2.0,100,-1,0.7549358199304906,0.8569541739751516,0.8809523809523809,37,8,2,45,39,6,0.15384615384615385,0.8711466794896014
IXMtest_G01_s2_w1FBE52723-8BDF-4346-89BB-216A4A69ED1C,exact_task,deterministic,4.0,100,-1,0.7211364781913824,0.8344579247643139,0.8641975308641975,35,7,4,42,39,3,0.07692307692307693,0.8385790408525755
IXMtest_G01_s2_w1FBE52723-8BDF-4346-89BB-216A4A69ED1C,exact_task,deterministic,6.0,100,-1,0.6745718801814375,0.801054107715457,0.8421052631578947,32,5,7,37,39,2,0.05128205128205128,0.794487947182558
IXMtest_G01_s2_w1FBE52723-8BDF-4346-89BB-216A4A69ED1C,exact_task,poisson,-6.0,50,0,0.6779654508593069,0.8275166532547423,0.8192771084337349,34,10,5,44,39,5,0.1282051282051282,0.8216241962371993
IXMtest_G01_s2_w1FBE52723-8BDF-4346-89BB-216A4A69ED1C,exact_task,poisson,-6.0,50,1,0.701859533269788,0.8360385616890122,0.8395061728395061,34,8,5,42,39,3,0.07692307692307693,0.811738288280567
IXMtest_G01_s2_w1FBE52723-8BDF-4346-89BB-216A4A69ED1C,exact_task,poisson,-6.0,50,2,0.6996009227759097,0.8195325095374941,0.8536585365853658,35,8,4,43,39,4,0.10256410256410256,0.8370863186625725
IXMtest_G01_s2_w1FBE52723-8BDF-4346-89BB-216A4A69ED1C,exact_task,poisson,-6.0,50,3,0.671327415564662,0.8194143454686316,0.8192771084337349,34,10,5,44,39,5,0.1282051282051282,0.8179943638738058
IXMtest_G01_s2_w1FBE52723-8BDF-4346-89BB-216A4A69ED1C,exact_task,poisson,-6.0,200,0,0.7043880178013813,0.8217860207682782,0.8571428571428571,36,9,3,45,39,6,0.15384615384615385,0.8342620979352632
IXMtest_G01_s2_w1FBE52723-8BDF-4346-89BB-216A4A69ED1C,exact_task,poisson,-6.0,200,1,0.7324079136448336,0.8313819560292706,0.8809523809523809,37,8,2,45,39,6,0.15384615384615385,0.8518918559630436
IXMtest_G01_s2_w1FBE52723-8BDF-4346-89BB-216A4A69ED1C,exact_task,poisson,-6.0,200,2,0.744539373482576,0.8350914594466732,0.891566265060241,37,7,2,44,39,5,0.1282051282051282,0.8584497838544285
IXMtest_G01_s2_w1FBE52723-8BDF-4346-89BB-216A4A69ED1C,exact_task,poisson,-6.0,200,3,0.7112645968030353,0.8298086962702079,0.8571428571428571,36,9,3,45,39,6,0.15384615384615385,0.858442583049368
IXMtest_G01_s2_w1FBE52723-8BDF-4346-89BB-216A4A69ED1C,exact_task,poisson,6.0,50,0,0.6869138148830817,0.8118072357709147,0.8461538461538461,33,6,6,39,39,0,0.0,0.7848847596926926
IXMtest_G01_s2_w1FBE52723-8BDF-4346-89BB-216A4A69ED1C,exact_task,poisson,6.0,50,1,0.6726095439047781,0.8209792962367144,0.8192771084337349,34,10,5,44,39,5,0.1282051282051282,0.8163019543077347
IXMtest_G01_s2_w1FBE52723-8BDF-4346-89BB-216A4A69ED1C,exact_task,poisson,6.0,50,2,0.6813651254063913,0.8304137465890393,0.8205128205128205,32,7,7,39,39,0,0.0,0.8068717195421242
IXMtest_G01_s2_w1FBE52723-8BDF-4346-89BB-216A4A69ED1C,exact_task,poisson,6.0,50,3,0.6724640554868844,0.8300728184916228,0.810126582278481,32,8,7,40,39,1,0.02564102564102564,0.7841103526132895
IXMtest_G01_s2_w1FBE52723-8BDF-4346-89BB-216A4A69ED1C,exact_task,poisson,6.0,200,0,0.7192562691216902,0.8261727415586981,0.8705882352941177,37,9,2,46,39,7,0.1794871794871795,0.8474841980620736
IXMtest_G01_s2_w1FBE52723-8BDF-4346-89BB-216A4A69ED1C,exact_task,poisson,6.0,200,1,0.7266129213129842,0.8248038566255496,0.8809523809523809,37,8,2,45,39,6,0.15384615384615385,0.8519858013528899
IXMtest_G01_s2_w1FBE52723-8BDF-4346-89BB-216A4A69ED1C,exact_task,poisson,6.0,200,2,0.7394761537954073,0.8294124427705245,0.891566265060241,37,7,2,44,39,5,0.1282051282051282,0.8542521650278899
IXMtest_G01_s2_w1FBE52723-8BDF-4346-89BB-216A4A69ED1C,exact_task,poisson,6.0,200,3,0.7182281670504346,0.8249918135038775,0.8705882352941177,37,9,2,46,39,7,0.1794871794871795,0.8542974669841957
IXMtest_G01_s2_w1FBE52723-8BDF-4346-89BB-216A4A69ED1C,surrogate,deterministic,-6.0,100,-1,0.6145763611990507,0.8112407967827469,0.7575757575757576,25,2,14,27,39,12,0.3076923076923077,0.6752460596820842
IXMtest_G01_s2_w1FBE52723-8BDF-4346-89BB-216A4A69ED1C,surrogate,deterministic,-4.0,100,-1,0.7168500065180367,0.8328110369841897,0.8607594936708861,34,6,5,40,39,1,0.02564102564102564,0.8320435442663013
IXMtest_G01_s2_w1FBE52723-8BDF-4346-89BB-216A4A69ED1C,surrogate,deterministic,-2.0,100,-1,0.7388435247122002,0.8486716162234732,0.8705882352941177,37,9,2,46,39,7,0.1794871794871795,0.8644339751467978
IXMtest_G01_s2_w1FBE52723-8BDF-4346-89BB-216A4A69ED1C,surrogate,deterministic,0.0,100,-1,0.7501130519439096,0.8514796805849785,0.8809523809523809,37,8,2,45,39,6,0.15384615384615385,0.8642949459220461
IXMtest_G01_s2_w1FBE52723-8BDF-4346-89BB-216A4A69ED1C,surrogate,deterministic,2.0,100,-1,0.7393333505995043,0.8492342540669983,0.8705882352941177,37,9,2,46,39,7,0.1794871794871795,0.8647403184789473
IXMtest_G01_s2_w1FBE52723-8BDF-4346-89BB-216A4A69ED1C,surrogate,deterministic,4.0,100,-1,0.7167713792681789,0.8327196906203843,0.8607594936708861,34,6,5,40,39,1,0.02564102564102564,0.8319256130992072
IXMtest_G01_s2_w1FBE52723-8BDF-4346-89BB-216A4A69ED1C,surrogate,deterministic,6.0,100,-1,0.614848379223799,0.8115998605754146,0.7575757575757576,25,2,14,27,39,12,0.3076923076923077,0.675543600089666
IXMtest_G01_s2_w1FBE52723-8BDF-4346-89BB-216A4A69ED1C,surrogate,poisson,-6.0,50,0,0.7341018181157277,0.8233844716703433,0.891566265060241,37,7,2,44,39,5,0.1282051282051282,0.8429016168446423
IXMtest_G01_s2_w1FBE52723-8BDF-4346-89BB-216A4A69ED1C,surrogate,poisson,-6.0,50,1,0.7173406634904851,0.8269343759681981,0.8674698795180723,36,8,3,44,39,5,0.1282051282051282,0.8313139788555127
IXMtest_G01_s2_w1FBE52723-8BDF-4346-89BB-216A4A69ED1C,surrogate,poisson,-6.0,50,2,0.7219051592319877,0.8250344676937003,0.875,35,6,4,41,39,2,0.05128205128205128,0.8206403589627645
IXMtest_G01_s2_w1FBE52723-8BDF-4346-89BB-216A4A69ED1C,surrogate,poisson,-6.0,50,3,0.697451074762564,0.8269777029327544,0.8433734939759037,35,9,4,44,39,5,0.1282051282051282,0.8268453196636723
IXMtest_G01_s2_w1FBE52723-8BDF-4346-89BB-216A4A69ED1C,surrogate,poisson,-6.0,200,0,0.7214680603678758,0.8451482992880831,0.8536585365853658,35,8,4,43,39,4,0.10256410256410256,0.8347331253642316
IXMtest_G01_s2_w1FBE52723-8BDF-4346-89BB-216A4A69ED1C,surrogate,poisson,-6.0,200,1,0.7390293691586713,0.8416723370973757,0.8780487804878049,36,7,3,43,39,4,0.10256410256410256,0.8480522129308586
IXMtest_G01_s2_w1FBE52723-8BDF-4346-89BB-216A4A69ED1C,surrogate,poisson,-6.0,200,2,0.7446298186383814,0.8351929046889953,0.891566265060241,37,7,2,44,39,5,0.1282051282051282,0.8683444790443616
IXMtest_G01_s2_w1FBE52723-8BDF-4346-89BB-216A4A69ED1C,surrogate,poisson,-6.0,200,3,0.7300006377568414,0.8415285129696922,0.8674698795180723,36,8,3,44,39,5,0.1282051282051282,0.8549964226091105
IXMtest_G01_s2_w1FBE52723-8BDF-4346-89BB-216A4A69ED1C,surrogate,poisson,6.0,50,0,0.7048538006785081,0.8292397655041273,0.85,34,7,5,41,39,2,0.05128205128205128,0.8223674004102529
IXMtest_G01_s2_w1FBE52723-8BDF-4346-89BB-216A4A69ED1C,surrogate,poisson,6.0,50,1,0.6986095367662781,0.8321672423245372,0.8395061728395061,34,8,5,42,39,3,0.07692307692307693,0.8183230349684145
IXMtest_G01_s2_w1FBE52723-8BDF-4346-89BB-216A4A69ED1C,surrogate,poisson,6.0,50,2,0.6999463556832737,0.819937159514692,0.8536585365853658,35,8,4,43,39,4,0.10256410256410256,0.8153108408974139
IXMtest_G01_s2_w1FBE52723-8BDF-4346-89BB-216A4A69ED1C,surrogate,poisson,6.0,50,3,0.6987161611518773,0.8257554631794913,0.8461538461538461,33,6,6,39,39,0,0.0,0.8127313625816964
IXMtest_G01_s2_w1FBE52723-8BDF-4346-89BB-216A4A69ED1C,surrogate,poisson,6.0,200,0,0.7259524465829711,0.8400306881888665,0.8641975308641975,35,7,4,42,39,3,0.07692307692307693,0.836994179600887
IXMtest_G01_s2_w1FBE52723-8BDF-4346-89BB-216A4A69ED1C,surrogate,poisson,6.0,200,1,0.7253385557225599,0.8393203287646764,0.8641975308641975,35,7,4,42,39,3,0.07692307692307693,0.8306336929000034
IXMtest_G01_s2_w1FBE52723-8BDF-4346-89BB-216A4A69ED1C,surrogate,poisson,6.0,200,2,0.7366828013967146,0.8362345313151895,0.8809523809523809,37,8,2,45,39,6,0.15384615384615385,0.855112248850565
IXMtest_G01_s2_w1FBE52723-8BDF-4346-89BB-216A4A69ED1C,surrogate,poisson,6.0,200,3,0.7262727692662855,0.8342322349680306,0.8705882352941177,37,9,2,46,39,7,0.1794871794871795,0.8539636045317577
IXMtest_G06_s7_w19444140C-EF22-42DE-863A-514D836BE850,clear,deterministic,-6.0,100,-1,0.4950241407313284,0.8298934124025211,0.5964912280701754,34,24,22,58,56,2,0.03571428571428571,0.6518698692611736
IXMtest_G06_s7_w19444140C-EF22-42DE-863A-514D836BE850,clear,deterministic,-4.0,100,-1,0.5547170832568438,0.8382391480325638,0.6617647058823529,45,35,11,80,56,24,0.42857142857142855,0.8179157265686932
IXMtest_G06_s7_w19444140C-EF22-42DE-863A-514D836BE850,clear,deterministic,-2.0,100,-1,0.5701859049088165,0.8492130498641948,0.6714285714285714,47,37,9,84,56,28,0.5,0.8634825485835831
IXMtest_G06_s7_w19444140C-EF22-42DE-863A-514D836BE850,clear,deterministic,0.0,100,-1,0.5661050269332405,0.8491575403998607,0.6666666666666666,47,38,9,85,56,29,0.5178571428571429,0.8542132271833485
IXMtest_G06_s7_w19444140C-EF22-42DE-863A-514D836BE850,clear,deterministic,2.0,100,-1,0.5701859049088165,0.8492130498641948,0.6714285714285714,47,37,9,84,56,28,0.5,0.8634825485835831
IXMtest_G06_s7_w19444140C-EF22-42DE-863A-514D836BE850,clear,deterministic,4.0,100,-1,0.5547170832568438,0.8382391480325638,0.6617647058823529,45,35,11,80,56,24,0.42857142857142855,0.8179157265686932
IXMtest_G06_s7_w19444140C-EF22-42DE-863A-514D836BE850,clear,deterministic,6.0,100,-1,0.4950241407313284,0.8298934124025211,0.5964912280701754,34,24,22,58,56,2,0.03571428571428571,0.6518698692611736
IXMtest_G06_s7_w19444140C-EF22-42DE-863A-514D836BE850,clear,poisson,-6.0,50,0,0.5173494424431563,0.7990174722177635,0.6474820143884892,45,38,11,83,56,27,0.48214285714285715,0.813951316109025
IXMtest_G06_s7_w19444140C-EF22-42DE-863A-514D836BE850,clear,poisson,-6.0,50,1,0.5706526810482466,0.812559795840438,0.7022900763358778,46,29,10,75,56,19,0.3392857142857143,0.8124292918640103
IXMtest_G06_s7_w19444140C-EF22-42DE-863A-514D836BE850,clear,poisson,-6.0,50,2,0.532514487333512,0.798771731000268,0.6666666666666666,44,32,12,76,56,20,0.35714285714285715,0.7841084787431216
IXMtest_G06_s7_w19444140C-EF22-42DE-863A-514D836BE850,clear,poisson,-6.0,50,3,0.5581193810359462,0.7896795497636259,0.706766917293233,47,30,9,77,56,21,0.375,0.8020042866245728
IXMtest_G06_s7_w19444140C-EF22-42DE-863A-514D836BE850,clear,poisson,-6.0,200,0,0.5590676266561874,0.8148113282116773,0.6861313868613139,47,34,9,81,56,25,0.44642857142857145,0.8302639252055155
IXMtest_G06_s7_w19444140C-EF22-42DE-863A-514D836BE850,clear,poisson,-6.0,200,1,0.5785171019894522,0.8195658944850571,0.7058823529411765,48,32,8,80,56,24,0.42857142857142855,0.8348412705807811
IXMtest_G06_s7_w19444140C-EF22-42DE-863A-514D836BE850,clear,poisson,-6.0,200,2,0.5689243119955938,0.817828698493666,0.6956521739130435,48,34,8,82,56,26,0.4642857142857143,0.8382289859937708
IXMtest_G06_s7_w19444140C-EF22-42DE-863A-514D836BE850,clear,poisson,-6.0,200,3,0.5605965331002791,0.8170396280291302,0.6861313868613139,47,34,9,81,56,25,0.44642857142857145,0.8217606029175271
IXMtest_G06_s7_w19444140C-EF22-42DE-863A-514D836BE850,clear,poisson,6.0,50,0,0.5415342111150219,0.7887563509718796,0.6865671641791045,46,32,10,78,56,22,0.39285714285714285,0.7942363222611057
IXMtest_G06_s7_w19444140C-EF22-42DE-863A-514D836BE850,clear,poisson,6.0,50,1,0.5279548066831972,0.8099306693435412,0.6518518518518519,44,35,12,79,56,23,0.4107142857142857,0.7947938438153145
IXMtest_G06_s7_w19444140C-EF22-42DE-863A-514D836BE850,clear,poisson,6.0,50,2,0.5457507171547282,0.7889657106693354,0.6917293233082706,46,31,10,77,56,21,0.375,0.8133339637807934
IXMtest_G06_s7_w19444140C-EF22-42DE-863A-514D836BE850,clear,poisson,6.0,50,3,0.5142023742872304,0.8005196054244382,0.6423357664233577,44,37,12,81,56,25,0.44642857142857145,0.7971470407633083
IXMtest_G06_s7_w19444140C-EF22-42DE-863A-514D836BE850,clear,poisson,6.0,200,0,0.5645721018159083,0.8228338079657388,0.6861313868613139,47,34,9,81,56,25,0.44642857142857145,0.8428475486903962
IXMtest_G06_s7_w19444140C-EF22-42DE-863A-514D836BE850,clear,poisson,6.0,200,1,0.5485501881089574,0.8168627801187734,0.6715328467153284,46,35,10,81,56,25,0.44642857142857145,0.8254425070067528
IXMtest_G06_s7_w19444140C-EF22-42DE-863A-514D836BE850,clear,poisson,6.0,200,2,0.5569641019637129,0.8176707028828978,0.6811594202898551,47,35,9,82,56,26,0.4642857142857143,0.822701209242473
IXMtest_G06_s7_w19444140C-EF22-42DE-863A-514D836BE850,clear,poisson,6.0,200,3,0.5588656023329259,0.8261491512747601,0.6764705882352942,46,34,10,80,56,24,0.42857142857142855,0.8295620472786616
IXMtest_G06_s7_w19444140C-EF22-42DE-863A-514D836BE850,cubic,deterministic,-6.0,100,-1,0.4950241407313284,0.8298934124025211,0.5964912280701754,34,24,22,58,56,2,0.03571428571428571,0.6518698692611736
IXMtest_G06_s7_w19444140C-EF22-42DE-863A-514D836BE850,cubic,deterministic,-4.0,100,-1,0.5547170832568438,0.8382391480325638,0.6617647058823529,45,35,11,80,56,24,0.42857142857142855,0.8179157265686932
IXMtest_G06_s7_w19444140C-EF22-42DE-863A-514D836BE850,cubic,deterministic,-2.0,100,-1,0.5701859049088165,0.8492130498641948,0.6714285714285714,47,37,9,84,56,28,0.5,0.8634825485835831
IXMtest_G06_s7_w19444140C-EF22-42DE-863A-514D836BE850,cubic,deterministic,0.0,100,-1,0.5661050269332405,0.8491575403998607,0.6666666666666666,47,38,9,85,56,29,0.5178571428571429,0.8542132271833485
IXMtest_G06_s7_w19444140C-EF22-42DE-863A-514D836BE850,cubic,deterministic,2.0,100,-1,0.5701859049088165,0.8492130498641948,0.6714285714285714,47,37,9,84,56,28,0.5,0.8634825485835831
IXMtest_G06_s7_w19444140C-EF22-42DE-863A-514D836BE850,cubic,deterministic,4.0,100,-1,0.5547170832568438,0.8382391480325638,0.6617647058823529,45,35,11,80,56,24,0.42857142857142855,0.8179157265686932
IXMtest_G06_s7_w19444140C-EF22-42DE-863A-514D836BE850,cubic,deterministic,6.0,100,-1,0.4950241407313284,0.8298934124025211,0.5964912280701754,34,24,22,58,56,2,0.03571428571428571,0.6518698692611736
IXMtest_G06_s7_w19444140C-EF22-42DE-863A-514D836BE850,cubic,poisson,-6.0,50,0,0.5173494424431563,0.7990174722177635,0.6474820143884892,45,38,11,83,56,27,0.48214285714285715,0.813951316109025
IXMtest_G06_s7_w19444140C-EF22-42DE-863A-514D836BE850,cubic,poisson,-6.0,50,1,0.5706526810482466,0.812559795840438,0.7022900763358778,46,29,10,75,56,19,0.3392857142857143,0.8124292918640103
IXMtest_G06_s7_w19444140C-EF22-42DE-863A-514D836BE850,cubic,poisson,-6.0,50,2,0.532514487333512,0.798771731000268,0.6666666666666666,44,32,12,76,56,20,0.35714285714285715,0.7841084787431216
IXMtest_G06_s7_w19444140C-EF22-42DE-863A-514D836BE850,cubic,poisson,-6.0,50,3,0.5581193810359462,0.7896795497636259,0.706766917293233,47,30,9,77,56,21,0.375,0.8020042866245728
IXMtest_G06_s7_w19444140C-EF22-42DE-863A-514D836BE850,cubic,poisson,-6.0,200,0,0.5590676266561874,0.8148113282116773,0.6861313868613139,47,34,9,81,56,25,0.44642857142857145,0.8302639252055155
IXMtest_G06_s7_w19444140C-EF22-42DE-863A-514D836BE850,cubic,poisson,-6.0,200,1,0.5785171019894522,0.8195658944850571,0.7058823529411765,48,32,8,80,56,24,0.42857142857142855,0.8348412705807811
IXMtest_G06_s7_w19444140C-EF22-42DE-863A-514D836BE850,cubic,poisson,-6.0,200,2,0.5689243119955938,0.817828698493666,0.6956521739130435,48,34,8,82,56,26,0.4642857142857143,0.8382289859937708
IXMtest_G06_s7_w19444140C-EF22-42DE-863A-514D836BE850,cubic,poisson,-6.0,200,3,0.5605965331002791,0.8170396280291302,0.6861313868613139,47,34,9,81,56,25,0.44642857142857145,0.8217606029175271
IXMtest_G06_s7_w19444140C-EF22-42DE-863A-514D836BE850,cubic,poisson,6.0,50,0,0.5415342111150219,0.7887563509718796,0.6865671641791045,46,32,10,78,56,22,0.39285714285714285,0.7942363222611057
IXMtest_G06_s7_w19444140C-EF22-42DE-863A-514D836BE850,cubic,poisson,6.0,50,1,0.5279548066831972,0.8099306693435412,0.6518518518518519,44,35,12,79,56,23,0.4107142857142857,0.7947938438153145
IXMtest_G06_s7_w19444140C-EF22-42DE-863A-514D836BE850,cubic,poisson,6.0,50,2,0.5457507171547282,0.7889657106693354,0.6917293233082706,46,31,10,77,56,21,0.375,0.8133339637807934
IXMtest_G06_s7_w19444140C-EF22-42DE-863A-514D836BE850,cubic,poisson,6.0,50,3,0.5142023742872304,0.8005196054244382,0.6423357664233577,44,37,12,81,56,25,0.44642857142857145,0.7971470407633083
IXMtest_G06_s7_w19444140C-EF22-42DE-863A-514D836BE850,cubic,poisson,6.0,200,0,0.5645721018159083,0.8228338079657388,0.6861313868613139,47,34,9,81,56,25,0.44642857142857145,0.8428475486903962
IXMtest_G06_s7_w19444140C-EF22-42DE-863A-514D836BE850,cubic,poisson,6.0,200,1,0.5485501881089574,0.8168627801187734,0.6715328467153284,46,35,10,81,56,25,0.44642857142857145,0.8254425070067528
IXMtest_G06_s7_w19444140C-EF22-42DE-863A-514D836BE850,cubic,poisson,6.0,200,2,0.5569641019637129,0.8176707028828978,0.6811594202898551,47,35,9,82,56,26,0.4642857142857143,0.822701209242473
IXMtest_G06_s7_w19444140C-EF22-42DE-863A-514D836BE850,cubic,poisson,6.0,200,3,0.5588656023329259,0.8261491512747601,0.6764705882352942,46,34,10,80,56,24,0.42857142857142855,0.8295620472786616
IXMtest_G06_s7_w19444140C-EF22-42DE-863A-514D836BE850,image_fidelity,deterministic,-6.0,100,-1,0.5053000344035726,0.8301357708058692,0.6086956521739131,35,24,21,59,56,3,0.05357142857142857,0.6612126696832579
IXMtest_G06_s7_w19444140C-EF22-42DE-863A-514D836BE850,image_fidelity,deterministic,-4.0,100,-1,0.5476695758500867,0.8336747987940207,0.656934306569343,45,36,11,81,56,25,0.44642857142857145,0.8181402578403584
IXMtest_G06_s7_w19444140C-EF22-42DE-863A-514D836BE850,image_fidelity,deterministic,-2.0,100,-1,0.5701165413883432,0.8491097424932772,0.6714285714285714,47,37,9,84,56,28,0.5,0.8634280299367615
IXMtest_G06_s7_w19444140C-EF22-42DE-863A-514D836BE850,image_fidelity,deterministic,0.0,100,-1,0.5662184316836529,0.8493276475254794,0.6666666666666666,47,38,9,85,56,29,0.5178571428571429,0.8542953612400721
IXMtest_G06_s7_w19444140C-EF22-42DE-863A-514D836BE850,image_fidelity,deterministic,2.0,100,-1,0.5700207520657018,0.8489670775446623,0.6714285714285714,47,37,9,84,56,28,0.5,0.8632873692149999
IXMtest_G06_s7_w19444140C-EF22-42DE-863A-514D836BE850,image_fidelity,deterministic,4.0,100,-1,0.5545772407660945,0.8380278304909873,0.6617647058823529,45,35,11,80,56,24,0.42857142857142855,0.8179193689389472
IXMtest_G06_s7_w19444140C-EF22-42DE-863A-514D836BE850,image_fidelity,deterministic,6.0,100,-1,0.49447498841461707,0.8289727746950932,0.5964912280701754,34,24,22,58,56,2,0.03571428571428571,0.6514281543477203
IXMtest_G06_s7_w19444140C-EF22-42DE-863A-514D836BE850,image_fidelity,poisson,-6.0,50,0,0.539534714097818,0.7975730556228614,0.6764705882352942,46,34,10,80,56,24,0.42857142857142855,0.8137931034482758
IXMtest_G06_s7_w19444140C-EF22-42DE-863A-514D836BE850,image_fidelity,poisson,-6.0,50,1,0.505382993893014,0.8122226687566296,0.6222222222222222,42,37,14,79,56,23,0.4107142857142857,0.77811409064975
IXMtest_G06_s7_w19444140C-EF22-42DE-863A-514D836BE850,image_fidelity,poisson,-6.0,50,2,0.536374661597068,0.8045619923956021,0.6666666666666666,44,32,12,76,56,20,0.35714285714285715,0.7834193279832722
IXMtest_G06_s7_w19444140C-EF22-42DE-863A-514D836BE850,image_fidelity,poisson,-6.0,50,3,0.5668203843661951,0.795960539748274,0.7121212121212122,47,29,9,76,56,20,0.35714285714285715,0.7876140035563374
IXMtest_G06_s7_w19444140C-EF22-42DE-863A-514D836BE850,image_fidelity,poisson,-6.0,200,0,0.5528549547494316,0.8175195607464999,0.6762589928057554,47,36,9,83,56,27,0.48214285714285715,0.8328182913052814
IXMtest_G06_s7_w19444140C-EF22-42DE-863A-514D836BE850,image_fidelity,poisson,-6.0,200,1,0.5411513133811622,0.8176090495650168,0.6618705035971223,46,37,10,83,56,27,0.48214285714285715,0.8180261430446943
IXMtest_G06_s7_w19444140C-EF22-42DE-863A-514D836BE850,image_fidelity,poisson,-6.0,200,2,0.5401657624928972,0.8102486437393458,0.6666666666666666,46,36,10,82,56,26,0.4642857142857143,0.8228490028490029
IXMtest_G06_s7_w19444140C-EF22-42DE-863A-514D836BE850,image_fidelity,poisson,-6.0,200,3,0.5605860516213,0.8170243518310437,0.6861313868613139,47,34,9,81,56,25,0.44642857142857145,0.8242046726949387
IXMtest_G06_s7_w19444140C-EF22-42DE-863A-514D836BE850,image_fidelity,poisson,6.0,50,0,0.552020005007037,0.8100293551733695,0.6814814814814815,46,33,10,79,56,23,0.4107142857142857,0.8213084394723913
IXMtest_G06_s7_w19444140C-EF22-42DE-863A-514D836BE850,image_fidelity,poisson,6.0,50,1,0.546560616890696,0.7955493423631242,0.6870229007633588,45,30,11,75,56,19,0.3392857142857143,0.7947399857043543
IXMtest_G06_s7_w19444140C-EF22-42DE-863A-514D836BE850,image_fidelity,poisson,6.0,50,2,0.5183975908333109,0.8017079021026785,0.6466165413533834,43,34,13,77,56,21,0.375,0.7914928140936486
IXMtest_G06_s7_w19444140C-EF22-42DE-863A-514D836BE850,image_fidelity,poisson,6.0,50,3,0.5427669201253679,0.7905518184434707,0.6865671641791045,46,32,10,78,56,22,0.39285714285714285,0.7925030646644192
IXMtest_G06_s7_w19444140C-EF22-42DE-863A-514D836BE850,image_fidelity,poisson,6.0,200,0,0.5637054550030017,0.8155738497915769,0.6911764705882353,47,33,9,80,56,24,0.42857142857142855,0.8344713116300124
IXMtest_G06_s7_w19444140C-EF22-42DE-863A-514D836BE850,image_fidelity,poisson,6.0,200,1,0.5773450222581128,0.8239194588475152,0.7007299270072993,48,33,8,81,56,25,0.44642857142857145,0.8421524579904539
IXMtest_G06_s7_w19444140C-EF22-42DE-863A-514D836BE850,image_fidelity,poisson,6.0,200,2,0.5545342288830958,0.8141034424028427,0.6811594202898551,47,35,9,82,56,26,0.4642857142857143,0.8314284629404617
IXMtest_G06_s7_w19444140C-EF22-42DE-863A-514D836BE850,image_fidelity,poisson,6.0,200,3,0.5690545097772075,0.8172591363821596,0.6962962962962963,47,32,9,79,56,23,0.4107142857142857,0.8176430861132513
IXMtest_G06_s7_w19444140C-EF22-42DE-863A-514D836BE850,exact_task,deterministic,-6.0,100,-1,0.5392869488690631,0.8089304233035947,0.6666666666666666,43,30,13,73,56,17,0.30357142857142855,0.7791868468009177
IXMtest_G06_s7_w19444140C-EF22-42DE-863A-514D836BE850,exact_task,deterministic,-4.0,100,-1,0.5544796143665718,0.8377463738799291,0.6618705035971223,46,37,10,83,56,27,0.48214285714285715,0.8466586234293617
IXMtest_G06_s7_w19444140C-EF22-42DE-863A-514D836BE850,exact_task,deterministic,-2.0,100,-1,0.566871971531598,0.8564696091618708,0.6618705035971223,46,37,10,83,56,27,0.48214285714285715,0.8586653629919335
IXMtest_G06_s7_w19444140C-EF22-42DE-863A-514D836BE850,exact_task,deterministic,0.0,100,-1,0.5722270783656795,0.8645604770959723,0.6618705035971223,46,37,10,83,56,27,0.48214285714285715,0.8632313284089577
IXMtest_G06_s7_w19444140C-EF22-42DE-863A-514D836BE850,exact_task,deterministic,2.0,100,-1,0.578977981195142,0.8561482913417524,0.6762589928057554,47,36,9,83,56,27,0.48214285714285715,0.8665057250613226
IXMtest_G06_s7_w19444140C-EF22-42DE-863A-514D836BE850,exact_task,deterministic,4.0,100,-1,0.5535688903477813,0.8363703886776261,0.6618705035971223,46,37,10,83,56,27,0.48214285714285715,0.847435395458105
IXMtest_G06_s7_w19444140C-EF22-42DE-863A-514D836BE850,exact_task,deterministic,6.0,100,-1,0.5298079861261845,0.8070330951456995,0.6564885496183206,43,32,13,75,56,19,0.3392857142857143,0.7831233014700482
IXMtest_G06_s7_w19444140C-EF22-42DE-863A-514D836BE850,exact_task,poisson,-6.0,50,0,0.5428260466052492,0.8079271391333942,0.671875,43,29,13,72,56,16,0.2857142857142857,0.7710192532204128
IXMtest_G06_s7_w19444140C-EF22-42DE-863A-514D836BE850,exact_task,poisson,-6.0,50,1,0.5368908742449265,0.7992352787055157,0.6717557251908397,44,31,12,75,56,19,0.3392857142857143,0.7862407862407862
IXMtest_G06_s7_w19444140C-EF22-42DE-863A-514D836BE850,exact_task,poisson,-6.0,50,2,0.529185410325293,0.7997915860598177,0.6616541353383458,44,33,12,77,56,21,0.375,0.7922611803712257
IXMtest_G06_s7_w19444140C-EF22-42DE-863A-514D836BE850,exact_task,poisson,-6.0,50,3,0.5206759839621098,0.7987642935782365,0.6518518518518519,44,35,12,79,56,23,0.4107142857142857,0.788187893081761
IXMtest_G06_s7_w19444140C-EF22-42DE-863A-514D836BE850,exact_task,poisson,-6.0,200,0,0.5736415813332959,0.8186343400277244,0.7007299270072993,48,33,8,81,56,25,0.44642857142857145,0.8442606228091326
IXMtest_G06_s7_w19444140C-EF22-42DE-863A-514D836BE850,exact_task,poisson,-6.0,200,1,0.5721065943523519,0.8164437856903355,0.7007299270072993,48,33,8,81,56,25,0.44642857142857145,0.8401564875588683
IXMtest_G06_s7_w19444140C-EF22-42DE-863A-514D836BE850,exact_task,poisson,-6.0,200,2,0.5755227582093687,0.8153239074632723,0.7058823529411765,48,32,8,80,56,24,0.42857142857142855,0.8468186419706798
IXMtest_G06_s7_w19444140C-EF22-42DE-863A-514D836BE850,exact_task,poisson,-6.0,200,3,0.5730361125650375,0.8118011594671365,0.7058823529411765,48,32,8,80,56,24,0.42857142857142855,0.8316365007541479
IXMtest_G06_s7_w19444140C-EF22-42DE-863A-514D836BE850,exact_task,poisson,6.0,50,0,0.5573726703578176,0.7886230335913802,0.706766917293233,47,30,9,77,56,21,0.375,0.7949593119672953
IXMtest_G06_s7_w19444140C-EF22-42DE-863A-514D836BE850,exact_task,poisson,6.0,50,1,0.5543633047480242,0.8069065880221241,0.6870229007633588,45,30,11,75,56,19,0.3392857142857143,0.7991810870095052
IXMtest_G06_s7_w19444140C-EF22-42DE-863A-514D836BE850,exact_task,poisson,6.0,50,2,0.527879266127002,0.7978175272146735,0.6616541353383458,44,33,12,77,56,21,0.375,0.8063934203635094
IXMtest_G06_s7_w19444140C-EF22-42DE-863A-514D836BE850,exact_task,poisson,6.0,50,3,0.5177774715432057,0.8145523637691896,0.6356589147286822,41,32,15,73,56,17,0.30357142857142855,0.7566907051282051
IXMtest_G06_s7_w19444140C-EF22-42DE-863A-514D836BE850,exact_task,poisson,6.0,200,0,0.5531671457051177,0.8120964479500664,0.6811594202898551,47,35,9,82,56,26,0.4642857142857143,0.8368049769482864
IXMtest_G06_s7_w19444140C-EF22-42DE-863A-514D836BE850,exact_task,poisson,6.0,200,1,0.5702987870840048,0.8138638940677986,0.7007299270072993,48,33,8,81,56,25,0.44642857142857145,0.8412901798471621
IXMtest_G06_s7_w19444140C-EF22-42DE-863A-514D836BE850,exact_task,poisson,6.0,200,2,0.5815929588741833,0.8178650984168202,0.7111111111111111,48,31,8,79,56,23,0.4107142857142857,0.8404628494990786
IXMtest_G06_s7_w19444140C-EF22-42DE-863A-514D836BE850,exact_task,poisson,6.0,200,3,0.558845941855791,0.8033410414176995,0.6956521739130435,48,34,8,82,56,26,0.4642857142857143,0.8299197575893609
IXMtest_G06_s7_w19444140C-EF22-42DE-863A-514D836BE850,surrogate,deterministic,-6.0,100,-1,0.5071772930433474,0.8171189721253929,0.6206896551724138,36,24,20,60,56,4,0.07142857142857142,0.6695814220183486
IXMtest_G06_s7_w19444140C-EF22-42DE-863A-514D836BE850,surrogate,deterministic,-4.0,100,-1,0.5425695468356971,0.8319399718147357,0.6521739130434783,45,37,11,82,56,26,0.4642857142857143,0.82839998793885
IXMtest_G06_s7_w19444140C-EF22-42DE-863A-514D836BE850,surrogate,deterministic,-2.0,100,-1,0.570587486064565,0.8498111494578628,0.6714285714285714,47,37,9,84,56,28,0.5,0.8638201551587379
IXMtest_G06_s7_w19444140C-EF22-42DE-863A-514D836BE850,surrogate,deterministic,0.0,100,-1,0.5748611234464294,0.8443272750619432,0.6808510638297872,48,37,8,85,56,29,0.5178571428571429,0.8554483949906434
IXMtest_G06_s7_w19444140C-EF22-42DE-863A-514D836BE850,surrogate,deterministic,2.0,100,-1,0.5707473099803791,0.8500491850771604,0.6714285714285714,47,37,9,84,56,28,0.5,0.8640394565059717
IXMtest_G06_s7_w19444140C-EF22-42DE-863A-514D836BE850,surrogate,deterministic,4.0,100,-1,0.5493641101337648,0.8362542565369531,0.656934306569343,45,36,11,81,56,25,0.44642857142857145,0.8281375703942075
IXMtest_G06_s7_w19444140C-EF22-42DE-863A-514D836BE850,surrogate,deterministic,6.0,100,-1,0.5053098573863296,0.8070921333253875,0.6260869565217392,36,23,20,59,56,3,0.05357142857142857,0.6603489590232037
IXMtest_G06_s7_w19444140C-EF22-42DE-863A-514D836BE850,surrogate,poisson,-6.0,50,0,0.5553325454294676,0.8088539248646593,0.6865671641791045,46,32,10,78,56,22,0.39285714285714285,0.8099051373660219
IXMtest_G06_s7_w19444140C-EF22-42DE-863A-514D836BE850,surrogate,poisson,-6.0,50,1,0.5555443366608436,0.7870211436028618,0.7058823529411765,48,32,8,80,56,24,0.42857142857142855,0.8085411773477985
IXMtest_G06_s7_w19444140C-EF22-42DE-863A-514D836BE850,surrogate,poisson,-6.0,50,2,0.5293534337242025,0.7999118554054615,0.6617647058823529,45,35,11,80,56,24,0.42857142857142855,0.8152758610978117
IXMtest_G06_s7_w19444140C-EF22-42DE-863A-514D836BE850,surrogate,poisson,-6.0,50,3,0.506631103276432,0.7961345908629647,0.6363636363636364,42,34,14,76,56,20,0.35714285714285715,0.7922336965599913
IXMtest_G06_s7_w19444140C-EF22-42DE-863A-514D836BE850,surrogate,poisson,-6.0,200,0,0.5619416788032732,0.8190001063409407,0.6861313868613139,47,34,9,81,56,25,0.44642857142857145,0.8256551101412742
IXMtest_G06_s7_w19444140C-EF22-42DE-863A-514D836BE850,surrogate,poisson,-6.0,200,1,0.5613708999063003,0.8181682264591823,0.6861313868613139,47,34,9,81,56,25,0.44642857142857145,0.8266864818089469
IXMtest_G06_s7_w19444140C-EF22-42DE-863A-514D836BE850,surrogate,poisson,-6.0,200,2,0.5716668482328583,0.8158162313323082,0.7007299270072993,48,33,8,81,56,25,0.44642857142857145,0.8287889402643501
IXMtest_G06_s7_w19444140C-EF22-42DE-863A-514D836BE850,surrogate,poisson,-6.0,200,3,0.5736042887565584,0.8126060757384578,0.7058823529411765,48,32,8,80,56,24,0.42857142857142855,0.8398495959293625
IXMtest_G06_s7_w19444140C-EF22-42DE-863A-514D836BE850,surrogate,poisson,6.0,50,0,0.5258799972194835,0.8007718139478499,0.6567164179104478,44,34,12,78,56,22,0.39285714285714285,0.8055558190943332
IXMtest_G06_s7_w19444140C-EF22-42DE-863A-514D836BE850,surrogate,poisson,6.0,50,1,0.5442755308116772,0.8043182844217008,0.6766917293233082,45,32,11,77,56,21,0.375,0.7975625487345854
IXMtest_G06_s7_w19444140C-EF22-42DE-863A-514D836BE850,surrogate,poisson,6.0,50,2,0.5242304606384479,0.8161315125848564,0.6423357664233577,44,37,12,81,56,25,0.44642857142857145,0.8060525547170166
IXMtest_G06_s7_w19444140C-EF22-42DE-863A-514D836BE850,surrogate,poisson,6.0,50,3,0.5467371501535068,0.7903917496784392,0.6917293233082706,46,31,10,77,56,21,0.375,0.7803833822489563
IXMtest_G06_s7_w19444140C-EF22-42DE-863A-514D836BE850,surrogate,poisson,6.0,200,0,0.5670253497867686,0.8150989403184798,0.6956521739130435,48,34,8,82,56,26,0.4642857142857143,0.8366605155734497
IXMtest_G06_s7_w19444140C-EF22-42DE-863A-514D836BE850,surrogate,poisson,6.0,200,1,0.5718041606205958,0.8160121875523085,0.7007299270072993,48,33,8,81,56,25,0.44642857142857145,0.828992518422681
IXMtest_G06_s7_w19444140C-EF22-42DE-863A-514D836BE850,surrogate,poisson,6.0,200,2,0.5517144725895464,0.815833103084542,0.6762589928057554,47,36,9,83,56,27,0.48214285714285715,0.830325861744208
IXMtest_G06_s7_w19444140C-EF22-42DE-863A-514D836BE850,surrogate,poisson,6.0,200,3,0.5558209179612449,0.8105721720268155,0.6857142857142857,48,36,8,84,56,28,0.5,0.8316802092089287
IXMtest_I03_s4_w1C724E24D-7AD5-4166-A810-DC75A825495D,clear,deterministic,-6.0,100,-1,0.32807192562578685,0.8292929231096279,0.3956043956043956,18,8,47,26,65,39,0.6,0.3883368239680347
IXMtest_I03_s4_w1C724E24D-7AD5-4166-A810-DC75A825495D,clear,deterministic,-4.0,100,-1,0.548758245132756,0.853623936873176,0.6428571428571429,45,30,20,75,65,10,0.15384615384615385,0.7944743394104892
IXMtest_I03_s4_w1C724E24D-7AD5-4166-A810-DC75A825495D,clear,deterministic,-2.0,100,-1,0.5969974021253478,0.8504396954804483,0.7019867549668874,53,33,12,86,65,21,0.3230769230769231,0.8653392263179478
IXMtest_I03_s4_w1C724E24D-7AD5-4166-A810-DC75A825495D,clear,deterministic,0.0,100,-1,0.633148601544355,0.8386442002912071,0.7549668874172185,57,29,8,86,65,21,0.3230769230769231,0.8722701512471573
IXMtest_I03_s4_w1C724E24D-7AD5-4166-A810-DC75A825495D,clear,deterministic,2.0,100,-1,0.5969974021253478,0.8504396954804483,0.7019867549668874,53,33,12,86,65,21,0.3230769230769231,0.8653392263179478
IXMtest_I03_s4_w1C724E24D-7AD5-4166-A810-DC75A825495D,clear,deterministic,4.0,100,-1,0.548758245132756,0.853623936873176,0.6428571428571429,45,30,20,75,65,10,0.15384615384615385,0.7944743394104892
IXMtest_I03_s4_w1C724E24D-7AD5-4166-A810-DC75A825495D,clear,deterministic,6.0,100,-1,0.32807192562578685,0.8292929231096279,0.3956043956043956,18,8,47,26,65,39,0.6,0.3883368239680347
IXMtest_I03_s4_w1C724E24D-7AD5-4166-A810-DC75A825495D,clear,poisson,-6.0,50,0,0.5604628842800586,0.8102343870570413,0.6917293233082706,46,22,19,68,65,3,0.046153846153846156,0.7780037149281455
IXMtest_I03_s4_w1C724E24D-7AD5-4166-A810-DC75A825495D,clear,poisson,-6.0,50,1,0.5666031085176542,0.789627736338433,0.7175572519083969,47,19,18,66,65,1,0.015384615384615385,0.744757453892672
IXMtest_I03_s4_w1C724E24D-7AD5-4166-A810-DC75A825495D,clear,poisson,-6.0,50,2,0.5277833626854579,0.7916750440281868,0.6666666666666666,46,27,19,73,65,8,0.12307692307692308,0.7553611793611794
IXMtest_I03_s4_w1C724E24D-7AD5-4166-A810-DC75A825495D,clear,poisson,-6.0,50,3,0.5587531374615874,0.795615880515956,0.7022900763358778,46,20,19,66,65,1,0.015384615384615385,0.7616737782787215
IXMtest_I03_s4_w1C724E24D-7AD5-4166-A810-DC75A825495D,clear,poisson,-6.0,200,0,0.6285264007342029,0.8419881972099699,0.7464788732394366,53,24,12,77,65,12,0.18461538461538463,0.8226357979707383
IXMtest_I03_s4_w1C724E24D-7AD5-4166-A810-DC75A825495D,clear,poisson,-6.0,200,1,0.6194237738691936,0.8316337704725284,0.7448275862068966,54,26,11,80,65,15,0.23076923076923078,0.8339327657075749
IXMtest_I03_s4_w1C724E24D-7AD5-4166-A810-DC75A825495D,clear,poisson,-6.0,200,2,0.628468107783384,0.828435232987188,0.7586206896551724,55,25,10,80,65,15,0.23076923076923078,0.8405140937636921
IXMtest_I03_s4_w1C724E24D-7AD5-4166-A810-DC75A825495D,clear,poisson,-6.0,200,3,0.6039786445938371,0.8362781232837745,0.7222222222222222,52,27,13,79,65,14,0.2153846153846154,0.8241385069309135
IXMtest_I03_s4_w1C724E24D-7AD5-4166-A810-DC75A825495D,clear,poisson,6.0,50,0,0.5689619431855227,0.7895798395227662,0.7205882352941176,49,22,16,71,65,6,0.09230769230769231,0.7830185917142439
IXMtest_I03_s4_w1C724E24D-7AD5-4166-A810-DC75A825495D,clear,poisson,6.0,50,1,0.5948126425560909,0.8193847627048191,0.725925925925926,49,21,16,70,65,5,0.07692307692307693,0.810025955616853
IXMtest_I03_s4_w1C724E24D-7AD5-4166-A810-DC75A825495D,clear,poisson,6.0,50,2,0.547437861052454,0.7973551454459655,0.6865671641791045,46,23,19,69,65,4,0.06153846153846154,0.7612618358435952
IXMtest_I03_s4_w1C724E24D-7AD5-4166-A810-DC75A825495D,clear,poisson,6.0,50,3,0.5630349261722029,0.7985903544687368,0.7050359712230215,49,25,16,74,65,9,0.13846153846153847,0.7925964266543977
IXMtest_I03_s4_w1C724E24D-7AD5-4166-A810-DC75A825495D,clear,poisson,6.0,200,0,0.6163680658997714,0.8315154096572388,0.7412587412587412,53,25,12,78,65,13,0.2,0.8209822214398873
IXMtest_I03_s4_w1C724E24D-7AD5-4166-A810-DC75A825495D,clear,poisson,6.0,200,1,0.6044639316553992,0.841508610735948,0.7183098591549296,51,26,14,77,65,12,0.18461538461538463,0.8286320841794351
IXMtest_I03_s4_w1C724E24D-7AD5-4166-A810-DC75A825495D,clear,poisson,6.0,200,2,0.624475172694832,0.842452355616613,0.7412587412587412,53,25,12,78,65,13,0.2,0.8247313722036287
IXMtest_I03_s4_w1C724E24D-7AD5-4166-A810-DC75A825495D,clear,poisson,6.0,200,3,0.6172640189539642,0.8385473465034986,0.7361111111111112,53,26,12,79,65,14,0.2153846153846154,0.8315190931554919
IXMtest_I03_s4_w1C724E24D-7AD5-4166-A810-DC75A825495D,cubic,deterministic,-6.0,100,-1,0.32807192562578685,0.8292929231096279,0.3956043956043956,18,8,47,26,65,39,0.6,0.3883368239680347
IXMtest_I03_s4_w1C724E24D-7AD5-4166-A810-DC75A825495D,cubic,deterministic,-4.0,100,-1,0.548758245132756,0.853623936873176,0.6428571428571429,45,30,20,75,65,10,0.15384615384615385,0.7944743394104892
IXMtest_I03_s4_w1C724E24D-7AD5-4166-A810-DC75A825495D,cubic,deterministic,-2.0,100,-1,0.5969974021253478,0.8504396954804483,0.7019867549668874,53,33,12,86,65,21,0.3230769230769231,0.8653392263179478
IXMtest_I03_s4_w1C724E24D-7AD5-4166-A810-DC75A825495D,cubic,deterministic,0.0,100,-1,0.633148601544355,0.8386442002912071,0.7549668874172185,57,29,8,86,65,21,0.3230769230769231,0.8722701512471573
IXMtest_I03_s4_w1C724E24D-7AD5-4166-A810-DC75A825495D,cubic,deterministic,2.0,100,-1,0.5969974021253478,0.8504396954804483,0.7019867549668874,53,33,12,86,65,21,0.3230769230769231,0.8653392263179478
IXMtest_I03_s4_w1C724E24D-7AD5-4166-A810-DC75A825495D,cubic,deterministic,4.0,100,-1,0.548758245132756,0.853623936873176,0.6428571428571429,45,30,20,75,65,10,0.15384615384615385,0.7944743394104892
IXMtest_I03_s4_w1C724E24D-7AD5-4166-A810-DC75A825495D,cubic,deterministic,6.0,100,-1,0.32807192562578685,0.8292929231096279,0.3956043956043956,18,8,47,26,65,39,0.6,0.3883368239680347
IXMtest_I03_s4_w1C724E24D-7AD5-4166-A810-DC75A825495D,cubic,poisson,-6.0,50,0,0.5604628842800586,0.8102343870570413,0.6917293233082706,46,22,19,68,65,3,0.046153846153846156,0.7780037149281455
IXMtest_I03_s4_w1C724E24D-7AD5-4166-A810-DC75A825495D,cubic,poisson,-6.0,50,1,0.5666031085176542,0.789627736338433,0.7175572519083969,47,19,18,66,65,1,0.015384615384615385,0.744757453892672
IXMtest_I03_s4_w1C724E24D-7AD5-4166-A810-DC75A825495D,cubic,poisson,-6.0,50,2,0.5277833626854579,0.7916750440281868,0.6666666666666666,46,27,19,73,65,8,0.12307692307692308,0.7553611793611794
IXMtest_I03_s4_w1C724E24D-7AD5-4166-A810-DC75A825495D,cubic,poisson,-6.0,50,3,0.5587531374615874,0.795615880515956,0.7022900763358778,46,20,19,66,65,1,0.015384615384615385,0.7616737782787215
IXMtest_I03_s4_w1C724E24D-7AD5-4166-A810-DC75A825495D,cubic,poisson,-6.0,200,0,0.6285264007342029,0.8419881972099699,0.7464788732394366,53,24,12,77,65,12,0.18461538461538463,0.8226357979707383
IXMtest_I03_s4_w1C724E24D-7AD5-4166-A810-DC75A825495D,cubic,poisson,-6.0,200,1,0.6194237738691936,0.8316337704725284,0.7448275862068966,54,26,11,80,65,15,0.23076923076923078,0.8339327657075749
IXMtest_I03_s4_w1C724E24D-7AD5-4166-A810-DC75A825495D,cubic,poisson,-6.0,200,2,0.628468107783384,0.828435232987188,0.7586206896551724,55,25,10,80,65,15,0.23076923076923078,0.8405140937636921
IXMtest_I03_s4_w1C724E24D-7AD5-4166-A810-DC75A825495D,cubic,poisson,-6.0,200,3,0.6039786445938371,0.8362781232837745,0.7222222222222222,52,27,13,79,65,14,0.2153846153846154,0.8241385069309135
IXMtest_I03_s4_w1C724E24D-7AD5-4166-A810-DC75A825495D,cubic,poisson,6.0,50,0,0.5689619431855227,0.7895798395227662,0.7205882352941176,49,22,16,71,65,6,0.09230769230769231,0.7830185917142439
IXMtest_I03_s4_w1C724E24D-7AD5-4166-A810-DC75A825495D,cubic,poisson,6.0,50,1,0.5948126425560909,0.8193847627048191,0.725925925925926,49,21,16,70,65,5,0.07692307692307693,0.810025955616853
IXMtest_I03_s4_w1C724E24D-7AD5-4166-A810-DC75A825495D,cubic,poisson,6.0,50,2,0.547437861052454,0.7973551454459655,0.6865671641791045,46,23,19,69,65,4,0.06153846153846154,0.7612618358435952
IXMtest_I03_s4_w1C724E24D-7AD5-4166-A810-DC75A825495D,cubic,poisson,6.0,50,3,0.5630349261722029,0.7985903544687368,0.7050359712230215,49,25,16,74,65,9,0.13846153846153847,0.7925964266543977
IXMtest_I03_s4_w1C724E24D-7AD5-4166-A810-DC75A825495D,cubic,poisson,6.0,200,0,0.6163680658997714,0.8315154096572388,0.7412587412587412,53,25,12,78,65,13,0.2,0.8209822214398873
IXMtest_I03_s4_w1C724E24D-7AD5-4166-A810-DC75A825495D,cubic,poisson,6.0,200,1,0.6044639316553992,0.841508610735948,0.7183098591549296,51,26,14,77,65,12,0.18461538461538463,0.8286320841794351
IXMtest_I03_s4_w1C724E24D-7AD5-4166-A810-DC75A825495D,cubic,poisson,6.0,200,2,0.624475172694832,0.842452355616613,0.7412587412587412,53,25,12,78,65,13,0.2,0.8247313722036287
IXMtest_I03_s4_w1C724E24D-7AD5-4166-A810-DC75A825495D,cubic,poisson,6.0,200,3,0.6172640189539642,0.8385473465034986,0.7361111111111112,53,26,12,79,65,14,0.2153846153846154,0.8315190931554919
IXMtest_I03_s4_w1C724E24D-7AD5-4166-A810-DC75A825495D,image_fidelity,deterministic,-6.0,100,-1,0.3280106244909817,0.8291379674633147,0.3956043956043956,18,8,47,26,65,39,0.6,0.3882906833405118
IXMtest_I03_s4_w1C724E24D-7AD5-4166-A810-DC75A825495D,image_fidelity,deterministic,-4.0,100,-1,0.5486807782721371,0.8535034328677689,0.6428571428571429,45,30,20,75,65,10,0.15384615384615385,0.7946949389074627
IXMtest_I03_s4_w1C724E24D-7AD5-4166-A810-DC75A825495D,image_fidelity,deterministic,-2.0,100,-1,0.5970547012888902,0.8505213197605889,0.7019867549668874,53,33,12,86,65,21,0.3230769230769231,0.8656063437086998
IXMtest_I03_s4_w1C724E24D-7AD5-4166-A810-DC75A825495D,image_fidelity,deterministic,0.0,100,-1,0.6332139597540035,0.8387307712531099,0.7549668874172185,57,29,8,86,65,21,0.3230769230769231,0.8724191452497835
IXMtest_I03_s4_w1C724E24D-7AD5-4166-A810-DC75A825495D,image_fidelity,deterministic,2.0,100,-1,0.5969876118264761,0.8504257489226216,0.7019867549668874,53,33,12,86,65,21,0.3230769230769231,0.8654978220853305
IXMtest_I03_s4_w1C724E24D-7AD5-4166-A810-DC75A825495D,image_fidelity,deterministic,4.0,100,-1,0.5487542285852315,0.85361768891036,0.6428571428571429,45,30,20,75,65,10,0.15384615384615385,0.7944293491883654
IXMtest_I03_s4_w1C724E24D-7AD5-4166-A810-DC75A825495D,image_fidelity,deterministic,6.0,100,-1,0.32450366747338194,0.8292871502097539,0.391304347826087,18,9,47,27,65,38,0.5846153846153846,0.39883744947036087
IXMtest_I03_s4_w1C724E24D-7AD5-4166-A810-DC75A825495D,image_fidelity,poisson,-6.0,50,0,0.5760569983738509,0.8040795602301669,0.7164179104477612,48,21,17,69,65,4,0.06153846153846154,0.7835765278104652
IXMtest_I03_s4_w1C724E24D-7AD5-4166-A810-DC75A825495D,image_fidelity,poisson,-6.0,50,1,0.6211015687939015,0.8122097438074097,0.7647058823529411,52,19,13,71,65,6,0.09230769230769231,0.7990083941920231
IXMtest_I03_s4_w1C724E24D-7AD5-4166-A810-DC75A825495D,image_fidelity,poisson,-6.0,50,2,0.5798696987419651,0.8047171329480332,0.7205882352941176,49,22,16,71,65,6,0.09230769230769231,0.8024221320884671
IXMtest_I03_s4_w1C724E24D-7AD5-4166-A810-DC75A825495D,image_fidelity,poisson,-6.0,50,3,0.5869656875197565,0.7924036781516713,0.7407407407407407,50,20,15,70,65,5,0.07692307692307693,0.7935080473966575
IXMtest_I03_s4_w1C724E24D-7AD5-4166-A810-DC75A825495D,image_fidelity,poisson,-6.0,200,0,0.6246702694161654,0.8271097085788116,0.7552447552447552,54,24,11,78,65,13,0.2,0.8184056575829384
IXMtest_I03_s4_w1C724E24D-7AD5-4166-A810-DC75A825495D,image_fidelity,poisson,-6.0,200,1,0.6273750181484165,0.8190729403604325,0.7659574468085106,54,22,11,76,65,11,0.16923076923076924,0.8195728343521693
IXMtest_I03_s4_w1C724E24D-7AD5-4166-A810-DC75A825495D,image_fidelity,poisson,-6.0,200,2,0.6017204485931661,0.8389371639039335,0.7172413793103448,52,28,13,80,65,15,0.23076923076923078,0.8374938097246932
IXMtest_I03_s4_w1C724E24D-7AD5-4166-A810-DC75A825495D,image_fidelity,poisson,-6.0,200,3,0.6168658897319301,0.8380064917113013,0.7361111111111112,53,26,12,79,65,14,0.2153846153846154,0.830844674637721
IXMtest_I03_s4_w1C724E24D-7AD5-4166-A810-DC75A825495D,image_fidelity,poisson,6.0,50,0,0.5552903689618311,0.7915841429881422,0.7014925373134329,47,22,18,69,65,4,0.06153846153846154,0.7613095296773494
IXMtest_I03_s4_w1C724E24D-7AD5-4166-A810-DC75A825495D,image_fidelity,poisson,6.0,50,1,0.5714509320330196,0.802463010939985,0.7121212121212122,47,20,18,67,65,2,0.03076923076923077,0.754534798243697
IXMtest_I03_s4_w1C724E24D-7AD5-4166-A810-DC75A825495D,image_fidelity,poisson,6.0,50,2,0.617339267342632,0.8210612255657006,0.7518796992481203,50,18,15,68,65,3,0.046153846153846156,0.8016288985771092
IXMtest_I03_s4_w1C724E24D-7AD5-4166-A810-DC75A825495D,image_fidelity,poisson,6.0,50,3,0.5572498696520038,0.8121620440672822,0.6861313868613139,47,25,18,72,65,7,0.1076923076923077,0.7824087936713384
IXMtest_I03_s4_w1C724E24D-7AD5-4166-A810-DC75A825495D,image_fidelity,poisson,6.0,200,0,0.6105253002533321,0.8309927697892575,0.7346938775510204,54,28,11,82,65,17,0.26153846153846155,0.8416503661920575
IXMtest_I03_s4_w1C724E24D-7AD5-4166-A810-DC75A825495D,image_fidelity,poisson,6.0,200,1,0.6372156574853146,0.8378205866936544,0.7605633802816901,54,23,11,77,65,12,0.18461538461538463,0.8392379710279938
IXMtest_I03_s4_w1C724E24D-7AD5-4166-A810-DC75A825495D,image_fidelity,poisson,6.0,200,2,0.5930866082423497,0.837298741048023,0.7083333333333334,51,28,14,79,65,14,0.2153846153846154,0.8362442985871621
IXMtest_I03_s4_w1C724E24D-7AD5-4166-A810-DC75A825495D,image_fidelity,poisson,6.0,200,3,0.6135110829374466,0.8376785940107444,0.7323943661971831,52,25,13,77,65,12,0.18461538461538463,0.8236853570137467
IXMtest_I03_s4_w1C724E24D-7AD5-4166-A810-DC75A825495D,exact_task,deterministic,-6.0,100,-1,0.5327942895324415,0.8191712201561288,0.6504065040650406,40,18,25,58,65,7,0.1076923076923077,0.7121943639774027
IXMtest_I03_s4_w1C724E24D-7AD5-4166-A810-DC75A825495D,exact_task,deterministic,-4.0,100,-1,0.5774412616190849,0.843064241963864,0.684931506849315,50,31,15,81,65,16,0.24615384615384617,0.8420216838543193
IXMtest_I03_s4_w1C724E24D-7AD5-4166-A810-DC75A825495D,exact_task,deterministic,-2.0,100,-1,0.6199369905984519,0.8552834407330493,0.7248322147651006,54,30,11,84,65,19,0.2923076923076923,0.8655905031341876
IXMtest_I03_s4_w1C724E24D-7AD5-4166-A810-DC75A825495D,exact_task,deterministic,0.0,100,-1,0.6328821313813949,0.8572676143257076,0.738255033557047,55,29,10,84,65,19,0.2923076923076923,0.8691316992106356
IXMtest_I03_s4_w1C724E24D-7AD5-4166-A810-DC75A825495D,exact_task,deterministic,2.0,100,-1,0.6183862866879417,0.8531440436713269,0.7248322147651006,54,30,11,84,65,19,0.2923076923076923,0.8645245974376513
IXMtest_I03_s4_w1C724E24D-7AD5-4166-A810-DC75A825495D,exact_task,deterministic,4.0,100,-1,0.5853642946773545,0.8436132482114814,0.6938775510204082,51,31,14,82,65,17,0.26153846153846155,0.8457930308413938
IXMtest_I03_s4_w1C724E24D-7AD5-4166-A810-DC75A825495D,exact_task,deterministic,6.0,100,-1,0.5294438506236531,0.8206379684666623,0.6451612903225806,40,19,25,59,65,6,0.09230769230769231,0.7100080452296197
IXMtest_I03_s4_w1C724E24D-7AD5-4166-A810-DC75A825495D,exact_task,poisson,-6.0,50,0,0.603668342795488,0.796842212490044,0.7575757575757576,50,17,15,67,65,2,0.03076923076923077,0.7771954367229523
IXMtest_I03_s4_w1C724E24D-7AD5-4166-A810-DC75A825495D,exact_task,poisson,-6.0,50,1,0.5562811455705686,0.8054487420240525,0.6906474820143885,48,26,17,74,65,9,0.13846153846153847,0.7828176052277532
IXMtest_I03_s4_w1C724E24D-7AD5-4166-A810-DC75A825495D,exact_task,poisson,-6.0,50,2,0.5039581616344565,0.79695709281728,0.6323529411764706,43,28,22,71,65,6,0.09230769230769231,0.7528558832173998
IXMtest_I03_s4_w1C724E24D-7AD5-4166-A810-DC75A825495D,exact_task,poisson,-6.0,50,3,0.5748695779478571,0.7977781898051893,0.7205882352941176,49,22,16,71,65,6,0.09230769230769231,0.7986583612841399
IXMtest_I03_s4_w1C724E24D-7AD5-4166-A810-DC75A825495D,exact_task,poisson,-6.0,200,0,0.6316684881578291,0.8234249934914557,0.7671232876712328,56,25,9,81,65,16,0.24615384615384617,0.8413857779220545
IXMtest_I03_s4_w1C724E24D-7AD5-4166-A810-DC75A825495D,exact_task,poisson,-6.0,200,1,0.6287816422318249,0.8231323316489344,0.7638888888888888,55,24,10,79,65,14,0.2153846153846154,0.8433579637261488
IXMtest_I03_s4_w1C724E24D-7AD5-4166-A810-DC75A825495D,exact_task,poisson,-6.0,200,2,0.6345041846492384,0.8040699581330866,0.7891156462585034,58,24,7,82,65,17,0.26153846153846155,0.8490566037735849
IXMtest_I03_s4_w1C724E24D-7AD5-4166-A810-DC75A825495D,exact_task,poisson,-6.0,200,3,0.6470561886426324,0.8173341330222724,0.7916666666666666,57,22,8,79,65,14,0.2153846153846154,0.8489680124251484
IXMtest_I03_s4_w1C724E24D-7AD5-4166-A810-DC75A825495D,exact_task,poisson,6.0,50,0,0.5517047658377606,0.7982111505737813,0.6911764705882353,47,24,18,71,65,6,0.09230769230769231,0.76103394387661
IXMtest_I03_s4_w1C724E24D-7AD5-4166-A810-DC75A825495D,exact_task,poisson,6.0,50,1,0.5495898219806308,0.7900353690971568,0.6956521739130435,48,25,17,73,65,8,0.12307692307692308,0.7933377079553788
IXMtest_I03_s4_w1C724E24D-7AD5-4166-A810-DC75A825495D,exact_task,poisson,6.0,50,2,0.5811834750723676,0.8034006861294491,0.723404255319149,51,25,14,76,65,11,0.16923076923076924,0.8148446954417103
IXMtest_I03_s4_w1C724E24D-7AD5-4166-A810-DC75A825495D,exact_task,poisson,6.0,50,3,0.5843547590870272,0.8064095675400975,0.7246376811594203,50,23,15,73,65,8,0.12307692307692308,0.8132538628852293
IXMtest_I03_s4_w1C724E24D-7AD5-4166-A810-DC75A825495D,exact_task,poisson,6.0,200,0,0.611746553162791,0.81029587304896,0.7549668874172185,57,29,8,86,65,21,0.3230769230769231,0.8552553719519196
IXMtest_I03_s4_w1C724E24D-7AD5-4166-A810-DC75A825495D,exact_task,poisson,6.0,200,1,0.6390602701479832,0.8184456091368907,0.7808219178082192,57,24,8,81,65,16,0.24615384615384617,0.8450732040107359
IXMtest_I03_s4_w1C724E24D-7AD5-4166-A810-DC75A825495D,exact_task,poisson,6.0,200,2,0.5843112930696777,0.8315199170606952,0.7027027027027027,52,31,13,83,65,18,0.27692307692307694,0.8424948002485076
IXMtest_I03_s4_w1C724E24D-7AD5-4166-A810-DC75A825495D,exact_task,poisson,6.0,200,3,0.6459555030022037,0.8074443787527547,0.8,58,22,7,80,65,15,0.23076923076923078,0.8395288386381401
IXMtest_I03_s4_w1C724E24D-7AD5-4166-A810-DC75A825495D,surrogate,deterministic,-6.0,100,-1,0.3496712904427803,0.8217275325405338,0.425531914893617,20,9,45,29,65,36,0.5538461538461539,0.42641662091484384
IXMtest_I03_s4_w1C724E24D-7AD5-4166-A810-DC75A825495D,surrogate,deterministic,-4.0,100,-1,0.561920034738795,0.8488579248181798,0.6619718309859155,47,30,18,77,65,12,0.18461538461538463,0.8138476328748847
IXMtest_I03_s4_w1C724E24D-7AD5-4166-A810-DC75A825495D,surrogate,deterministic,-2.0,100,-1,0.5982926021733777,0.8522847446054719,0.7019867549668874,53,33,12,86,65,21,0.3230769230769231,0.8673101438717902
IXMtest_I03_s4_w1C724E24D-7AD5-4166-A810-DC75A825495D,surrogate,deterministic,0.0,100,-1,0.6434049730825402,0.8409415876254253,0.7651006711409396,57,27,8,84,65,19,0.2923076923076923,0.8730862134723307
IXMtest_I03_s4_w1C724E24D-7AD5-4166-A810-DC75A825495D,surrogate,deterministic,2.0,100,-1,0.5983092767122318,0.8523084979579906,0.7019867549668874,53,33,12,86,65,21,0.3230769230769231,0.8672148913112768
IXMtest_I03_s4_w1C724E24D-7AD5-4166-A810-DC75A825495D,surrogate,deterministic,4.0,100,-1,0.5575076176813697,0.8481232907280412,0.6573426573426573,47,31,18,78,65,13,0.2,0.8181338544211041
IXMtest_I03_s4_w1C724E24D-7AD5-4166-A810-DC75A825495D,surrogate,deterministic,6.0,100,-1,0.3493927581824116,0.8210729817286673,0.425531914893617,20,9,45,29,65,36,0.5538461538461539,0.42623045576717433
IXMtest_I03_s4_w1C724E24D-7AD5-4166-A810-DC75A825495D,surrogate,poisson,-6.0,50,0,0.6076810952873436,0.7946598938372955,0.7647058823529411,52,19,13,71,65,6,0.09230769230769231,0.788044104652503
IXMtest_I03_s4_w1C724E24D-7AD5-4166-A810-DC75A825495D,surrogate,poisson,-6.0,50,1,0.5473857546617703,0.8094321265743198,0.6762589928057554,47,27,18,74,65,9,0.13846153846153847,0.7834215370455592
IXMtest_I03_s4_w1C724E24D-7AD5-4166-A810-DC75A825495D,surrogate,poisson,-6.0,50,2,0.5834921202227819,0.7951510265781048,0.7338129496402878,51,23,14,74,65,9,0.13846153846153847,0.7774272628798389
IXMtest_I03_s4_w1C724E24D-7AD5-4166-A810-DC75A825495D,surrogate,poisson,-6.0,50,3,0.6009239391335489,0.811247317830291,0.7407407407407407,50,20,15,70,65,5,0.07692307692307693,0.7853677319984598
IXMtest_I03_s4_w1C724E24D-7AD5-4166-A810-DC75A825495D,surrogate,poisson,-6.0,200,0,0.6045039072652063,0.8227969848887531,0.7346938775510204,54,28,11,82,65,17,0.26153846153846155,0.8314093226511289
IXMtest_I03_s4_w1C724E24D-7AD5-4166-A810-DC75A825495D,surrogate,poisson,-6.0,200,1,0.6106990193624211,0.8255746002491989,0.7397260273972602,54,27,11,81,65,16,0.24615384615384617,0.830555886749883
IXMtest_I03_s4_w1C724E24D-7AD5-4166-A810-DC75A825495D,surrogate,poisson,-6.0,200,2,0.6444422206492222,0.8319163212017231,0.7746478873239436,55,22,10,77,65,12,0.18461538461538463,0.8321194732582947
IXMtest_I03_s4_w1C724E24D-7AD5-4166-A810-DC75A825495D,surrogate,poisson,-6.0,200,3,0.6014122739869251,0.8340340026045093,0.7210884353741497,53,29,12,82,65,17,0.26153846153846155,0.8295103198562608
IXMtest_I03_s4_w1C724E24D-7AD5-4166-A810-DC75A825495D,surrogate,poisson,6.0,50,0,0.5532316057398017,0.7937670864962371,0.696969696969697,46,21,19,67,65,2,0.03076923076923077,0.7413192697115482
IXMtest_I03_s4_w1C724E24D-7AD5-4166-A810-DC75A825495D,surrogate,poisson,6.0,50,1,0.5596418479491605,0.7968813269710873,0.7022900763358778,46,20,19,66,65,1,0.015384615384615385,0.745201919232307
IXMtest_I03_s4_w1C724E24D-7AD5-4166-A810-DC75A825495D,surrogate,poisson,6.0,50,2,0.5891354284577434,0.7800589469394195,0.7552447552447552,54,24,11,78,65,13,0.2,0.8068711017744769
IXMtest_I03_s4_w1C724E24D-7AD5-4166-A810-DC75A825495D,surrogate,poisson,6.0,50,3,0.5622265655299882,0.8023441612250872,0.7007299270072993,48,24,17,72,65,7,0.1076923076923077,0.7840604155485701
IXMtest_I03_s4_w1C724E24D-7AD5-4166-A810-DC75A825495D,surrogate,poisson,6.0,200,0,0.6389878460785227,0.8306841999020794,0.7692307692307693,55,23,10,78,65,13,0.2,0.8417076004134537
IXMtest_I03_s4_w1C724E24D-7AD5-4166-A810-DC75A825495D,surrogate,poisson,6.0,200,1,0.6361463975158388,0.8364147078448992,0.7605633802816901,54,23,11,77,65,12,0.18461538461538463,0.8342862403903697
IXMtest_I03_s4_w1C724E24D-7AD5-4166-A810-DC75A825495D,surrogate,poisson,6.0,200,2,0.6448909603430919,0.8291455204411182,0.7777777777777778,56,23,9,79,65,14,0.2153846153846154,0.8426502547619482
IXMtest_I03_s4_w1C724E24D-7AD5-4166-A810-DC75A825495D,surrogate,poisson,6.0,200,3,0.6175496648907328,0.8331094535790076,0.7412587412587412,53,25,12,78,65,13,0.2,0.8357129714811408
IXMtest_I12_s1_w18A06F07F-CD8F-4056-B041-3967BE48AD78,clear,deterministic,-6.0,100,-1,0.4509948575516111,0.8076907903424309,0.5583756345177665,55,67,20,122,75,47,0.6266666666666667,0.7841358388566992
IXMtest_I12_s1_w18A06F07F-CD8F-4056-B041-3967BE48AD78,clear,deterministic,-4.0,100,-1,0.42009908767116905,0.810717537611028,0.5181818181818182,57,88,18,145,75,70,0.9333333333333333,0.849525311257843
IXMtest_I12_s1_w18A06F07F-CD8F-4056-B041-3967BE48AD78,clear,deterministic,-2.0,100,-1,0.4233986976285136,0.8207992296131711,0.5158371040723982,57,89,18,146,75,71,0.9466666666666667,0.854219351826635
IXMtest_I12_s1_w18A06F07F-CD8F-4056-B041-3967BE48AD78,clear,deterministic,0.0,100,-1,0.430612520628657,0.8272293159445253,0.5205479452054794,57,87,18,144,75,69,0.92,0.8539216576118668
IXMtest_I12_s1_w18A06F07F-CD8F-4056-B041-3967BE48AD78,clear,deterministic,2.0,100,-1,0.4233986976285136,0.8207992296131711,0.5158371040723982,57,89,18,146,75,71,0.9466666666666667,0.854219351826635
IXMtest_I12_s1_w18A06F07F-CD8F-4056-B041-3967BE48AD78,clear,deterministic,4.0,100,-1,0.42009908767116905,0.810717537611028,0.5181818181818182,57,88,18,145,75,70,0.9333333333333333,0.849525311257843
IXMtest_I12_s1_w18A06F07F-CD8F-4056-B041-3967BE48AD78,clear,deterministic,6.0,100,-1,0.4509948575516111,0.8076907903424309,0.5583756345177665,55,67,20,122,75,47,0.6266666666666667,0.7841358388566992
IXMtest_I12_s1_w18A06F07F-CD8F-4056-B041-3967BE48AD78,clear,poisson,-6.0,50,0,0.41661240204432554,0.7737087466537474,0.5384615384615384,56,77,19,133,75,58,0.7733333333333333,0.8009755851620304
IXMtest_I12_s1_w18A06F07F-CD8F-4056-B041-3967BE48AD78,clear,poisson,-6.0,50,1,0.41839031568392937,0.7670489120872038,0.5454545454545454,57,77,18,134,75,59,0.7866666666666666,0.8052410507178234
IXMtest_I12_s1_w18A06F07F-CD8F-4056-B041-3967BE48AD78,clear,poisson,-6.0,50,2,0.43562535610552594,0.7736105461873994,0.5631067961165048,58,73,17,131,75,56,0.7466666666666667,0.7944075702712851
IXMtest_I12_s1_w18A06F07F-CD8F-4056-B041-3967BE48AD78,clear,poisson,-6.0,50,3,0.4363568677184093,0.7786713070492305,0.5603864734299517,58,74,17,132,75,57,0.76,0.8003031259867383
IXMtest_I12_s1_w18A06F07F-CD8F-4056-B041-3967BE48AD78,clear,poisson,-6.0,200,0,0.42555520774737715,0.7951163092122047,0.5352112676056338,57,81,18,138,75,63,0.84,0.830745958211213
IXMtest_I12_s1_w18A06F07F-CD8F-4056-B041-3967BE48AD78,clear,poisson,-6.0,200,1,0.43842317263556657,0.7913909811133533,0.5539906103286385,59,79,16,138,75,63,0.84,0.8309542075939178
IXMtest_I12_s1_w18A06F07F-CD8F-4056-B041-3967BE48AD78,clear,poisson,-6.0,200,2,0.43138954221557585,0.7921204525165315,0.5446009389671361,58,80,17,138,75,63,0.84,0.8392415189620259
IXMtest_I12_s1_w18A06F07F-CD8F-4056-B041-3967BE48AD78,clear,poisson,-6.0,200,3,0.42833525404187106,0.784071312483425,0.5462962962962963,59,82,16,141,75,66,0.88,0.8341964375062544
IXMtest_I12_s1_w18A06F07F-CD8F-4056-B041-3967BE48AD78,clear,poisson,6.0,50,0,0.4216821569492198,0.7730839544069029,0.5454545454545454,57,77,18,134,75,59,0.7866666666666666,0.8030087903627839
IXMtest_I12_s1_w18A06F07F-CD8F-4056-B041-3967BE48AD78,clear,poisson,6.0,50,1,0.4281062604044149,0.7713293829700234,0.5550239234449761,58,76,17,134,75,59,0.7866666666666666,0.8109341979017076
IXMtest_I12_s1_w18A06F07F-CD8F-4056-B041-3967BE48AD78,clear,poisson,6.0,50,2,0.4398493361669894,0.7660709271575066,0.5741626794258373,60,74,15,134,75,59,0.7866666666666666,0.8071050994047656
IXMtest_I12_s1_w18A06F07F-CD8F-4056-B041-3967BE48AD78,clear,poisson,6.0,50,3,0.44763949219725424,0.7662981137614013,0.5841584158415841,59,68,16,127,75,52,0.6933333333333334,0.8013028488708008
IXMtest_I12_s1_w18A06F07F-CD8F-4056-B041-3967BE48AD78,clear,poisson,6.0,200,0,0.42786396628515494,0.8022449367846656,0.5333333333333333,56,79,19,135,75,60,0.8,0.8283460009060251
IXMtest_I12_s1_w18A06F07F-CD8F-4056-B041-3967BE48AD78,clear,poisson,6.0,200,1,0.42864401516462763,0.7907743038381924,0.5420560747663551,58,81,17,139,75,64,0.8533333333333334,0.8314688792501055
IXMtest_I12_s1_w18A06F07F-CD8F-4056-B041-3967BE48AD78,clear,poisson,6.0,200,2,0.42511163497655996,0.800879955179055,0.5308056872037915,56,80,19,136,75,61,0.8133333333333334,0.8367803382504461
IXMtest_I12_s1_w18A06F07F-CD8F-4056-B041-3967BE48AD78,clear,poisson,6.0,200,3,0.4364888042748036,0.784200224629308,0.5566037735849056,59,78,16,137,75,62,0.8266666666666667,0.8342518228725839
IXMtest_I12_s1_w18A06F07F-CD8F-4056-B041-3967BE48AD78,cubic,deterministic,-6.0,100,-1,0.4509948575516111,0.8076907903424309,0.5583756345177665,55,67,20,122,75,47,0.6266666666666667,0.7841358388566992
IXMtest_I12_s1_w18A06F07F-CD8F-4056-B041-3967BE48AD78,cubic,deterministic,-4.0,100,-1,0.42009908767116905,0.810717537611028,0.5181818181818182,57,88,18,145,75,70,0.9333333333333333,0.849525311257843
IXMtest_I12_s1_w18A06F07F-CD8F-4056-B041-3967BE48AD78,cubic,deterministic,-2.0,100,-1,0.4233986976285136,0.8207992296131711,0.5158371040723982,57,89,18,146,75,71,0.9466666666666667,0.854219351826635
IXMtest_I12_s1_w18A06F07F-CD8F-4056-B041-3967BE48AD78,cubic,deterministic,0.0,100,-1,0.430612520628657,0.8272293159445253,0.5205479452054794,57,87,18,144,75,69,0.92,0.8539216576118668
IXMtest_I12_s1_w18A06F07F-CD8F-4056-B041-3967BE48AD78,cubic,deterministic,2.0,100,-1,0.4233986976285136,0.8207992296131711,0.5158371040723982,57,89,18,146,75,71,0.9466666666666667,0.854219351826635
IXMtest_I12_s1_w18A06F07F-CD8F-4056-B041-3967BE48AD78,cubic,deterministic,4.0,100,-1,0.42009908767116905,0.810717537611028,0.5181818181818182,57,88,18,145,75,70,0.9333333333333333,0.849525311257843
IXMtest_I12_s1_w18A06F07F-CD8F-4056-B041-3967BE48AD78,cubic,deterministic,6.0,100,-1,0.4509948575516111,0.8076907903424309,0.5583756345177665,55,67,20,122,75,47,0.6266666666666667,0.7841358388566992
IXMtest_I12_s1_w18A06F07F-CD8F-4056-B041-3967BE48AD78,cubic,poisson,-6.0,50,0,0.41661240204432554,0.7737087466537474,0.5384615384615384,56,77,19,133,75,58,0.7733333333333333,0.8009755851620304
IXMtest_I12_s1_w18A06F07F-CD8F-4056-B041-3967BE48AD78,cubic,poisson,-6.0,50,1,0.41839031568392937,0.7670489120872038,0.5454545454545454,57,77,18,134,75,59,0.7866666666666666,0.8052410507178234
IXMtest_I12_s1_w18A06F07F-CD8F-4056-B041-3967BE48AD78,cubic,poisson,-6.0,50,2,0.43562535610552594,0.7736105461873994,0.5631067961165048,58,73,17,131,75,56,0.7466666666666667,0.7944075702712851
IXMtest_I12_s1_w18A06F07F-CD8F-4056-B041-3967BE48AD78,cubic,poisson,-6.0,50,3,0.4363568677184093,0.7786713070492305,0.5603864734299517,58,74,17,132,75,57,0.76,0.8003031259867383
IXMtest_I12_s1_w18A06F07F-CD8F-4056-B041-3967BE48AD78,cubic,poisson,-6.0,200,0,0.42555520774737715,0.7951163092122047,0.5352112676056338,57,81,18,138,75,63,0.84,0.830745958211213
IXMtest_I12_s1_w18A06F07F-CD8F-4056-B041-3967BE48AD78,cubic,poisson,-6.0,200,1,0.43842317263556657,0.7913909811133533,0.5539906103286385,59,79,16,138,75,63,0.84,0.8309542075939178
IXMtest_I12_s1_w18A06F07F-CD8F-4056-B041-3967BE48AD78,cubic,poisson,-6.0,200,2,0.43138954221557585,0.7921204525165315,0.5446009389671361,58,80,17,138,75,63,0.84,0.8392415189620259
IXMtest_I12_s1_w18A06F07F-CD8F-4056-B041-3967BE48AD78,cubic,poisson,-6.0,200,3,0.42833525404187106,0.784071312483425,0.5462962962962963,59,82,16,141,75,66,0.88,0.8341964375062544
IXMtest_I12_s1_w18A06F07F-CD8F-4056-B041-3967BE48AD78,cubic,poisson,6.0,50,0,0.4216821569492198,0.7730839544069029,0.5454545454545454,57,77,18,134,75,59,0.7866666666666666,0.8030087903627839
IXMtest_I12_s1_w18A06F07F-CD8F-4056-B041-3967BE48AD78,cubic,poisson,6.0,50,1,0.4281062604044149,0.7713293829700234,0.5550239234449761,58,76,17,134,75,59,0.7866666666666666,0.8109341979017076
IXMtest_I12_s1_w18A06F07F-CD8F-4056-B041-3967BE48AD78,cubic,poisson,6.0,50,2,0.4398493361669894,0.7660709271575066,0.5741626794258373,60,74,15,134,75,59,0.7866666666666666,0.8071050994047656
IXMtest_I12_s1_w18A06F07F-CD8F-4056-B041-3967BE48AD78,cubic,poisson,6.0,50,3,0.44763949219725424,0.7662981137614013,0.5841584158415841,59,68,16,127,75,52,0.6933333333333334,0.8013028488708008
IXMtest_I12_s1_w18A06F07F-CD8F-4056-B041-3967BE48AD78,cubic,poisson,6.0,200,0,0.42786396628515494,0.8022449367846656,0.5333333333333333,56,79,19,135,75,60,0.8,0.8283460009060251
IXMtest_I12_s1_w18A06F07F-CD8F-4056-B041-3967BE48AD78,cubic,poisson,6.0,200,1,0.42864401516462763,0.7907743038381924,0.5420560747663551,58,81,17,139,75,64,0.8533333333333334,0.8314688792501055
IXMtest_I12_s1_w18A06F07F-CD8F-4056-B041-3967BE48AD78,cubic,poisson,6.0,200,2,0.42511163497655996,0.800879955179055,0.5308056872037915,56,80,19,136,75,61,0.8133333333333334,0.8367803382504461
IXMtest_I12_s1_w18A06F07F-CD8F-4056-B041-3967BE48AD78,cubic,poisson,6.0,200,3,0.4364888042748036,0.784200224629308,0.5566037735849056,59,78,16,137,75,62,0.8266666666666667,0.8342518228725839
IXMtest_I12_s1_w18A06F07F-CD8F-4056-B041-3967BE48AD78,image_fidelity,deterministic,-6.0,100,-1,0.4459184746799157,0.8067070587391203,0.5527638190954773,55,69,20,124,75,49,0.6533333333333333,0.7803418130266992
IXMtest_I12_s1_w18A06F07F-CD8F-4056-B041-3967BE48AD78,image_fidelity,deterministic,-4.0,100,-1,0.4198456729140905,0.8102284915885957,0.5181818181818182,57,88,18,145,75,70,0.9333333333333333,0.849489142218864
IXMtest_I12_s1_w18A06F07F-CD8F-4056-B041-3967BE48AD78,image_fidelity,deterministic,-2.0,100,-1,0.4234268365950126,0.8208537797148929,0.5158371040723982,57,89,18,146,75,71,0.9466666666666667,0.8543100038259268
IXMtest_I12_s1_w18A06F07F-CD8F-4056-B041-3967BE48AD78,image_fidelity,deterministic,0.0,100,-1,0.43087918320985963,0.8277415887978882,0.5205479452054794,57,87,18,144,75,69,0.92,0.8541770674619898
IXMtest_I12_s1_w18A06F07F-CD8F-4056-B041-3967BE48AD78,image_fidelity,deterministic,2.0,100,-1,0.4234614613905218,0.8209209032219765,0.5158371040723982,57,89,18,146,75,71,0.9466666666666667,0.8542562366658236
IXMtest_I12_s1_w18A06F07F-CD8F-4056-B041-3967BE48AD78,image_fidelity,deterministic,4.0,100,-1,0.42000749727018777,0.8105407842056256,0.5181818181818182,57,88,18,145,75,70,0.9333333333333333,0.849511725804651
IXMtest_I12_s1_w18A06F07F-CD8F-4056-B041-3967BE48AD78,image_fidelity,deterministic,6.0,100,-1,0.44575326114067754,0.8064081724272257,0.5527638190954773,55,69,20,124,75,49,0.6533333333333333,0.7805321908091765
IXMtest_I12_s1_w18A06F07F-CD8F-4056-B041-3967BE48AD78,image_fidelity,poisson,-6.0,50,0,0.4240494918728203,0.7699846036638054,0.5507246376811594,57,75,18,132,75,57,0.76,0.8230840940231366
IXMtest_I12_s1_w18A06F07F-CD8F-4056-B041-3967BE48AD78,image_fidelity,poisson,-6.0,50,1,0.4457085671958368,0.7688472784128185,0.5797101449275363,60,72,15,132,75,57,0.76,0.8204952071689512
IXMtest_I12_s1_w18A06F07F-CD8F-4056-B041-3967BE48AD78,image_fidelity,poisson,-6.0,50,2,0.43143324428077023,0.7796074414196374,0.5533980582524272,57,74,18,131,75,56,0.7466666666666667,0.7999773616229201
IXMtest_I12_s1_w18A06F07F-CD8F-4056-B041-3967BE48AD78,image_fidelity,poisson,-6.0,50,3,0.42970282649476826,0.7667972852104916,0.5603864734299517,58,74,17,132,75,57,0.76,0.8056901337370679
IXMtest_I12_s1_w18A06F07F-CD8F-4056-B041-3967BE48AD78,image_fidelity,poisson,-6.0,200,0,0.4253001953042903,0.7882719137105381,0.5395348837209303,58,82,17,140,75,65,0.8666666666666667,0.827939758885314
IXMtest_I12_s1_w18A06F07F-CD8F-4056-B041-3967BE48AD78,image_fidelity,poisson,-6.0,200,1,0.42657576568218175,0.7869587401378181,0.5420560747663551,58,81,17,139,75,64,0.8533333333333334,0.8353258292360296
IXMtest_I12_s1_w18A06F07F-CD8F-4056-B041-3967BE48AD78,image_fidelity,poisson,-6.0,200,2,0.43076096578813644,0.793507042241304,0.5428571428571428,57,78,18,135,75,60,0.8,0.8345902778212406
IXMtest_I12_s1_w18A06F07F-CD8F-4056-B041-3967BE48AD78,image_fidelity,poisson,-6.0,200,3,0.43395631979673277,0.7930925844560978,0.5471698113207547,58,79,17,137,75,62,0.8266666666666667,0.8331708292707317
IXMtest_I12_s1_w18A06F07F-CD8F-4056-B041-3967BE48AD78,image_fidelity,poisson,6.0,50,0,0.4129606537588346,0.7779883744920902,0.5308056872037915,56,80,19,136,75,61,0.8133333333333334,0.8100210858261953
IXMtest_I12_s1_w18A06F07F-CD8F-4056-B041-3967BE48AD78,image_fidelity,poisson,6.0,50,1,0.4400096167893939,0.773810015733072,0.5686274509803921,58,71,17,129,75,54,0.72,0.8055539762856836
IXMtest_I12_s1_w18A06F07F-CD8F-4056-B041-3967BE48AD78,image_fidelity,poisson,6.0,50,2,0.4505592632051013,0.7659507474486722,0.5882352941176471,60,69,15,129,75,54,0.72,0.8193173090240616
IXMtest_I12_s1_w18A06F07F-CD8F-4056-B041-3967BE48AD78,image_fidelity,poisson,6.0,50,3,0.41181361589952087,0.7778701633657616,0.5294117647058824,54,75,21,129,75,54,0.72,0.7973817240788781
IXMtest_I12_s1_w18A06F07F-CD8F-4056-B041-3967BE48AD78,image_fidelity,poisson,6.0,200,0,0.419723190294403,0.7915832097657601,0.5302325581395348,57,83,18,140,75,65,0.8666666666666667,0.8311801148383198
IXMtest_I12_s1_w18A06F07F-CD8F-4056-B041-3967BE48AD78,image_fidelity,poisson,6.0,200,1,0.41611896648798274,0.7884359365035463,0.5277777777777778,57,84,18,141,75,66,0.88,0.8357516613632243
IXMtest_I12_s1_w18A06F07F-CD8F-4056-B041-3967BE48AD78,image_fidelity,poisson,6.0,200,2,0.4294060219850531,0.7985445321125549,0.5377358490566038,57,80,18,137,75,62,0.8266666666666667,0.8385909338475118
IXMtest_I12_s1_w18A06F07F-CD8F-4056-B041-3967BE48AD78,image_fidelity,poisson,6.0,200,3,0.4335540299302068,0.7826017658909665,0.5539906103286385,59,79,16,138,75,63,0.84,0.8311802332873448
IXMtest_I12_s1_w18A06F07F-CD8F-4056-B041-3967BE48AD78,exact_task,deterministic,-6.0,100,-1,0.407704169573683,0.7724921107711888,0.5277777777777778,57,84,18,141,75,66,0.88,0.8240097945137487
IXMtest_I12_s1_w18A06F07F-CD8F-4056-B041-3967BE48AD78,exact_task,deterministic,-4.0,100,-1,0.4223043550772204,0.797281497947511,0.5296803652968036,58,86,17,144,75,69,0.92,0.8490569722853367
IXMtest_I12_s1_w18A06F07F-CD8F-4056-B041-3967BE48AD78,exact_task,deterministic,-2.0,100,-1,0.4330347659029456,0.8175397735581472,0.5296803652968036,58,86,17,144,75,69,0.92,0.8591230035694745
IXMtest_I12_s1_w18A06F07F-CD8F-4056-B041-3967BE48AD78,exact_task,deterministic,0.0,100,-1,0.4346788998765071,0.8243910170071685,0.5272727272727272,58,87,17,145,75,70,0.9333333333333333,0.8637020075200686
IXMtest_I12_s1_w18A06F07F-CD8F-4056-B041-3967BE48AD78,exact_task,deterministic,2.0,100,-1,0.43138808305924875,0.8144309499135818,0.5296803652968036,58,86,17,144,75,69,0.92,0.857790634039559
IXMtest_I12_s1_w18A06F07F-CD8F-4056-B041-3967BE48AD78,exact_task,deterministic,4.0,100,-1,0.41854713182413167,0.800379602961936,0.5229357798165137,57,86,18,143,75,68,0.9066666666666666,0.8479855267696192
IXMtest_I12_s1_w18A06F07F-CD8F-4056-B041-3967BE48AD78,exact_task,deterministic,6.0,100,-1,0.4004435149167249,0.7758593101511545,0.5161290322580645,56,86,19,142,75,67,0.8933333333333333,0.824192376296492
IXMtest_I12_s1_w18A06F07F-CD8F-4056-B041-3967BE48AD78,exact_task,poisson,-6.0,50,0,0.43928752297088514,0.7706145530082477,0.5700483091787439,59,73,16,132,75,57,0.76,0.8135023847277149
IXMtest_I12_s1_w18A06F07F-CD8F-4056-B041-3967BE48AD78,exact_task,poisson,-6.0,50,1,0.42511038912932453,0.7781038372456387,0.5463414634146342,56,74,19,130,75,55,0.7333333333333333,0.7994591581065408
IXMtest_I12_s1_w18A06F07F-CD8F-4056-B041-3967BE48AD78,exact_task,poisson,-6.0,50,2,0.4358017876121715,0.7739238642078218,0.5631067961165048,58,73,17,131,75,56,0.7466666666666667,0.8123486834677672
IXMtest_I12_s1_w18A06F07F-CD8F-4056-B041-3967BE48AD78,exact_task,poisson,-6.0,50,3,0.42637879038162957,0.7682169585324188,0.5550239234449761,58,76,17,134,75,59,0.7866666666666666,0.8083350035073654
IXMtest_I12_s1_w18A06F07F-CD8F-4056-B041-3967BE48AD78,exact_task,poisson,-6.0,200,0,0.42199628754322516,0.7884667477781313,0.5352112676056338,57,81,18,138,75,63,0.84,0.8314259900617377
IXMtest_I12_s1_w18A06F07F-CD8F-4056-B041-3967BE48AD78,exact_task,poisson,-6.0,200,1,0.42771559164809164,0.7853743191469269,0.5446009389671361,58,80,17,138,75,63,0.84,0.8310810389448411
IXMtest_I12_s1_w18A06F07F-CD8F-4056-B041-3967BE48AD78,exact_task,poisson,-6.0,200,2,0.42299472817916467,0.7803523433650107,0.5420560747663551,58,81,17,139,75,64,0.8533333333333334,0.835561530922524
IXMtest_I12_s1_w18A06F07F-CD8F-4056-B041-3967BE48AD78,exact_task,poisson,-6.0,200,3,0.4217913372913602,0.7854045590942569,0.5370370370370371,58,83,17,141,75,66,0.88,0.8288942040479863
IXMtest_I12_s1_w18A06F07F-CD8F-4056-B041-3967BE48AD78,exact_task,poisson,6.0,50,0,0.42629521282950755,0.7740623601377901,0.5507246376811594,57,75,18,132,75,57,0.76,0.7979268021240739
IXMtest_I12_s1_w18A06F07F-CD8F-4056-B041-3967BE48AD78,exact_task,poisson,6.0,50,1,0.42395439614703356,0.767503648197216,0.5523809523809524,58,77,17,135,75,60,0.8,0.8276498961069755
IXMtest_I12_s1_w18A06F07F-CD8F-4056-B041-3967BE48AD78,exact_task,poisson,6.0,50,2,0.42284137862886806,0.7654887026901921,0.5523809523809524,58,77,17,135,75,60,0.8,0.813402927235662
IXMtest_I12_s1_w18A06F07F-CD8F-4056-B041-3967BE48AD78,exact_task,poisson,6.0,50,3,0.4076692392488518,0.7652738350811779,0.5327102803738317,57,82,18,139,75,64,0.8533333333333334,0.8027298253566527
IXMtest_I12_s1_w18A06F07F-CD8F-4056-B041-3967BE48AD78,exact_task,poisson,6.0,200,0,0.41915103029160444,0.7868273726526609,0.5327102803738317,57,82,18,139,75,64,0.8533333333333334,0.829833111064026
IXMtest_I12_s1_w18A06F07F-CD8F-4056-B041-3967BE48AD78,exact_task,poisson,6.0,200,1,0.41743844777796546,0.7836125247761807,0.5327102803738317,57,82,18,139,75,64,0.8533333333333334,0.8310630792900296
IXMtest_I12_s1_w18A06F07F-CD8F-4056-B041-3967BE48AD78,exact_task,poisson,6.0,200,2,0.40371086543992635,0.7821898017898573,0.5161290322580645,56,86,19,142,75,67,0.8933333333333333,0.8297033163169785
IXMtest_I12_s1_w18A06F07F-CD8F-4056-B041-3967BE48AD78,exact_task,poisson,6.0,200,3,0.43635878036702114,0.7839666223543091,0.5566037735849056,59,78,16,137,75,62,0.8266666666666667,0.8352040464996902
IXMtest_I12_s1_w18A06F07F-CD8F-4056-B041-3967BE48AD78,surrogate,deterministic,-6.0,100,-1,0.43985501174831926,0.7997363849969441,0.55,55,70,20,125,75,50,0.6666666666666666,0.7883448517377664
IXMtest_I12_s1_w18A06F07F-CD8F-4056-B041-3967BE48AD78,surrogate,deterministic,-4.0,100,-1,0.4201547388705078,0.8071393667775545,0.5205479452054794,57,87,18,144,75,69,0.92,0.8495298423608418
IXMtest_I12_s1_w18A06F07F-CD8F-4056-B041-3967BE48AD78,surrogate,deterministic,-2.0,100,-1,0.4240745142260231,0.8221093652978168,0.5158371040723982,57,89,18,146,75,71,0.9466666666666667,0.8548356758790222
IXMtest_I12_s1_w18A06F07F-CD8F-4056-B041-3967BE48AD78,surrogate,deterministic,0.0,100,-1,0.432541271226049,0.8309345473553047,0.5205479452054794,57,87,18,144,75,69,0.92,0.8558811513944998
IXMtest_I12_s1_w18A06F07F-CD8F-4056-B041-3967BE48AD78,surrogate,deterministic,2.0,100,-1,0.4240582982553874,0.8220779290740405,0.5158371040723982,57,89,18,146,75,71,0.9466666666666667,0.8549227166883955
IXMtest_I12_s1_w18A06F07F-CD8F-4056-B041-3967BE48AD78,surrogate,deterministic,4.0,100,-1,0.4203464019695824,0.8075075616784083,0.5205479452054794,57,87,18,144,75,69,0.92,0.8496219840904609
IXMtest_I12_s1_w18A06F07F-CD8F-4056-B041-3967BE48AD78,surrogate,deterministic,6.0,100,-1,0.4374739868376064,0.7993842850396262,0.5472636815920398,55,71,20,126,75,51,0.68,0.785423139412251
IXMtest_I12_s1_w18A06F07F-CD8F-4056-B041-3967BE48AD78,surrogate,poisson,-6.0,50,0,0.42024668177399743,0.7716598553263918,0.5446009389671361,58,80,17,138,75,63,0.84,0.8143284325940693
IXMtest_I12_s1_w18A06F07F-CD8F-4056-B041-3967BE48AD78,surrogate,poisson,-6.0,50,1,0.4285315067174873,0.7553775711630284,0.5673076923076923,59,74,16,133,75,58,0.7733333333333333,0.81016701881477
IXMtest_I12_s1_w18A06F07F-CD8F-4056-B041-3967BE48AD78,surrogate,poisson,-6.0,50,2,0.42345554911285965,0.7643731522121958,0.5539906103286385,59,79,16,138,75,63,0.84,0.8213239455892323
IXMtest_I12_s1_w18A06F07F-CD8F-4056-B041-3967BE48AD78,surrogate,poisson,-6.0,50,3,0.40513903063191775,0.7808134044906051,0.5188679245283019,55,82,20,137,75,62,0.8266666666666667,0.8128305386369903
IXMtest_I12_s1_w18A06F07F-CD8F-4056-B041-3967BE48AD78,surrogate,poisson,-6.0,200,0,0.43435008425444216,0.7863234283916625,0.5523809523809524,58,77,17,135,75,60,0.8,0.8299593101623814
IXMtest_I12_s1_w18A06F07F-CD8F-4056-B041-3967BE48AD78,surrogate,poisson,-6.0,200,1,0.4253646806067538,0.7947603242915663,0.5352112676056338,57,81,18,138,75,63,0.84,0.8347855543218473
IXMtest_I12_s1_w18A06F07F-CD8F-4056-B041-3967BE48AD78,surrogate,poisson,-6.0,200,2,0.4216871413317901,0.7878891324883446,0.5352112676056338,57,81,18,138,75,63,0.84,0.826973287808797
IXMtest_I12_s1_w18A06F07F-CD8F-4056-B041-3967BE48AD78,surrogate,poisson,-6.0,200,3,0.4268086732740807,0.7873884144883903,0.5420560747663551,58,81,17,139,75,64,0.8533333333333334,0.8308866632575427
IXMtest_I12_s1_w18A06F07F-CD8F-4056-B041-3967BE48AD78,surrogate,poisson,6.0,50,0,0.43883373147983923,0.7717420794990276,0.5686274509803921,58,71,17,129,75,54,0.72,0.8109251367530513
IXMtest_I12_s1_w18A06F07F-CD8F-4056-B041-3967BE48AD78,surrogate,poisson,6.0,50,1,0.43762097341739054,0.7639823773218851,0.5728155339805825,59,72,16,131,75,56,0.7466666666666667,0.8076433121019109
IXMtest_I12_s1_w18A06F07F-CD8F-4056-B041-3967BE48AD78,surrogate,poisson,6.0,50,2,0.4136762416102758,0.7756429530192671,0.5333333333333333,56,79,19,135,75,60,0.8,0.8025484903646978
IXMtest_I12_s1_w18A06F07F-CD8F-4056-B041-3967BE48AD78,surrogate,poisson,6.0,50,3,0.4287793061999967,0.771050506763152,0.5560975609756098,57,73,18,130,75,55,0.7333333333333333,0.8012124656625935
IXMtest_I12_s1_w18A06F07F-CD8F-4056-B041-3967BE48AD78,surrogate,poisson,6.0,200,0,0.42821108433630534,0.789975621103184,0.5420560747663551,58,81,17,139,75,64,0.8533333333333334,0.8353003654993596
IXMtest_I12_s1_w18A06F07F-CD8F-4056-B041-3967BE48AD78,surrogate,poisson,6.0,200,1,0.4250387411284842,0.7941513321084838,0.5352112676056338,57,81,18,138,75,63,0.84,0.8343090486303226
IXMtest_I12_s1_w18A06F07F-CD8F-4056-B041-3967BE48AD78,surrogate,poisson,6.0,200,2,0.4356773826239162,0.7827424162395783,0.5566037735849056,59,78,16,137,75,62,0.8266666666666667,0.8344227126171448
IXMtest_I12_s1_w18A06F07F-CD8F-4056-B041-3967BE48AD78,surrogate,poisson,6.0,200,3,0.4291745489283561,0.7880532665667228,0.5446009389671361,58,80,17,138,75,63,0.84,0.8353201325507245
IXMtest_I17_s6_w1EB7CA00F-DF95-466C-BF8C-6304B6A4974E,clear,deterministic,-6.0,100,-1,0.587712587149961,0.8238471087727132,0.7133757961783439,56,24,21,80,77,3,0.03896103896103896,0.7506039089378522
IXMtest_I17_s6_w1EB7CA00F-DF95-466C-BF8C-6304B6A4974E,clear,deterministic,-4.0,100,-1,0.6194658018010167,0.8372467477466867,0.7398843930635838,64,32,13,96,77,19,0.24675324675324675,0.821991450011926
IXMtest_I17_s6_w1EB7CA00F-DF95-466C-BF8C-6304B6A4974E,clear,deterministic,-2.0,100,-1,0.6259702644566348,0.8393692182486694,0.7457627118644068,66,34,11,100,77,23,0.2987012987012987,0.8445325486919186
IXMtest_I17_s6_w1EB7CA00F-DF95-466C-BF8C-6304B6A4974E,clear,deterministic,0.0,100,-1,0.6166631229675208,0.844354122217067,0.7303370786516854,65,36,12,101,77,24,0.3116883116883117,0.8443438110459954
IXMtest_I17_s6_w1EB7CA00F-DF95-466C-BF8C-6304B6A4974E,clear,deterministic,2.0,100,-1,0.6259702644566348,0.8393692182486694,0.7457627118644068,66,34,11,100,77,23,0.2987012987012987,0.8445325486919186
IXMtest_I17_s6_w1EB7CA00F-DF95-466C-BF8C-6304B6A4974E,clear,deterministic,4.0,100,-1,0.6194658018010167,0.8372467477466867,0.7398843930635838,64,32,13,96,77,19,0.24675324675324675,0.821991450011926
IXMtest_I17_s6_w1EB7CA00F-DF95-466C-BF8C-6304B6A4974E,clear,deterministic,6.0,100,-1,0.587712587149961,0.8238471087727132,0.7133757961783439,56,24,21,80,77,3,0.03896103896103896,0.7506039089378522
IXMtest_I17_s6_w1EB7CA00F-DF95-466C-BF8C-6304B6A4974E,clear,poisson,-6.0,50,0,0.6259524642839036,0.8014088368483311,0.7810650887573964,66,26,11,92,77,15,0.19480519480519481,0.8056289247669192
IXMtest_I17_s6_w1EB7CA00F-DF95-466C-BF8C-6304B6A4974E,clear,poisson,-6.0,50,1,0.6275754828562737,0.7987324327261666,0.7857142857142857,66,25,11,91,77,14,0.18181818181818182,0.7982419459594118
IXMtest_I17_s6_w1EB7CA00F-DF95-466C-BF8C-6304B6A4974E,clear,poisson,-6.0,50,2,0.6084269718234026,0.7909550633704233,0.7692307692307693,65,27,12,92,77,15,0.19480519480519481,0.8003997134797181
IXMtest_I17_s6_w1EB7CA00F-DF95-466C-BF8C-6304B6A4974E,clear,poisson,-6.0,50,3,0.6086580411424963,0.7959374384171106,0.7647058823529411,65,28,12,93,77,16,0.2077922077922078,0.8148459089796061
IXMtest_I17_s6_w1EB7CA00F-DF95-466C-BF8C-6304B6A4974E,clear,poisson,-6.0,200,0,0.6311065592691414,0.8271320814663747,0.7630057803468208,66,30,11,96,77,19,0.24675324675324675,0.8267691377747075
IXMtest_I17_s6_w1EB7CA00F-DF95-466C-BF8C-6304B6A4974E,clear,poisson,-6.0,200,1,0.635954649602177,0.8162999979968242,0.7790697674418605,67,28,10,95,77,18,0.23376623376623376,0.834386698006442
IXMtest_I17_s6_w1EB7CA00F-DF95-466C-BF8C-6304B6A4974E,clear,poisson,-6.0,200,2,0.6315744291855243,0.8277452746143614,0.7630057803468208,66,30,11,96,77,19,0.24675324675324675,0.8379443918395455
IXMtest_I17_s6_w1EB7CA00F-DF95-466C-BF8C-6304B6A4974E,clear,poisson,-6.0,200,3,0.647207284472509,0.8185268597740555,0.7906976744186046,68,27,9,95,77,18,0.23376623376623376,0.8337752503227157
IXMtest_I17_s6_w1EB7CA00F-DF95-466C-BF8C-6304B6A4974E,clear,poisson,6.0,50,0,0.6322715429994513,0.7951293646811282,0.7951807228915663,66,23,11,89,77,12,0.15584415584415584,0.7812794767139469
IXMtest_I17_s6_w1EB7CA00F-DF95-466C-BF8C-6304B6A4974E,clear,poisson,6.0,50,1,0.5879635781112031,0.7900760580869293,0.7441860465116279,64,31,13,95,77,18,0.23376623376623376,0.8020045269193169
IXMtest_I17_s6_w1EB7CA00F-DF95-466C-BF8C-6304B6A4974E,clear,poisson,6.0,50,2,0.6248909911676466,0.7927721529738799,0.788235294117647,67,26,10,93,77,16,0.2077922077922078,0.8150885644472656
IXMtest_I17_s6_w1EB7CA00F-DF95-466C-BF8C-6304B6A4974E,clear,poisson,6.0,50,3,0.5978104858191793,0.8018251754241372,0.7455621301775148,63,29,14,92,77,15,0.19480519480519481,0.8009997872793023
IXMtest_I17_s6_w1EB7CA00F-DF95-466C-BF8C-6304B6A4974E,clear,poisson,6.0,200,0,0.6391905728241623,0.8231999801523301,0.7764705882352941,66,27,11,93,77,16,0.2077922077922078,0.8276729999475625
IXMtest_I17_s6_w1EB7CA00F-DF95-466C-BF8C-6304B6A4974E,clear,poisson,6.0,200,1,0.6489646462362499,0.8233133571653917,0.788235294117647,67,26,10,93,77,16,0.2077922077922078,0.8269890713267515
IXMtest_I17_s6_w1EB7CA00F-DF95-466C-BF8C-6304B6A4974E,clear,poisson,6.0,200,2,0.6355092794768257,0.8280878490152577,0.7674418604651163,66,29,11,95,77,18,0.23376623376623376,0.8347633690188939
IXMtest_I17_s6_w1EB7CA00F-DF95-466C-BF8C-6304B6A4974E,clear,poisson,6.0,200,3,0.6304090377947866,0.8262179055946826,0.7630057803468208,66,30,11,96,77,19,0.24675324675324675,0.824184358175615
IXMtest_I17_s6_w1EB7CA00F-DF95-466C-BF8C-6304B6A4974E,cubic,deterministic,-6.0,100,-1,0.587712587149961,0.8238471087727132,0.7133757961783439,56,24,21,80,77,3,0.03896103896103896,0.7506039089378522
IXMtest_I17_s6_w1EB7CA00F-DF95-466C-BF8C-6304B6A4974E,cubic,deterministic,-4.0,100,-1,0.6194658018010167,0.8372467477466867,0.7398843930635838,64,32,13,96,77,19,0.24675324675324675,0.821991450011926
IXMtest_I17_s6_w1EB7CA00F-DF95-466C-BF8C-6304B6A4974E,cubic,deterministic,-2.0,100,-1,0.6259702644566348,0.8393692182486694,0.7457627118644068,66,34,11,100,77,23,0.2987012987012987,0.8445325486919186
IXMtest_I17_s6_w1EB7CA00F-DF95-466C-BF8C-6304B6A4974E,cubic,deterministic,0.0,100,-1,0.6166631229675208,0.844354122217067,0.7303370786516854,65,36,12,101,77,24,0.3116883116883117,0.8443438110459954
IXMtest_I17_s6_w1EB7CA00F-DF95-466C-BF8C-6304B6A4974E,cubic,deterministic,2.0,100,-1,0.6259702644566348,0.8393692182486694,0.7457627118644068,66,34,11,100,77,23,0.2987012987012987,0.8445325486919186
IXMtest_I17_s6_w1EB7CA00F-DF95-466C-BF8C-6304B6A4974E,cubic,deterministic,4.0,100,-1,0.6194658018010167,0.8372467477466867,0.7398843930635838,64,32,13,96,77,19,0.24675324675324675,0.821991450011926
IXMtest_I17_s6_w1EB7CA00F-DF95-466C-BF8C-6304B6A4974E,cubic,deterministic,6.0,100,-1,0.587712587149961,0.8238471087727132,0.7133757961783439,56,24,21,80,77,3,0.03896103896103896,0.7506039089378522
IXMtest_I17_s6_w1EB7CA00F-DF95-466C-BF8C-6304B6A4974E,cubic,poisson,-6.0,50,0,0.6259524642839036,0.8014088368483311,0.7810650887573964,66,26,11,92,77,15,0.19480519480519481,0.8056289247669192
IXMtest_I17_s6_w1EB7CA00F-DF95-466C-BF8C-6304B6A4974E,cubic,poisson,-6.0,50,1,0.6275754828562737,0.7987324327261666,0.7857142857142857,66,25,11,91,77,14,0.18181818181818182,0.7982419459594118
IXMtest_I17_s6_w1EB7CA00F-DF95-466C-BF8C-6304B6A4974E,cubic,poisson,-6.0,50,2,0.6084269718234026,0.7909550633704233,0.7692307692307693,65,27,12,92,77,15,0.19480519480519481,0.8003997134797181
IXMtest_I17_s6_w1EB7CA00F-DF95-466C-BF8C-6304B6A4974E,cubic,poisson,-6.0,50,3,0.6086580411424963,0.7959374384171106,0.7647058823529411,65,28,12,93,77,16,0.2077922077922078,0.8148459089796061
IXMtest_I17_s6_w1EB7CA00F-DF95-466C-BF8C-6304B6A4974E,cubic,poisson,-6.0,200,0,0.6311065592691414,0.8271320814663747,0.7630057803468208,66,30,11,96,77,19,0.24675324675324675,0.8267691377747075
IXMtest_I17_s6_w1EB7CA00F-DF95-466C-BF8C-6304B6A4974E,cubic,poisson,-6.0,200,1,0.635954649602177,0.8162999979968242,0.7790697674418605,67,28,10,95,77,18,0.23376623376623376,0.834386698006442
IXMtest_I17_s6_w1EB7CA00F-DF95-466C-BF8C-6304B6A4974E,cubic,poisson,-6.0,200,2,0.6315744291855243,0.8277452746143614,0.7630057803468208,66,30,11,96,77,19,0.24675324675324675,0.8379443918395455
IXMtest_I17_s6_w1EB7CA00F-DF95-466C-BF8C-6304B6A4974E,cubic,poisson,-6.0,200,3,0.647207284472509,0.8185268597740555,0.7906976744186046,68,27,9,95,77,18,0.23376623376623376,0.8337752503227157
IXMtest_I17_s6_w1EB7CA00F-DF95-466C-BF8C-6304B6A4974E,cubic,poisson,6.0,50,0,0.6322715429994513,0.7951293646811282,0.7951807228915663,66,23,11,89,77,12,0.15584415584415584,0.7812794767139469
IXMtest_I17_s6_w1EB7CA00F-DF95-466C-BF8C-6304B6A4974E,cubic,poisson,6.0,50,1,0.5879635781112031,0.7900760580869293,0.7441860465116279,64,31,13,95,77,18,0.23376623376623376,0.8020045269193169
IXMtest_I17_s6_w1EB7CA00F-DF95-466C-BF8C-6304B6A4974E,cubic,poisson,6.0,50,2,0.6248909911676466,0.7927721529738799,0.788235294117647,67,26,10,93,77,16,0.2077922077922078,0.8150885644472656
IXMtest_I17_s6_w1EB7CA00F-DF95-466C-BF8C-6304B6A4974E,cubic,poisson,6.0,50,3,0.5978104858191793,0.8018251754241372,0.7455621301775148,63,29,14,92,77,15,0.19480519480519481,0.8009997872793023
IXMtest_I17_s6_w1EB7CA00F-DF95-466C-BF8C-6304B6A4974E,cubic,poisson,6.0,200,0,0.6391905728241623,0.8231999801523301,0.7764705882352941,66,27,11,93,77,16,0.2077922077922078,0.8276729999475625
IXMtest_I17_s6_w1EB7CA00F-DF95-466C-BF8C-6304B6A4974E,cubic,poisson,6.0,200,1,0.6489646462362499,0.8233133571653917,0.788235294117647,67,26,10,93,77,16,0.2077922077922078,0.8269890713267515
IXMtest_I17_s6_w1EB7CA00F-DF95-466C-BF8C-6304B6A4974E,cubic,poisson,6.0,200,2,0.6355092794768257,0.8280878490152577,0.7674418604651163,66,29,11,95,77,18,0.23376623376623376,0.8347633690188939
IXMtest_I17_s6_w1EB7CA00F-DF95-466C-BF8C-6304B6A4974E,cubic,poisson,6.0,200,3,0.6304090377947866,0.8262179055946826,0.7630057803468208,66,30,11,96,77,19,0.24675324675324675,0.824184358175615
IXMtest_I17_s6_w1EB7CA00F-DF95-466C-BF8C-6304B6A4974E,image_fidelity,deterministic,-6.0,100,-1,0.5916419090044616,0.8199949265149554,0.7215189873417721,57,24,20,81,77,4,0.05194805194805195,0.7584882151386149
IXMtest_I17_s6_w1EB7CA00F-DF95-466C-BF8C-6304B6A4974E,image_fidelity,deterministic,-4.0,100,-1,0.6190380424128861,0.8366686041986664,0.7398843930635838,64,32,13,96,77,19,0.24675324675324675,0.8215248610678062
IXMtest_I17_s6_w1EB7CA00F-DF95-466C-BF8C-6304B6A4974E,image_fidelity,deterministic,-2.0,100,-1,0.6169435560861166,0.8447380998717596,0.7303370786516854,65,36,12,101,77,24,0.3116883116883117,0.8445799409819746
IXMtest_I17_s6_w1EB7CA00F-DF95-466C-BF8C-6304B6A4974E,image_fidelity,deterministic,0.0,100,-1,0.6167030757035153,0.8444088267325057,0.7303370786516854,65,36,12,101,77,24,0.3116883116883117,0.8443990587399547
IXMtest_I17_s6_w1EB7CA00F-DF95-466C-BF8C-6304B6A4974E,image_fidelity,deterministic,2.0,100,-1,0.6168154226866366,0.8445626556786255,0.7303370786516854,65,36,12,101,77,24,0.3116883116883117,0.8444965870307167
IXMtest_I17_s6_w1EB7CA00F-DF95-466C-BF8C-6304B6A4974E,image_fidelity,deterministic,4.0,100,-1,0.6143793728196699,0.8351719599267389,0.735632183908046,64,33,13,97,77,20,0.2597402597402597,0.8215393083203376
IXMtest_I17_s6_w1EB7CA00F-DF95-466C-BF8C-6304B6A4974E,image_fidelity,deterministic,6.0,100,-1,0.5877251833718345,0.8197219662817692,0.7169811320754716,57,25,20,82,77,5,0.06493506493506493,0.7642672725395022
IXMtest_I17_s6_w1EB7CA00F-DF95-466C-BF8C-6304B6A4974E,image_fidelity,poisson,-6.0,50,0,0.613968045775577,0.7953676956638156,0.7719298245614035,66,28,11,94,77,17,0.22077922077922077,0.8198393937287075
IXMtest_I17_s6_w1EB7CA00F-DF95-466C-BF8C-6304B6A4974E,image_fidelity,poisson,-6.0,50,1,0.6057457507171132,0.7903089091387336,0.7664670658682635,64,26,13,90,77,13,0.16883116883116883,0.7802709074772973
IXMtest_I17_s6_w1EB7CA00F-DF95-466C-BF8C-6304B6A4974E,image_fidelity,poisson,-6.0,50,2,0.6261595462256972,0.8043741863053189,0.7784431137724551,65,25,12,90,77,13,0.16883116883116883,0.8071996194033796
IXMtest_I17_s6_w1EB7CA00F-DF95-466C-BF8C-6304B6A4974E,image_fidelity,poisson,-6.0,50,3,0.6215216036264265,0.8060358297030219,0.7710843373493976,64,25,13,89,77,12,0.15584415584415584,0.8062429169306551
IXMtest_I17_s6_w1EB7CA00F-DF95-466C-BF8C-6304B6A4974E,image_fidelity,poisson,-6.0,200,0,0.6271217079931626,0.8171585892032118,0.7674418604651163,66,29,11,95,77,18,0.23376623376623376,0.818963481303302
IXMtest_I17_s6_w1EB7CA00F-DF95-466C-BF8C-6304B6A4974E,image_fidelity,poisson,-6.0,200,1,0.6487085574315014,0.8278295770207965,0.783625730994152,67,27,10,94,77,17,0.22077922077922077,0.8373798244391807
IXMtest_I17_s6_w1EB7CA00F-DF95-466C-BF8C-6304B6A4974E,image_fidelity,poisson,-6.0,200,2,0.6433746936791296,0.8184104559300693,0.7861271676300579,68,28,9,96,77,19,0.24675324675324675,0.8370189645625692
IXMtest_I17_s6_w1EB7CA00F-DF95-466C-BF8C-6304B6A4974E,image_fidelity,poisson,-6.0,200,3,0.6341644571837356,0.8263355048151706,0.7674418604651163,66,29,11,95,77,18,0.23376623376623376,0.823431998047624
IXMtest_I17_s6_w1EB7CA00F-DF95-466C-BF8C-6304B6A4974E,image_fidelity,poisson,6.0,50,0,0.6047611586602236,0.7984737172935765,0.757396449704142,64,28,13,92,77,15,0.19480519480519481,0.8056366273344195
IXMtest_I17_s6_w1EB7CA00F-DF95-466C-BF8C-6304B6A4974E,image_fidelity,poisson,6.0,50,1,0.5980316551300648,0.8021218231506425,0.7455621301775148,63,29,14,92,77,15,0.19480519480519481,0.8072678023340691
IXMtest_I17_s6_w1EB7CA00F-DF95-466C-BF8C-6304B6A4974E,image_fidelity,poisson,6.0,50,2,0.6304129687981507,0.7950730725887124,0.7928994082840237,67,25,10,92,77,15,0.19480519480519481,0.8016160047986168
IXMtest_I17_s6_w1EB7CA00F-DF95-466C-BF8C-6304B6A4974E,image_fidelity,poisson,6.0,50,3,0.6125871714525639,0.7944489879775438,0.7710843373493976,64,25,13,89,77,12,0.15584415584415584,0.7945796943718387
IXMtest_I17_s6_w1EB7CA00F-DF95-466C-BF8C-6304B6A4974E,image_fidelity,poisson,6.0,200,0,0.638183441464463,0.8239233983085977,0.7745664739884393,67,29,10,96,77,19,0.24675324675324675,0.8345864011143507
IXMtest_I17_s6_w1EB7CA00F-DF95-466C-BF8C-6304B6A4974E,image_fidelity,poisson,6.0,200,1,0.6331048486737308,0.8220913706658893,0.7701149425287356,67,30,10,97,77,20,0.2597402597402597,0.8356235148259118
IXMtest_I17_s6_w1EB7CA00F-DF95-466C-BF8C-6304B6A4974E,image_fidelity,poisson,6.0,200,2,0.6379314954340434,0.826411255448647,0.7719298245614035,66,28,11,94,77,17,0.22077922077922077,0.8369280105966729
IXMtest_I17_s6_w1EB7CA00F-DF95-466C-BF8C-6304B6A4974E,image_fidelity,poisson,6.0,200,3,0.6263364403320707,0.8179766944635252,0.7657142857142857,67,31,10,98,77,21,0.2727272727272727,0.8358035605942413
IXMtest_I17_s6_w1EB7CA00F-DF95-466C-BF8C-6304B6A4974E,exact_task,deterministic,-6.0,100,-1,0.5956389535815937,0.8130944445716993,0.7325581395348837,63,32,14,95,77,18,0.23376623376623376,0.810203778075264
IXMtest_I17_s6_w1EB7CA00F-DF95-466C-BF8C-6304B6A4974E,exact_task,deterministic,-4.0,100,-1,0.6205830075606225,0.8401739179282274,0.7386363636363636,65,34,12,99,77,22,0.2857142857142857,0.8399996415160287
IXMtest_I17_s6_w1EB7CA00F-DF95-466C-BF8C-6304B6A4974E,exact_task,deterministic,-2.0,100,-1,0.6376433940339901,0.8550218238183048,0.7457627118644068,66,34,11,100,77,23,0.2987012987012987,0.8518538343503551
IXMtest_I17_s6_w1EB7CA00F-DF95-466C-BF8C-6304B6A4974E,exact_task,deterministic,0.0,100,-1,0.6424892525896898,0.8534558728430208,0.7528089887640449,67,34,10,101,77,24,0.3116883116883117,0.8557466805774769
IXMtest_I17_s6_w1EB7CA00F-DF95-466C-BF8C-6304B6A4974E,exact_task,deterministic,2.0,100,-1,0.6371240411429009,0.8543254188052535,0.7457627118644068,66,34,11,100,77,23,0.2987012987012987,0.8512891836953033
IXMtest_I17_s6_w1EB7CA00F-DF95-466C-BF8C-6304B6A4974E,exact_task,deterministic,4.0,100,-1,0.6186784149238297,0.8375953925122617,0.7386363636363636,65,34,12,99,77,22,0.2857142857142857,0.838496229815391
IXMtest_I17_s6_w1EB7CA00F-DF95-466C-BF8C-6304B6A4974E,exact_task,deterministic,6.0,100,-1,0.5952878663093568,0.8126151825810267,0.7325581395348837,63,32,14,95,77,18,0.23376623376623376,0.8112672401008453
IXMtest_I17_s6_w1EB7CA00F-DF95-466C-BF8C-6304B6A4974E,exact_task,poisson,-6.0,50,0,0.6270904062674428,0.7908826765611779,0.7928994082840237,67,25,10,92,77,15,0.19480519480519481,0.8194634643070332
IXMtest_I17_s6_w1EB7CA00F-DF95-466C-BF8C-6304B6A4974E,exact_task,poisson,-6.0,50,1,0.6007046099858829,0.790157602366046,0.7602339181286549,65,29,12,94,77,17,0.22077922077922077,0.8054670186560245
IXMtest_I17_s6_w1EB7CA00F-DF95-466C-BF8C-6304B6A4974E,exact_task,poisson,-6.0,50,2,0.6222710662553902,0.7966955317966739,0.7810650887573964,66,26,11,92,77,15,0.19480519480519481,0.7981316647572045
IXMtest_I17_s6_w1EB7CA00F-DF95-466C-BF8C-6304B6A4974E,exact_task,poisson,-6.0,50,3,0.6080277324945073,0.7951131886466634,0.7647058823529411,65,28,12,93,77,16,0.2077922077922078,0.8105960961750934
IXMtest_I17_s6_w1EB7CA00F-DF95-466C-BF8C-6304B6A4974E,exact_task,poisson,-6.0,200,0,0.6283302555099255,0.8158915258113958,0.7701149425287356,67,30,10,97,77,20,0.2597402597402597,0.823946455986614
IXMtest_I17_s6_w1EB7CA00F-DF95-466C-BF8C-6304B6A4974E,exact_task,poisson,-6.0,200,1,0.6301952109436498,0.8136102350242643,0.7745664739884393,67,29,10,96,77,19,0.24675324675324675,0.8245690254414013
IXMtest_I17_s6_w1EB7CA00F-DF95-466C-BF8C-6304B6A4974E,exact_task,poisson,-6.0,200,2,0.6330748844250319,0.8173280224293322,0.7745664739884393,67,29,10,96,77,19,0.24675324675324675,0.8322948131526711
IXMtest_I17_s6_w1EB7CA00F-DF95-466C-BF8C-6304B6A4974E,exact_task,poisson,-6.0,200,3,0.6174014175534172,0.8216188095133936,0.7514450867052023,65,31,12,96,77,19,0.24675324675324675,0.8250872404381024
IXMtest_I17_s6_w1EB7CA00F-DF95-466C-BF8C-6304B6A4974E,exact_task,poisson,6.0,50,0,0.5896066365053156,0.7908215997571297,0.7455621301775148,63,29,14,92,77,15,0.19480519480519481,0.7941391810568046
IXMtest_I17_s6_w1EB7CA00F-DF95-466C-BF8C-6304B6A4974E,exact_task,poisson,6.0,50,1,0.6165663183111759,0.7967933959713658,0.7738095238095238,65,26,12,91,77,14,0.18181818181818182,0.7920208706763447
IXMtest_I17_s6_w1EB7CA00F-DF95-466C-BF8C-6304B6A4974E,exact_task,poisson,6.0,50,2,0.6339954166981161,0.7972972664536915,0.7951807228915663,66,23,11,89,77,12,0.15584415584415584,0.7923781683362447
IXMtest_I17_s6_w1EB7CA00F-DF95-466C-BF8C-6304B6A4974E,exact_task,poisson,6.0,50,3,0.6090353841721531,0.7946008527871059,0.7664670658682635,64,26,13,90,77,13,0.16883116883116883,0.8050101314397403
IXMtest_I17_s6_w1EB7CA00F-DF95-466C-BF8C-6304B6A4974E,exact_task,poisson,6.0,200,0,0.624672446081915,0.8111418329720388,0.7701149425287356,67,30,10,97,77,20,0.2597402597402597,0.8257251730305623
IXMtest_I17_s6_w1EB7CA00F-DF95-466C-BF8C-6304B6A4974E,exact_task,poisson,6.0,200,1,0.6262471921444182,0.817860138994576,0.7657142857142857,67,31,10,98,77,21,0.2727272727272727,0.830283673976145
IXMtest_I17_s6_w1EB7CA00F-DF95-466C-BF8C-6304B6A4974E,exact_task,poisson,6.0,200,2,0.627696912098366,0.8226633772198281,0.7630057803468208,66,30,11,96,77,19,0.24675324675324675,0.8253285995512649
IXMtest_I17_s6_w1EB7CA00F-DF95-466C-BF8C-6304B6A4974E,exact_task,poisson,6.0,200,3,0.6208955980684739,0.8155046661197868,0.7613636363636364,67,32,10,99,77,22,0.2857142857142857,0.8293956940840908
IXMtest_I17_s6_w1EB7CA00F-DF95-466C-BF8C-6304B6A4974E,surrogate,deterministic,-6.0,100,-1,0.5872174909216454,0.8099551598919248,0.725,58,25,19,83,77,6,0.07792207792207792,0.7597654043283106
IXMtest_I17_s6_w1EB7CA00F-DF95-466C-BF8C-6304B6A4974E,surrogate,deterministic,-4.0,100,-1,0.6212790820352894,0.8363372258167358,0.7428571428571429,65,33,12,98,77,21,0.2727272727272727,0.8326917328647385
IXMtest_I17_s6_w1EB7CA00F-DF95-466C-BF8C-6304B6A4974E,surrogate,deterministic,-2.0,100,-1,0.612809889656432,0.8437920788346256,0.7262569832402235,65,37,12,102,77,25,0.3246753246753247,0.8457286074869352
IXMtest_I17_s6_w1EB7CA00F-DF95-466C-BF8C-6304B6A4974E,surrogate,deterministic,0.0,100,-1,0.619245054150031,0.8478893818361962,0.7303370786516854,65,36,12,101,77,24,0.3116883116883117,0.8462447257383966
IXMtest_I17_s6_w1EB7CA00F-DF95-466C-BF8C-6304B6A4974E,surrogate,deterministic,2.0,100,-1,0.6125233979325985,0.8433976017687318,0.7262569832402235,65,37,12,102,77,25,0.3246753246753247,0.8456547629628313
IXMtest_I17_s6_w1EB7CA00F-DF95-466C-BF8C-6304B6A4974E,surrogate,deterministic,4.0,100,-1,0.6154022394858747,0.836562419301111,0.735632183908046,64,33,13,97,77,20,0.2597402597402597,0.8256808699066001
IXMtest_I17_s6_w1EB7CA00F-DF95-466C-BF8C-6304B6A4974E,surrogate,deterministic,6.0,100,-1,0.5876050963794803,0.810489788109628,0.725,58,25,19,83,77,6,0.07792207792207792,0.7599963024208872
IXMtest_I17_s6_w1EB7CA00F-DF95-466C-BF8C-6304B6A4974E,surrogate,poisson,-6.0,50,0,0.5857131908141836,0.7916279844597951,0.7398843930635838,64,32,13,96,77,19,0.24675324675324675,0.7931647276133449
IXMtest_I17_s6_w1EB7CA00F-DF95-466C-BF8C-6304B6A4974E,surrogate,poisson,-6.0,50,1,0.6110360432602362,0.803747410750003,0.7602339181286549,65,29,12,94,77,17,0.22077922077922077,0.814308562239449
IXMtest_I17_s6_w1EB7CA00F-DF95-466C-BF8C-6304B6A4974E,surrogate,poisson,-6.0,50,2,0.613588170869649,0.7976646221305437,0.7692307692307693,65,27,12,92,77,15,0.19480519480519481,0.7971051361901837
IXMtest_I17_s6_w1EB7CA00F-DF95-466C-BF8C-6304B6A4974E,surrogate,poisson,-6.0,50,3,0.6029351939985138,0.8007733045292762,0.7529411764705882,64,29,13,93,77,16,0.2077922077922078,0.8072032963639412
IXMtest_I17_s6_w1EB7CA00F-DF95-466C-BF8C-6304B6A4974E,surrogate,poisson,-6.0,200,0,0.6345086348096437,0.8267839786913539,0.7674418604651163,66,29,11,95,77,18,0.23376623376623376,0.833528333187811
IXMtest_I17_s6_w1EB7CA00F-DF95-466C-BF8C-6304B6A4974E,surrogate,poisson,-6.0,200,1,0.6383314722217102,0.8220935627097783,0.7764705882352941,66,27,11,93,77,16,0.2077922077922078,0.8278815585507475
IXMtest_I17_s6_w1EB7CA00F-DF95-466C-BF8C-6304B6A4974E,surrogate,poisson,-6.0,200,2,0.6338728183670209,0.8259554905994515,0.7674418604651163,66,29,11,95,77,18,0.23376623376623376,0.8265170813413826
IXMtest_I17_s6_w1EB7CA00F-DF95-466C-BF8C-6304B6A4974E,surrogate,poisson,-6.0,200,3,0.6304149446706206,0.8214497763889905,0.7674418604651163,66,29,11,95,77,18,0.23376623376623376,0.8250322176169412
IXMtest_I17_s6_w1EB7CA00F-DF95-466C-BF8C-6304B6A4974E,surrogate,poisson,6.0,50,0,0.6026290685988387,0.7926890056184724,0.7602339181286549,65,29,12,94,77,17,0.22077922077922077,0.8019552632959653
IXMtest_I17_s6_w1EB7CA00F-DF95-466C-BF8C-6304B6A4974E,surrogate,poisson,6.0,50,1,0.5907208504312798,0.7891661361230378,0.7485380116959064,64,30,13,94,77,17,0.22077922077922077,0.794176520903327
IXMtest_I17_s6_w1EB7CA00F-DF95-466C-BF8C-6304B6A4974E,surrogate,poisson,6.0,50,2,0.6182871258042725,0.8037732635455542,0.7692307692307693,65,27,12,92,77,15,0.19480519480519481,0.8001266023104922
IXMtest_I17_s6_w1EB7CA00F-DF95-466C-BF8C-6304B6A4974E,surrogate,poisson,6.0,50,3,0.5897927233606246,0.7925339720158393,0.7441860465116279,64,31,13,95,77,18,0.23376623376623376,0.7987348151752663
IXMtest_I17_s6_w1EB7CA00F-DF95-466C-BF8C-6304B6A4974E,surrogate,poisson,6.0,200,0,0.6304129348175253,0.8214471574895027,0.7674418604651163,66,29,11,95,77,18,0.23376623376623376,0.8319991619599661
IXMtest_I17_s6_w1EB7CA00F-DF95-466C-BF8C-6304B6A4974E,surrogate,poisson,6.0,200,1,0.6378788706862348,0.8263430824798951,0.7719298245614035,66,28,11,94,77,17,0.22077922077922077,0.833886668804882
IXMtest_I17_s6_w1EB7CA00F-DF95-466C-BF8C-6304B6A4974E,surrogate,poisson,6.0,200,2,0.6400784920478186,0.8142174935608281,0.7861271676300579,68,28,9,96,77,19,0.24675324675324675,0.8375878138693746
IXMtest_I17_s6_w1EB7CA00F-DF95-466C-BF8C-6304B6A4974E,surrogate,poisson,6.0,200,3,0.6382083424649813,0.8191927977908714,0.7790697674418605,67,28,10,95,77,18,0.23376623376623376,0.8304987578826677
IXMtest_I17_s7_w1BB3D534E-DF08-4F21-BAC6-6B105BB40AF9,clear,deterministic,-6.0,100,-1,0.4308025557356472,0.8137381608340002,0.5294117647058824,27,14,34,41,61,20,0.32786885245901637,0.5242305570134711
IXMtest_I17_s7_w1BB3D534E-DF08-4F21-BAC6-6B105BB40AF9,clear,deterministic,-4.0,100,-1,0.5384482944839254,0.8260286335832947,0.6518518518518519,44,30,17,74,61,13,0.21311475409836064,0.8058590978205779
IXMtest_I17_s7_w1BB3D534E-DF08-4F21-BAC6-6B105BB40AF9,clear,deterministic,-2.0,100,-1,0.578599757170382,0.8442833191363738,0.6853146853146853,49,33,12,82,61,21,0.3442622950819672,0.8771458874987094
IXMtest_I17_s7_w1BB3D534E-DF08-4F21-BAC6-6B105BB40AF9,clear,deterministic,0.0,100,-1,0.583727906135812,0.8517662303818482,0.6853146853146853,49,33,12,82,61,21,0.3442622950819672,0.8809915194082265
IXMtest_I17_s7_w1BB3D534E-DF08-4F21-BAC6-6B105BB40AF9,clear,deterministic,2.0,100,-1,0.578599757170382,0.8442833191363738,0.6853146853146853,49,33,12,82,61,21,0.3442622950819672,0.8771458874987094
IXMtest_I17_s7_w1BB3D534E-DF08-4F21-BAC6-6B105BB40AF9,clear,deterministic,4.0,100,-1,0.5384482944839254,0.8260286335832947,0.6518518518518519,44,30,17,74,61,13,0.21311475409836064,0.8058590978205779
IXMtest_I17_s7_w1BB3D534E-DF08-4F21-BAC6-6B105BB40AF9,clear,deterministic,6.0,100,-1,0.4308025557356472,0.8137381608340002,0.5294117647058824,27,14,34,41,61,20,0.32786885245901637,0.5242305570134711
IXMtest_I17_s7_w1BB3D534E-DF08-4F21-BAC6-6B105BB40AF9,clear,poisson,-6.0,50,0,0.5639065021454858,0.7940724213885412,0.7101449275362319,49,28,12,77,61,16,0.26229508196721313,0.8283492251543003
IXMtest_I17_s7_w1BB3D534E-DF08-4F21-BAC6-6B105BB40AF9,clear,poisson,-6.0,50,1,0.5950949258359066,0.7855253021033967,0.7575757575757576,50,21,11,71,61,10,0.16393442622950818,0.8318939585071904
IXMtest_I17_s7_w1BB3D534E-DF08-4F21-BAC6-6B105BB40AF9,clear,poisson,-6.0,50,2,0.567442973636595,0.8089080688011036,0.7014925373134329,47,26,14,73,61,12,0.19672131147540983,0.8261587496639914
IXMtest_I17_s7_w1BB3D534E-DF08-4F21-BAC6-6B105BB40AF9,clear,poisson,-6.0,50,3,0.5748440352749132,0.8122796150623774,0.7076923076923077,46,23,15,69,61,8,0.13114754098360656,0.8090010431672545
IXMtest_I17_s7_w1BB3D534E-DF08-4F21-BAC6-6B105BB40AF9,clear,poisson,-6.0,200,0,0.5732936400304953,0.8408306720447265,0.6818181818181818,45,26,16,71,61,10,0.16393442622950818,0.8298538005942425
IXMtest_I17_s7_w1BB3D534E-DF08-4F21-BAC6-6B105BB40AF9,clear,poisson,-6.0,200,1,0.5847972637729861,0.8336471632508525,0.7014925373134329,47,26,14,73,61,12,0.19672131147540983,0.8275875535768333
IXMtest_I17_s7_w1BB3D534E-DF08-4F21-BAC6-6B105BB40AF9,clear,poisson,-6.0,200,2,0.6018769540172046,0.8515918604711513,0.706766917293233,47,25,14,72,61,11,0.18032786885245902,0.8314833106766683
IXMtest_I17_s7_w1BB3D534E-DF08-4F21-BAC6-6B105BB40AF9,clear,poisson,-6.0,200,3,0.5946597641595969,0.8402801015298651,0.7076923076923077,46,23,15,69,61,8,0.13114754098360656,0.835747113886104
IXMtest_I17_s7_w1BB3D534E-DF08-4F21-BAC6-6B105BB40AF9,clear,poisson,6.0,50,0,0.5605414891956201,0.8158992787180692,0.6870229007633588,45,25,16,70,61,9,0.14754098360655737,0.8182941164750652
IXMtest_I17_s7_w1BB3D534E-DF08-4F21-BAC6-6B105BB40AF9,clear,poisson,6.0,50,1,0.5675400208944162,0.8142965517180755,0.696969696969697,46,25,15,71,61,10,0.16393442622950818,0.7927030525826885
IXMtest_I17_s7_w1BB3D534E-DF08-4F21-BAC6-6B105BB40AF9,clear,poisson,6.0,50,2,0.5933987598270571,0.7951543381682566,0.746268656716418,50,23,11,73,61,12,0.19672131147540983,0.819359993763642
IXMtest_I17_s7_w1BB3D534E-DF08-4F21-BAC6-6B105BB40AF9,clear,poisson,6.0,50,3,0.5531283329419381,0.8116557059474091,0.6814814814814815,46,28,15,74,61,13,0.21311475409836064,0.8219000725817526
IXMtest_I17_s7_w1BB3D534E-DF08-4F21-BAC6-6B105BB40AF9,clear,poisson,6.0,200,0,0.5703346443386484,0.8364908116966844,0.6818181818181818,45,26,16,71,61,10,0.16393442622950818,0.8033154655548937
IXMtest_I17_s7_w1BB3D534E-DF08-4F21-BAC6-6B105BB40AF9,clear,poisson,6.0,200,1,0.5861209496403033,0.8355341197000068,0.7014925373134329,47,26,14,73,61,12,0.19672131147540983,0.8413592763003978
IXMtest_I17_s7_w1BB3D534E-DF08-4F21-BAC6-6B105BB40AF9,clear,poisson,6.0,200,2,0.5970149477660567,0.8320101931633342,0.7175572519083969,47,23,14,70,61,9,0.14754098360655737,0.7991005243624568
IXMtest_I17_s7_w1BB3D534E-DF08-4F21-BAC6-6B105BB40AF9,clear,poisson,6.0,200,3,0.6016667047433008,0.8335590805297812,0.7218045112781954,48,24,13,72,61,11,0.18032786885245902,0.8458118582051383
IXMtest_I17_s7_w1BB3D534E-DF08-4F21-BAC6-6B105BB40AF9,cubic,deterministic,-6.0,100,-1,0.4308025557356472,0.8137381608340002,0.5294117647058824,27,14,34,41,61,20,0.32786885245901637,0.5242305570134711
IXMtest_I17_s7_w1BB3D534E-DF08-4F21-BAC6-6B105BB40AF9,cubic,deterministic,-4.0,100,-1,0.5384482944839254,0.8260286335832947,0.6518518518518519,44,30,17,74,61,13,0.21311475409836064,0.8058590978205779
IXMtest_I17_s7_w1BB3D534E-DF08-4F21-BAC6-6B105BB40AF9,cubic,deterministic,-2.0,100,-1,0.578599757170382,0.8442833191363738,0.6853146853146853,49,33,12,82,61,21,0.3442622950819672,0.8771458874987094
IXMtest_I17_s7_w1BB3D534E-DF08-4F21-BAC6-6B105BB40AF9,cubic,deterministic,0.0,100,-1,0.583727906135812,0.8517662303818482,0.6853146853146853,49,33,12,82,61,21,0.3442622950819672,0.8809915194082265
IXMtest_I17_s7_w1BB3D534E-DF08-4F21-BAC6-6B105BB40AF9,cubic,deterministic,2.0,100,-1,0.578599757170382,0.8442833191363738,0.6853146853146853,49,33,12,82,61,21,0.3442622950819672,0.8771458874987094
IXMtest_I17_s7_w1BB3D534E-DF08-4F21-BAC6-6B105BB40AF9,cubic,deterministic,4.0,100,-1,0.5384482944839254,0.8260286335832947,0.6518518518518519,44,30,17,74,61,13,0.21311475409836064,0.8058590978205779
IXMtest_I17_s7_w1BB3D534E-DF08-4F21-BAC6-6B105BB40AF9,cubic,deterministic,6.0,100,-1,0.4308025557356472,0.8137381608340002,0.5294117647058824,27,14,34,41,61,20,0.32786885245901637,0.5242305570134711
IXMtest_I17_s7_w1BB3D534E-DF08-4F21-BAC6-6B105BB40AF9,cubic,poisson,-6.0,50,0,0.5639065021454858,0.7940724213885412,0.7101449275362319,49,28,12,77,61,16,0.26229508196721313,0.8283492251543003
IXMtest_I17_s7_w1BB3D534E-DF08-4F21-BAC6-6B105BB40AF9,cubic,poisson,-6.0,50,1,0.5950949258359066,0.7855253021033967,0.7575757575757576,50,21,11,71,61,10,0.16393442622950818,0.8318939585071904
IXMtest_I17_s7_w1BB3D534E-DF08-4F21-BAC6-6B105BB40AF9,cubic,poisson,-6.0,50,2,0.567442973636595,0.8089080688011036,0.7014925373134329,47,26,14,73,61,12,0.19672131147540983,0.8261587496639914
IXMtest_I17_s7_w1BB3D534E-DF08-4F21-BAC6-6B105BB40AF9,cubic,poisson,-6.0,50,3,0.5748440352749132,0.8122796150623774,0.7076923076923077,46,23,15,69,61,8,0.13114754098360656,0.8090010431672545
IXMtest_I17_s7_w1BB3D534E-DF08-4F21-BAC6-6B105BB40AF9,cubic,poisson,-6.0,200,0,0.5732936400304953,0.8408306720447265,0.6818181818181818,45,26,16,71,61,10,0.16393442622950818,0.8298538005942425
IXMtest_I17_s7_w1BB3D534E-DF08-4F21-BAC6-6B105BB40AF9,cubic,poisson,-6.0,200,1,0.5847972637729861,0.8336471632508525,0.7014925373134329,47,26,14,73,61,12,0.19672131147540983,0.8275875535768333
IXMtest_I17_s7_w1BB3D534E-DF08-4F21-BAC6-6B105BB40AF9,cubic,poisson,-6.0,200,2,0.6018769540172046,0.8515918604711513,0.706766917293233,47,25,14,72,61,11,0.18032786885245902,0.8314833106766683
IXMtest_I17_s7_w1BB3D534E-DF08-4F21-BAC6-6B105BB40AF9,cubic,poisson,-6.0,200,3,0.5946597641595969,0.8402801015298651,0.7076923076923077,46,23,15,69,61,8,0.13114754098360656,0.835747113886104
IXMtest_I17_s7_w1BB3D534E-DF08-4F21-BAC6-6B105BB40AF9,cubic,poisson,6.0,50,0,0.5605414891956201,0.8158992787180692,0.6870229007633588,45,25,16,70,61,9,0.14754098360655737,0.8182941164750652
IXMtest_I17_s7_w1BB3D534E-DF08-4F21-BAC6-6B105BB40AF9,cubic,poisson,6.0,50,1,0.5675400208944162,0.8142965517180755,0.696969696969697,46,25,15,71,61,10,0.16393442622950818,0.7927030525826885
IXMtest_I17_s7_w1BB3D534E-DF08-4F21-BAC6-6B105BB40AF9,cubic,poisson,6.0,50,2,0.5933987598270571,0.7951543381682566,0.746268656716418,50,23,11,73,61,12,0.19672131147540983,0.819359993763642
IXMtest_I17_s7_w1BB3D534E-DF08-4F21-BAC6-6B105BB40AF9,cubic,poisson,6.0,50,3,0.5531283329419381,0.8116557059474091,0.6814814814814815,46,28,15,74,61,13,0.21311475409836064,0.8219000725817526
IXMtest_I17_s7_w1BB3D534E-DF08-4F21-BAC6-6B105BB40AF9,cubic,poisson,6.0,200,0,0.5703346443386484,0.8364908116966844,0.6818181818181818,45,26,16,71,61,10,0.16393442622950818,0.8033154655548937
IXMtest_I17_s7_w1BB3D534E-DF08-4F21-BAC6-6B105BB40AF9,cubic,poisson,6.0,200,1,0.5861209496403033,0.8355341197000068,0.7014925373134329,47,26,14,73,61,12,0.19672131147540983,0.8413592763003978
IXMtest_I17_s7_w1BB3D534E-DF08-4F21-BAC6-6B105BB40AF9,cubic,poisson,6.0,200,2,0.5970149477660567,0.8320101931633342,0.7175572519083969,47,23,14,70,61,9,0.14754098360655737,0.7991005243624568
IXMtest_I17_s7_w1BB3D534E-DF08-4F21-BAC6-6B105BB40AF9,cubic,poisson,6.0,200,3,0.6016667047433008,0.8335590805297812,0.7218045112781954,48,24,13,72,61,11,0.18032786885245902,0.8458118582051383
IXMtest_I17_s7_w1BB3D534E-DF08-4F21-BAC6-6B105BB40AF9,image_fidelity,deterministic,-6.0,100,-1,0.4303860884806501,0.8129515004634501,0.5294117647058824,27,14,34,41,61,20,0.32786885245901637,0.5242611351009592
IXMtest_I17_s7_w1BB3D534E-DF08-4F21-BAC6-6B105BB40AF9,image_fidelity,deterministic,-4.0,100,-1,0.5389140355385766,0.8267431227012255,0.6518518518518519,44,30,17,74,61,13,0.21311475409836064,0.806098672880154
IXMtest_I17_s7_w1BB3D534E-DF08-4F21-BAC6-6B105BB40AF9,image_fidelity,deterministic,-2.0,100,-1,0.5787766100962627,0.844541380038424,0.6853146853146853,49,33,12,82,61,21,0.3442622950819672,0.8772911133426557
IXMtest_I17_s7_w1BB3D534E-DF08-4F21-BAC6-6B105BB40AF9,image_fidelity,deterministic,0.0,100,-1,0.5836846640933702,0.8517031322995096,0.6853146853146853,49,33,12,82,61,21,0.3442622950819672,0.8809870731525069
IXMtest_I17_s7_w1BB3D534E-DF08-4F21-BAC6-6B105BB40AF9,image_fidelity,deterministic,2.0,100,-1,0.5786275408468257,0.8443238606234292,0.6853146853146853,49,33,12,82,61,21,0.3442622950819672,0.8771742089305661
IXMtest_I17_s7_w1BB3D534E-DF08-4F21-BAC6-6B105BB40AF9,image_fidelity,deterministic,4.0,100,-1,0.5381204513761578,0.8255256924520604,0.6518518518518519,44,30,17,74,61,13,0.21311475409836064,0.8054023361453602
IXMtest_I17_s7_w1BB3D534E-DF08-4F21-BAC6-6B105BB40AF9,image_fidelity,deterministic,6.0,100,-1,0.43031720569695325,0.8128213885386896,0.5294117647058824,27,14,34,41,61,20,0.32786885245901637,0.5239460121378494
IXMtest_I17_s7_w1BB3D534E-DF08-4F21-BAC6-6B105BB40AF9,image_fidelity,poisson,-6.0,50,0,0.5422031161169227,0.8015176499119727,0.6764705882352942,46,29,15,75,61,14,0.22950819672131148,0.8125529614586682
IXMtest_I17_s7_w1BB3D534E-DF08-4F21-BAC6-6B105BB40AF9,image_fidelity,poisson,-6.0,50,1,0.5741410145787342,0.8050455530506164,0.7131782945736435,46,22,15,68,61,7,0.11475409836065574,0.7962037367606807
IXMtest_I17_s7_w1BB3D534E-DF08-4F21-BAC6-6B105BB40AF9,image_fidelity,poisson,-6.0,50,2,0.5820810888608282,0.7942981525080052,0.732824427480916,48,22,13,70,61,9,0.14754098360655737,0.8097576461018026
IXMtest_I17_s7_w1BB3D534E-DF08-4F21-BAC6-6B105BB40AF9,image_fidelity,poisson,-6.0,50,3,0.5985323187126985,0.7980430916169313,0.75,48,19,13,67,61,6,0.09836065573770492,0.8023279108902956
IXMtest_I17_s7_w1BB3D534E-DF08-4F21-BAC6-6B105BB40AF9,image_fidelity,poisson,-6.0,200,0,0.5932596676095706,0.8330880438772693,0.7121212121212122,47,24,14,71,61,10,0.16393442622950818,0.8142556662931729
IXMtest_I17_s7_w1BB3D534E-DF08-4F21-BAC6-6B105BB40AF9,image_fidelity,poisson,-6.0,200,1,0.5802779472699635,0.845187444936686,0.6865671641791045,46,27,15,73,61,12,0.19672131147540983,0.8227653658441735
IXMtest_I17_s7_w1BB3D534E-DF08-4F21-BAC6-6B105BB40AF9,image_fidelity,poisson,-6.0,200,2,0.5448197211603462,0.8296118481305271,0.6567164179104478,44,29,17,73,61,12,0.19672131147540983,0.8165303910944735
IXMtest_I17_s7_w1BB3D534E-DF08-4F21-BAC6-6B105BB40AF9,image_fidelity,poisson,-6.0,200,3,0.5838344788216989,0.8376755565702637,0.696969696969697,46,25,15,71,61,10,0.16393442622950818,0.8108023175881371
IXMtest_I17_s7_w1BB3D534E-DF08-4F21-BAC6-6B105BB40AF9,image_fidelity,poisson,6.0,50,0,0.5677785603739434,0.8146388040147883,0.696969696969697,46,25,15,71,61,10,0.16393442622950818,0.8054753060943733
IXMtest_I17_s7_w1BB3D534E-DF08-4F21-BAC6-6B105BB40AF9,image_fidelity,poisson,6.0,50,1,0.5993637215270613,0.8161548548453601,0.734375,47,20,14,67,61,6,0.09836065573770492,0.8029433232723757
IXMtest_I17_s7_w1BB3D534E-DF08-4F21-BAC6-6B105BB40AF9,image_fidelity,poisson,6.0,50,2,0.5949820464077141,0.8213339118889098,0.7244094488188977,46,20,15,66,61,5,0.08196721311475409,0.7951665604080331
IXMtest_I17_s7_w1BB3D534E-DF08-4F21-BAC6-6B105BB40AF9,image_fidelity,poisson,6.0,50,3,0.5568828646165944,0.799005849232505,0.696969696969697,46,25,15,71,61,10,0.16393442622950818,0.7944397219860994
IXMtest_I17_s7_w1BB3D534E-DF08-4F21-BAC6-6B105BB40AF9,image_fidelity,poisson,6.0,200,0,0.5742283939070361,0.8482919455444851,0.676923076923077,44,25,17,69,61,8,0.13114754098360656,0.8072934859629337
IXMtest_I17_s7_w1BB3D534E-DF08-4F21-BAC6-6B105BB40AF9,image_fidelity,poisson,6.0,200,1,0.630802387756345,0.8367786776359679,0.7538461538461538,49,20,12,69,61,8,0.13114754098360656,0.8431482299798694
IXMtest_I17_s7_w1BB3D534E-DF08-4F21-BAC6-6B105BB40AF9,image_fidelity,poisson,6.0,200,2,0.5786265824763196,0.8422231367155318,0.6870229007633588,45,25,16,70,61,9,0.14754098360655737,0.8184318712844932
IXMtest_I17_s7_w1BB3D534E-DF08-4F21-BAC6-6B105BB40AF9,image_fidelity,poisson,6.0,200,3,0.5914723845677268,0.8379192114709463,0.7058823529411765,48,27,13,75,61,14,0.22950819672131148,0.8397822001638318
IXMtest_I17_s7_w1BB3D534E-DF08-4F21-BAC6-6B105BB40AF9,exact_task,deterministic,-6.0,100,-1,0.4583264477091546,0.7987975231502409,0.5737704918032787,35,26,26,61,61,0,0.0,0.6644521306347956
IXMtest_I17_s7_w1BB3D534E-DF08-4F21-BAC6-6B105BB40AF9,exact_task,deterministic,-4.0,100,-1,0.5695280418713962,0.818696560190132,0.6956521739130435,48,29,13,77,61,16,0.26229508196721313,0.8376300050086916
IXMtest_I17_s7_w1BB3D534E-DF08-4F21-BAC6-6B105BB40AF9,exact_task,deterministic,-2.0,100,-1,0.594014489588494,0.8485921279835629,0.7,49,30,12,79,61,18,0.29508196721311475,0.86530055432266
IXMtest_I17_s7_w1BB3D534E-DF08-4F21-BAC6-6B105BB40AF9,exact_task,deterministic,0.0,100,-1,0.5942856852158643,0.8550436899534375,0.6950354609929078,49,31,12,80,61,19,0.3114754098360656,0.86915637268984
IXMtest_I17_s7_w1BB3D534E-DF08-4F21-BAC6-6B105BB40AF9,exact_task,deterministic,2.0,100,-1,0.589372010954722,0.8479740157613858,0.6950354609929078,49,31,12,80,61,19,0.3114754098360656,0.8658317055421502
IXMtest_I17_s7_w1BB3D534E-DF08-4F21-BAC6-6B105BB40AF9,exact_task,deterministic,4.0,100,-1,0.5666160063757787,0.8204127592315963,0.6906474820143885,48,30,13,78,61,17,0.2786885245901639,0.8378675029400235
IXMtest_I17_s7_w1BB3D534E-DF08-4F21-BAC6-6B105BB40AF9,exact_task,deterministic,6.0,100,-1,0.4923470410650645,0.7968248164605649,0.6178861788617886,38,24,23,62,61,1,0.01639344262295082,0.7005290771035796
IXMtest_I17_s7_w1BB3D534E-DF08-4F21-BAC6-6B105BB40AF9,exact_task,poisson,-6.0,50,0,0.5826920377762126,0.7996518390758662,0.7286821705426356,47,21,14,68,61,7,0.11475409836065574,0.7937221952500322
IXMtest_I17_s7_w1BB3D534E-DF08-4F21-BAC6-6B105BB40AF9,exact_task,poisson,-6.0,50,1,0.5799448356823983,0.7989036001747324,0.725925925925926,49,25,12,74,61,13,0.21311475409836064,0.8260594439117929
IXMtest_I17_s7_w1BB3D534E-DF08-4F21-BAC6-6B105BB40AF9,exact_task,poisson,-6.0,50,2,0.5504446244532023,0.8131568315785942,0.676923076923077,44,25,17,69,61,8,0.13114754098360656,0.8149216288555936
IXMtest_I17_s7_w1BB3D534E-DF08-4F21-BAC6-6B105BB40AF9,exact_task,poisson,-6.0,50,3,0.5191639947146447,0.8230648696695587,0.6307692307692307,41,28,20,69,61,8,0.13114754098360656,0.7878297200315851
IXMtest_I17_s7_w1BB3D534E-DF08-4F21-BAC6-6B105BB40AF9,exact_task,poisson,-6.0,200,0,0.6008946353675966,0.8324894427488577,0.7218045112781954,48,24,13,72,61,11,0.18032786885245902,0.823429476041546
IXMtest_I17_s7_w1BB3D534E-DF08-4F21-BAC6-6B105BB40AF9,exact_task,poisson,-6.0,200,1,0.6080480748422443,0.8208649010370298,0.7407407407407407,50,24,11,74,61,13,0.21311475409836064,0.8545010500707966
IXMtest_I17_s7_w1BB3D534E-DF08-4F21-BAC6-6B105BB40AF9,exact_task,poisson,-6.0,200,2,0.5768672916806995,0.8232376975026648,0.7007299270072993,48,28,13,76,61,15,0.2459016393442623,0.8406857402791862
IXMtest_I17_s7_w1BB3D534E-DF08-4F21-BAC6-6B105BB40AF9,exact_task,poisson,-6.0,200,3,0.5935813446008249,0.83472376584491,0.7111111111111111,48,26,13,74,61,13,0.21311475409836064,0.8385921404044258
IXMtest_I17_s7_w1BB3D534E-DF08-4F21-BAC6-6B105BB40AF9,exact_task,poisson,6.0,50,0,0.5479672788131598,0.8158623928995935,0.6716417910447762,45,28,16,73,61,12,0.19672131147540983,0.8207622264934863
IXMtest_I17_s7_w1BB3D534E-DF08-4F21-BAC6-6B105BB40AF9,exact_task,poisson,6.0,50,1,0.5478187726163783,0.797380657919395,0.6870229007633588,45,25,16,70,61,9,0.14754098360655737,0.7895792771513002
IXMtest_I17_s7_w1BB3D534E-DF08-4F21-BAC6-6B105BB40AF9,exact_task,poisson,6.0,50,2,0.638038291199954,0.8131860574117061,0.7846153846153846,51,18,10,69,61,8,0.13114754098360656,0.8158944012790391
IXMtest_I17_s7_w1BB3D534E-DF08-4F21-BAC6-6B105BB40AF9,exact_task,poisson,6.0,50,3,0.6044823077012048,0.805976410268273,0.75,48,19,13,67,61,6,0.09836065573770492,0.8062036836828966
IXMtest_I17_s7_w1BB3D534E-DF08-4F21-BAC6-6B105BB40AF9,exact_task,poisson,6.0,200,0,0.584536124436666,0.8290869520071079,0.7050359712230215,49,29,12,78,61,17,0.2786885245901639,0.8580940802394089
IXMtest_I17_s7_w1BB3D534E-DF08-4F21-BAC6-6B105BB40AF9,exact_task,poisson,6.0,200,1,0.596379272595718,0.8276283782960984,0.7205882352941176,49,26,12,75,61,14,0.22950819672131148,0.8475492744718061
IXMtest_I17_s7_w1BB3D534E-DF08-4F21-BAC6-6B105BB40AF9,exact_task,poisson,6.0,200,2,0.5807428852255445,0.816669682348422,0.7111111111111111,48,26,13,74,61,13,0.21311475409836064,0.8429204813727184
IXMtest_I17_s7_w1BB3D534E-DF08-4F21-BAC6-6B105BB40AF9,exact_task,poisson,6.0,200,3,0.6165938185706774,0.82212509142757,0.75,51,24,10,75,61,14,0.22950819672131148,0.8556410280435129
IXMtest_I17_s7_w1BB3D534E-DF08-4F21-BAC6-6B105BB40AF9,surrogate,deterministic,-6.0,100,-1,0.43725898118451545,0.8042441975358052,0.5436893203883495,28,14,33,42,61,19,0.3114754098360656,0.5336175882744837
IXMtest_I17_s7_w1BB3D534E-DF08-4F21-BAC6-6B105BB40AF9,surrogate,deterministic,-4.0,100,-1,0.5349772093707593,0.826782959936628,0.6470588235294118,44,31,17,75,61,14,0.22950819672131148,0.8097629853756934
IXMtest_I17_s7_w1BB3D534E-DF08-4F21-BAC6-6B105BB40AF9,surrogate,deterministic,-2.0,100,-1,0.5799927215058304,0.8463159099523851,0.6853146853146853,49,33,12,82,61,21,0.3442622950819672,0.8779832879541827
IXMtest_I17_s7_w1BB3D534E-DF08-4F21-BAC6-6B105BB40AF9,surrogate,deterministic,0.0,100,-1,0.5872412533853762,0.8568928493276409,0.6853146853146853,49,33,12,82,61,21,0.3442622950819672,0.882989844683393
IXMtest_I17_s7_w1BB3D534E-DF08-4F21-BAC6-6B105BB40AF9,surrogate,deterministic,2.0,100,-1,0.5799844332462117,0.8463038158592682,0.6853146853146853,49,33,12,82,61,21,0.3442622950819672,0.8779956427015251
IXMtest_I17_s7_w1BB3D534E-DF08-4F21-BAC6-6B105BB40AF9,surrogate,deterministic,4.0,100,-1,0.5424228332928006,0.8196611703091209,0.6617647058823529,45,30,16,75,61,14,0.22950819672131148,0.8100382283817996
IXMtest_I17_s7_w1BB3D534E-DF08-4F21-BAC6-6B105BB40AF9,surrogate,deterministic,6.0,100,-1,0.43329406387706687,0.8046889757716956,0.5384615384615384,28,15,33,43,61,18,0.29508196721311475,0.5417102874332437
IXMtest_I17_s7_w1BB3D534E-DF08-4F21-BAC6-6B105BB40AF9,surrogate,poisson,-6.0,50,0,0.5308669911778373,0.8020707801491238,0.6618705035971223,46,32,15,78,61,17,0.2786885245901639,0.809018287829531
IXMtest_I17_s7_w1BB3D534E-DF08-4F21-BAC6-6B105BB40AF9,surrogate,poisson,-6.0,50,1,0.5638570589431219,0.8090123019618705,0.696969696969697,46,25,15,71,61,10,0.16393442622950818,0.7881421359992081
IXMtest_I17_s7_w1BB3D534E-DF08-4F21-BAC6-6B105BB40AF9,surrogate,poisson,-6.0,50,2,0.6057535785565604,0.8076714380754139,0.75,48,19,13,67,61,6,0.09836065573770492,0.7977356847376442
IXMtest_I17_s7_w1BB3D534E-DF08-4F21-BAC6-6B105BB40AF9,surrogate,poisson,-6.0,50,3,0.5873156310155965,0.7953232503336203,0.7384615384615385,48,21,13,69,61,8,0.13114754098360656,0.8067154203035307
IXMtest_I17_s7_w1BB3D534E-DF08-4F21-BAC6-6B105BB40AF9,surrogate,poisson,-6.0,200,0,0.6159953302769227,0.8359936625186808,0.7368421052631579,49,23,12,72,61,11,0.18032786885245902,0.8370204125253821
IXMtest_I17_s7_w1BB3D534E-DF08-4F21-BAC6-6B105BB40AF9,surrogate,poisson,-6.0,200,1,0.5879873271112844,0.8159824131340273,0.7205882352941176,49,26,12,75,61,14,0.22950819672131148,0.8472106979526465
IXMtest_I17_s7_w1BB3D534E-DF08-4F21-BAC6-6B105BB40AF9,surrogate,poisson,-6.0,200,2,0.5845892362026028,0.8387584693341693,0.696969696969697,46,25,15,71,61,10,0.16393442622950818,0.8160959004895084
IXMtest_I17_s7_w1BB3D534E-DF08-4F21-BAC6-6B105BB40AF9,surrogate,poisson,-6.0,200,3,0.6209837318997756,0.8364270674568407,0.7424242424242424,49,22,12,71,61,10,0.16393442622950818,0.8407216994858862
IXMtest_I17_s7_w1BB3D534E-DF08-4F21-BAC6-6B105BB40AF9,surrogate,poisson,6.0,50,0,0.5961777122066625,0.8073239852798554,0.7384615384615385,48,21,13,69,61,8,0.13114754098360656,0.8106342827530237
IXMtest_I17_s7_w1BB3D534E-DF08-4F21-BAC6-6B105BB40AF9,surrogate,poisson,6.0,50,1,0.5786043512460523,0.8125082379199883,0.7121212121212122,47,24,14,71,61,10,0.16393442622950818,0.8217063318245973
IXMtest_I17_s7_w1BB3D534E-DF08-4F21-BAC6-6B105BB40AF9,surrogate,poisson,6.0,50,2,0.5715923604520672,0.7978476697976772,0.7164179104477612,48,25,13,73,61,12,0.19672131147540983,0.8317137038114635
IXMtest_I17_s7_w1BB3D534E-DF08-4F21-BAC6-6B105BB40AF9,surrogate,poisson,6.0,50,3,0.5776349964127863,0.8111470162392318,0.7121212121212122,47,24,14,71,61,10,0.16393442622950818,0.7978332594671788
IXMtest_I17_s7_w1BB3D534E-DF08-4F21-BAC6-6B105BB40AF9,surrogate,poisson,6.0,200,0,0.58338165359377,0.8264573425911742,0.7058823529411765,48,27,13,75,61,14,0.22950819672131148,0.849361045474273
IXMtest_I17_s7_w1BB3D534E-DF08-4F21-BAC6-6B105BB40AF9,surrogate,poisson,6.0,200,1,0.6042946563099038,0.8371998884293458,0.7218045112781954,48,24,13,72,61,11,0.18032786885245902,0.8228241087677979
IXMtest_I17_s7_w1BB3D534E-DF08-4F21-BAC6-6B105BB40AF9,surrogate,poisson,6.0,200,2,0.6026211973249694,0.8411587545994365,0.7164179104477612,48,25,13,73,61,12,0.19672131147540983,0.8375619826737927
IXMtest_I17_s7_w1BB3D534E-DF08-4F21-BAC6-6B105BB40AF9,surrogate,poisson,6.0,200,3,0.6248004550424427,0.8351924450057142,0.7480916030534351,49,21,12,70,61,9,0.14754098360655737,0.8289612986707446
IXMtest_I23_s5_w1E3053D6B-8CEF-48E3-A6A5-2F0D7C1AA177,clear,deterministic,-6.0,100,-1,0.5652634080604338,0.8478951120906508,0.6666666666666666,16,12,4,28,20,8,0.4,0.8373042069255237
IXMtest_I23_s5_w1E3053D6B-8CEF-48E3-A6A5-2F0D7C1AA177,clear,deterministic,-4.0,100,-1,0.5597982998425114,0.8571911466338455,0.6530612244897959,16,13,4,29,20,9,0.45,0.8491438051786455
IXMtest_I23_s5_w1E3053D6B-8CEF-48E3-A6A5-2F0D7C1AA177,clear,deterministic,-2.0,100,-1,0.5744629911909139,0.861694486786371,0.6666666666666666,16,12,4,28,20,8,0.4,0.8522490318736967
IXMtest_I23_s5_w1E3053D6B-8CEF-48E3-A6A5-2F0D7C1AA177,clear,deterministic,0.0,100,-1,0.5741351424710218,0.8612027137065327,0.6666666666666666,16,12,4,28,20,8,0.4,0.8521780670587884
IXMtest_I23_s5_w1E3053D6B-8CEF-48E3-A6A5-2F0D7C1AA177,clear,deterministic,2.0,100,-1,0.5744629911909139,0.861694486786371,0.6666666666666666,16,12,4,28,20,8,0.4,0.8522490318736967
IXMtest_I23_s5_w1E3053D6B-8CEF-48E3-A6A5-2F0D7C1AA177,clear,deterministic,4.0,100,-1,0.5597982998425114,0.8571911466338455,0.6530612244897959,16,13,4,29,20,9,0.45,0.8491438051786455
IXMtest_I23_s5_w1E3053D6B-8CEF-48E3-A6A5-2F0D7C1AA177,clear,deterministic,6.0,100,-1,0.5652634080604338,0.8478951120906508,0.6666666666666666,16,12,4,28,20,8,0.4,0.8373042069255237
IXMtest_I23_s5_w1E3053D6B-8CEF-48E3-A6A5-2F0D7C1AA177,clear,poisson,-6.0,50,0,0.5832343109469373,0.8233896154544997,0.7083333333333334,17,11,3,28,20,8,0.4,0.8387367478810596
IXMtest_I23_s5_w1E3053D6B-8CEF-48E3-A6A5-2F0D7C1AA177,clear,poisson,-6.0,50,1,0.6224988241390061,0.8127067981814803,0.7659574468085106,18,9,2,27,20,7,0.35,0.8349655828529856
IXMtest_I23_s5_w1E3053D6B-8CEF-48E3-A6A5-2F0D7C1AA177,clear,poisson,-6.0,50,2,0.679515500570379,0.8225713954273008,0.8260869565217391,19,7,1,26,20,6,0.3,0.8397793134195274
IXMtest_I23_s5_w1E3053D6B-8CEF-48E3-A6A5-2F0D7C1AA177,clear,poisson,-6.0,50,3,0.622832426893944,0.7867356971291924,0.7916666666666666,19,9,1,28,20,8,0.4,0.8417027215631542
IXMtest_I23_s5_w1E3053D6B-8CEF-48E3-A6A5-2F0D7C1AA177,clear,poisson,-6.0,200,0,0.564703591082072,0.847055386623108,0.6666666666666666,16,12,4,28,20,8,0.4,0.847602495797601
IXMtest_I23_s5_w1E3053D6B-8CEF-48E3-A6A5-2F0D7C1AA177,clear,poisson,-6.0,200,1,0.5871779196726057,0.8289570630672081,0.7083333333333334,17,11,3,28,20,8,0.4,0.8458702064896755
IXMtest_I23_s5_w1E3053D6B-8CEF-48E3-A6A5-2F0D7C1AA177,clear,poisson,-6.0,200,2,0.5863690919391416,0.8278151886199645,0.7083333333333334,17,11,3,28,20,8,0.4,0.8456406325412372
IXMtest_I23_s5_w1E3053D6B-8CEF-48E3-A6A5-2F0D7C1AA177,clear,poisson,-6.0,200,3,0.5861935547777065,0.8275673714508798,0.7083333333333334,17,11,3,28,20,8,0.4,0.8451361424872678
IXMtest_I23_s5_w1E3053D6B-8CEF-48E3-A6A5-2F0D7C1AA177,clear,poisson,6.0,50,0,0.6238218230438318,0.7879854606869454,0.7916666666666666,19,9,1,28,20,8,0.4,0.8358934256828464
IXMtest_I23_s5_w1E3053D6B-8CEF-48E3-A6A5-2F0D7C1AA177,clear,poisson,6.0,50,1,0.5779321336941017,0.8159041887446141,0.7083333333333334,17,11,3,28,20,8,0.4,0.8363819997755583
IXMtest_I23_s5_w1E3053D6B-8CEF-48E3-A6A5-2F0D7C1AA177,clear,poisson,6.0,50,2,0.6499087241264947,0.8038344745775067,0.8085106382978723,19,8,1,27,20,7,0.35,0.8355679442508711
IXMtest_I23_s5_w1E3053D6B-8CEF-48E3-A6A5-2F0D7C1AA177,clear,poisson,6.0,50,3,0.5774830755268694,0.8152702242732274,0.7083333333333334,17,11,3,28,20,8,0.4,0.8386430843050828
IXMtest_I23_s5_w1E3053D6B-8CEF-48E3-A6A5-2F0D7C1AA177,clear,poisson,6.0,200,0,0.5647369624570434,0.8471054436855651,0.6666666666666666,16,12,4,28,20,8,0.4,0.8441300147744062
IXMtest_I23_s5_w1E3053D6B-8CEF-48E3-A6A5-2F0D7C1AA177,clear,poisson,6.0,200,1,0.6093605291598932,0.8124807055465244,0.75,18,10,2,28,20,8,0.4,0.8456639181120273
IXMtest_I23_s5_w1E3053D6B-8CEF-48E3-A6A5-2F0D7C1AA177,clear,poisson,6.0,200,2,0.588406422349495,0.8306914197875225,0.7083333333333334,17,11,3,28,20,8,0.4,0.8463377155540379
IXMtest_I23_s5_w1E3053D6B-8CEF-48E3-A6A5-2F0D7C1AA177,clear,poisson,6.0,200,3,0.5902305373875144,0.8332666410176673,0.7083333333333334,17,11,3,28,20,8,0.4,0.8497199039670744
IXMtest_I23_s5_w1E3053D6B-8CEF-48E3-A6A5-2F0D7C1AA177,cubic,deterministic,-6.0,100,-1,0.5652634080604338,0.8478951120906508,0.6666666666666666,16,12,4,28,20,8,0.4,0.8373042069255237
IXMtest_I23_s5_w1E3053D6B-8CEF-48E3-A6A5-2F0D7C1AA177,cubic,deterministic,-4.0,100,-1,0.5597982998425114,0.8571911466338455,0.6530612244897959,16,13,4,29,20,9,0.45,0.8491438051786455
IXMtest_I23_s5_w1E3053D6B-8CEF-48E3-A6A5-2F0D7C1AA177,cubic,deterministic,-2.0,100,-1,0.5744629911909139,0.861694486786371,0.6666666666666666,16,12,4,28,20,8,0.4,0.8522490318736967
IXMtest_I23_s5_w1E3053D6B-8CEF-48E3-A6A5-2F0D7C1AA177,cubic,deterministic,0.0,100,-1,0.5741351424710218,0.8612027137065327,0.6666666666666666,16,12,4,28,20,8,0.4,0.8521780670587884
IXMtest_I23_s5_w1E3053D6B-8CEF-48E3-A6A5-2F0D7C1AA177,cubic,deterministic,2.0,100,-1,0.5744629911909139,0.861694486786371,0.6666666666666666,16,12,4,28,20,8,0.4,0.8522490318736967
IXMtest_I23_s5_w1E3053D6B-8CEF-48E3-A6A5-2F0D7C1AA177,cubic,deterministic,4.0,100,-1,0.5597982998425114,0.8571911466338455,0.6530612244897959,16,13,4,29,20,9,0.45,0.8491438051786455
IXMtest_I23_s5_w1E3053D6B-8CEF-48E3-A6A5-2F0D7C1AA177,cubic,deterministic,6.0,100,-1,0.5652634080604338,0.8478951120906508,0.6666666666666666,16,12,4,28,20,8,0.4,0.8373042069255237
IXMtest_I23_s5_w1E3053D6B-8CEF-48E3-A6A5-2F0D7C1AA177,cubic,poisson,-6.0,50,0,0.5832343109469373,0.8233896154544997,0.7083333333333334,17,11,3,28,20,8,0.4,0.8387367478810596
IXMtest_I23_s5_w1E3053D6B-8CEF-48E3-A6A5-2F0D7C1AA177,cubic,poisson,-6.0,50,1,0.6224988241390061,0.8127067981814803,0.7659574468085106,18,9,2,27,20,7,0.35,0.8349655828529856
IXMtest_I23_s5_w1E3053D6B-8CEF-48E3-A6A5-2F0D7C1AA177,cubic,poisson,-6.0,50,2,0.679515500570379,0.8225713954273008,0.8260869565217391,19,7,1,26,20,6,0.3,0.8397793134195274
IXMtest_I23_s5_w1E3053D6B-8CEF-48E3-A6A5-2F0D7C1AA177,cubic,poisson,-6.0,50,3,0.622832426893944,0.7867356971291924,0.7916666666666666,19,9,1,28,20,8,0.4,0.8417027215631542
IXMtest_I23_s5_w1E3053D6B-8CEF-48E3-A6A5-2F0D7C1AA177,cubic,poisson,-6.0,200,0,0.564703591082072,0.847055386623108,0.6666666666666666,16,12,4,28,20,8,0.4,0.847602495797601
IXMtest_I23_s5_w1E3053D6B-8CEF-48E3-A6A5-2F0D7C1AA177,cubic,poisson,-6.0,200,1,0.5871779196726057,0.8289570630672081,0.7083333333333334,17,11,3,28,20,8,0.4,0.8458702064896755
IXMtest_I23_s5_w1E3053D6B-8CEF-48E3-A6A5-2F0D7C1AA177,cubic,poisson,-6.0,200,2,0.5863690919391416,0.8278151886199645,0.7083333333333334,17,11,3,28,20,8,0.4,0.8456406325412372
IXMtest_I23_s5_w1E3053D6B-8CEF-48E3-A6A5-2F0D7C1AA177,cubic,poisson,-6.0,200,3,0.5861935547777065,0.8275673714508798,0.7083333333333334,17,11,3,28,20,8,0.4,0.8451361424872678
IXMtest_I23_s5_w1E3053D6B-8CEF-48E3-A6A5-2F0D7C1AA177,cubic,poisson,6.0,50,0,0.6238218230438318,0.7879854606869454,0.7916666666666666,19,9,1,28,20,8,0.4,0.8358934256828464
IXMtest_I23_s5_w1E3053D6B-8CEF-48E3-A6A5-2F0D7C1AA177,cubic,poisson,6.0,50,1,0.5779321336941017,0.8159041887446141,0.7083333333333334,17,11,3,28,20,8,0.4,0.8363819997755583
IXMtest_I23_s5_w1E3053D6B-8CEF-48E3-A6A5-2F0D7C1AA177,cubic,poisson,6.0,50,2,0.6499087241264947,0.8038344745775067,0.8085106382978723,19,8,1,27,20,7,0.35,0.8355679442508711
IXMtest_I23_s5_w1E3053D6B-8CEF-48E3-A6A5-2F0D7C1AA177,cubic,poisson,6.0,50,3,0.5774830755268694,0.8152702242732274,0.7083333333333334,17,11,3,28,20,8,0.4,0.8386430843050828
IXMtest_I23_s5_w1E3053D6B-8CEF-48E3-A6A5-2F0D7C1AA177,cubic,poisson,6.0,200,0,0.5647369624570434,0.8471054436855651,0.6666666666666666,16,12,4,28,20,8,0.4,0.8441300147744062
IXMtest_I23_s5_w1E3053D6B-8CEF-48E3-A6A5-2F0D7C1AA177,cubic,poisson,6.0,200,1,0.6093605291598932,0.8124807055465244,0.75,18,10,2,28,20,8,0.4,0.8456639181120273
IXMtest_I23_s5_w1E3053D6B-8CEF-48E3-A6A5-2F0D7C1AA177,cubic,poisson,6.0,200,2,0.588406422349495,0.8306914197875225,0.7083333333333334,17,11,3,28,20,8,0.4,0.8463377155540379
IXMtest_I23_s5_w1E3053D6B-8CEF-48E3-A6A5-2F0D7C1AA177,cubic,poisson,6.0,200,3,0.5902305373875144,0.8332666410176673,0.7083333333333334,17,11,3,28,20,8,0.4,0.8497199039670744
IXMtest_I23_s5_w1E3053D6B-8CEF-48E3-A6A5-2F0D7C1AA177,image_fidelity,deterministic,-6.0,100,-1,0.5641800449519925,0.8462700674279887,0.6666666666666666,16,12,4,28,20,8,0.4,0.8362304482272058
IXMtest_I23_s5_w1E3053D6B-8CEF-48E3-A6A5-2F0D7C1AA177,image_fidelity,deterministic,-4.0,100,-1,0.5595097975973573,0.8567493775709534,0.6530612244897959,16,13,4,29,20,9,0.45,0.8488888888888889
IXMtest_I23_s5_w1E3053D6B-8CEF-48E3-A6A5-2F0D7C1AA177,image_fidelity,deterministic,-2.0,100,-1,0.5741841363601052,0.8612762045401579,0.6666666666666666,16,12,4,28,20,8,0.4,0.8520008343017192
IXMtest_I23_s5_w1E3053D6B-8CEF-48E3-A6A5-2F0D7C1AA177,image_fidelity,deterministic,0.0,100,-1,0.5745555272523449,0.8618332908785173,0.6666666666666666,16,12,4,28,20,8,0.4,0.8524952244508118
IXMtest_I23_s5_w1E3053D6B-8CEF-48E3-A6A5-2F0D7C1AA177,image_fidelity,deterministic,2.0,100,-1,0.5742067304052486,0.8613100956078729,0.6666666666666666,16,12,4,28,20,8,0.4,0.8520526723470179
IXMtest_I23_s5_w1E3053D6B-8CEF-48E3-A6A5-2F0D7C1AA177,image_fidelity,deterministic,4.0,100,-1,0.5595325047811686,0.8567841479461643,0.6530612244897959,16,13,4,29,20,9,0.45,0.8490040313018734
IXMtest_I23_s5_w1E3053D6B-8CEF-48E3-A6A5-2F0D7C1AA177,image_fidelity,deterministic,6.0,100,-1,0.5648733011161444,0.8473099516742166,0.6666666666666666,16,12,4,28,20,8,0.4,0.8368492123030757
IXMtest_I23_s5_w1E3053D6B-8CEF-48E3-A6A5-2F0D7C1AA177,image_fidelity,poisson,-6.0,50,0,0.6745198042217456,0.8165239735315869,0.8260869565217391,19,7,1,26,20,6,0.3,0.8454981653965566
IXMtest_I23_s5_w1E3053D6B-8CEF-48E3-A6A5-2F0D7C1AA177,image_fidelity,poisson,-6.0,50,1,0.6243347764015064,0.8151037358575222,0.7659574468085106,18,9,2,27,20,7,0.35,0.8335654984119909
IXMtest_I23_s5_w1E3053D6B-8CEF-48E3-A6A5-2F0D7C1AA177,image_fidelity,poisson,-6.0,50,2,0.6836513496994246,0.8275779496361457,0.8260869565217391,19,7,1,26,20,6,0.3,0.840580520678952
IXMtest_I23_s5_w1E3053D6B-8CEF-48E3-A6A5-2F0D7C1AA177,image_fidelity,poisson,-6.0,50,3,0.5847809772477727,0.8255731443497967,0.7083333333333334,17,11,3,28,20,8,0.4,0.8416274377942166
IXMtest_I23_s5_w1E3053D6B-8CEF-48E3-A6A5-2F0D7C1AA177,image_fidelity,poisson,-6.0,200,0,0.5945807650247488,0.8394081388584689,0.7083333333333334,17,11,3,28,20,8,0.4,0.8457018994923279
IXMtest_I23_s5_w1E3053D6B-8CEF-48E3-A6A5-2F0D7C1AA177,image_fidelity,poisson,-6.0,200,1,0.5663428772811786,0.849514315921768,0.6666666666666666,16,12,4,28,20,8,0.4,0.8464605045845436
IXMtest_I23_s5_w1E3053D6B-8CEF-48E3-A6A5-2F0D7C1AA177,image_fidelity,poisson,-6.0,200,2,0.5667455146236805,0.8501182719355207,0.6666666666666666,16,12,4,28,20,8,0.4,0.8459329599408637
IXMtest_I23_s5_w1E3053D6B-8CEF-48E3-A6A5-2F0D7C1AA177,image_fidelity,poisson,-6.0,200,3,0.567323647764864,0.850985471647296,0.6666666666666666,16,12,4,28,20,8,0.4,0.8445127154804574
IXMtest_I23_s5_w1E3053D6B-8CEF-48E3-A6A5-2F0D7C1AA177,image_fidelity,poisson,6.0,50,0,0.6523389830944204,0.8335442561762039,0.782608695652174,18,8,2,26,20,6,0.3,0.8329028635597978
IXMtest_I23_s5_w1E3053D6B-8CEF-48E3-A6A5-2F0D7C1AA177,image_fidelity,poisson,6.0,50,1,0.5808309994493207,0.8199967051049233,0.7083333333333334,17,11,3,28,20,8,0.4,0.8372979182426943
IXMtest_I23_s5_w1E3053D6B-8CEF-48E3-A6A5-2F0D7C1AA177,image_fidelity,poisson,6.0,50,2,0.6310425718876964,0.823861135520048,0.7659574468085106,18,9,2,27,20,7,0.35,0.8387205387205388
IXMtest_I23_s5_w1E3053D6B-8CEF-48E3-A6A5-2F0D7C1AA177,image_fidelity,poisson,6.0,50,3,0.6738121394977428,0.8156673267604254,0.8260869565217391,19,7,1,26,20,6,0.3,0.8375491535822852
IXMtest_I23_s5_w1E3053D6B-8CEF-48E3-A6A5-2F0D7C1AA177,image_fidelity,poisson,6.0,200,0,0.5876471471750276,0.8296195018941567,0.7083333333333334,17,11,3,28,20,8,0.4,0.844737815460779
IXMtest_I23_s5_w1E3053D6B-8CEF-48E3-A6A5-2F0D7C1AA177,image_fidelity,poisson,6.0,200,1,0.6111770329160874,0.8149027105547832,0.75,18,10,2,28,20,8,0.4,0.8449197860962567
IXMtest_I23_s5_w1E3053D6B-8CEF-48E3-A6A5-2F0D7C1AA177,image_fidelity,poisson,6.0,200,2,0.5638457589048006,0.845768638357201,0.6666666666666666,16,12,4,28,20,8,0.4,0.8460421825634019
IXMtest_I23_s5_w1E3053D6B-8CEF-48E3-A6A5-2F0D7C1AA177,image_fidelity,poisson,6.0,200,3,0.5646916032623881,0.8470374048935821,0.6666666666666666,16,12,4,28,20,8,0.4,0.8433796572597835
IXMtest_I23_s5_w1E3053D6B-8CEF-48E3-A6A5-2F0D7C1AA177,exact_task,deterministic,-6.0,100,-1,0.5406698246873752,0.8110047370310629,0.6666666666666666,16,12,4,28,20,8,0.4,0.8234312615457958
IXMtest_I23_s5_w1E3053D6B-8CEF-48E3-A6A5-2F0D7C1AA177,exact_task,deterministic,-4.0,100,-1,0.551070043138485,0.8438260035558051,0.6530612244897959,16,13,4,29,20,9,0.45,0.8426024955436721
IXMtest_I23_s5_w1E3053D6B-8CEF-48E3-A6A5-2F0D7C1AA177,exact_task,deterministic,-2.0,100,-1,0.5788262347603658,0.8682393521405487,0.6666666666666666,16,12,4,28,20,8,0.4,0.8553743601952148
IXMtest_I23_s5_w1E3053D6B-8CEF-48E3-A6A5-2F0D7C1AA177,exact_task,deterministic,0.0,100,-1,0.5855577042533858,0.8783365563800787,0.6666666666666666,16,12,4,28,20,8,0.4,0.8599398934745738
IXMtest_I23_s5_w1E3053D6B-8CEF-48E3-A6A5-2F0D7C1AA177,exact_task,deterministic,2.0,100,-1,0.5775298543386239,0.8662947815079359,0.6666666666666666,16,12,4,28,20,8,0.4,0.8544556223584737
IXMtest_I23_s5_w1E3053D6B-8CEF-48E3-A6A5-2F0D7C1AA177,exact_task,deterministic,4.0,100,-1,0.5497449766422476,0.8417969954834417,0.6530612244897959,16,13,4,29,20,9,0.45,0.8415550473701405
IXMtest_I23_s5_w1E3053D6B-8CEF-48E3-A6A5-2F0D7C1AA177,exact_task,deterministic,6.0,100,-1,0.5396077755593632,0.8094116633390448,0.6666666666666666,16,12,4,28,20,8,0.4,0.8228213913302548
IXMtest_I23_s5_w1E3053D6B-8CEF-48E3-A6A5-2F0D7C1AA177,exact_task,poisson,-6.0,50,0,0.5891914282537035,0.785588571004938,0.75,18,10,2,28,20,8,0.4,0.8327297419646899
IXMtest_I23_s5_w1E3053D6B-8CEF-48E3-A6A5-2F0D7C1AA177,exact_task,poisson,-6.0,50,1,0.5379500789705737,0.8237360584236909,0.6530612244897959,16,13,4,29,20,9,0.45,0.8330922601321649
IXMtest_I23_s5_w1E3053D6B-8CEF-48E3-A6A5-2F0D7C1AA177,exact_task,poisson,-6.0,50,2,0.5516510448883013,0.827476567332452,0.6666666666666666,16,12,4,28,20,8,0.4,0.8345009501659245
IXMtest_I23_s5_w1E3053D6B-8CEF-48E3-A6A5-2F0D7C1AA177,exact_task,poisson,-6.0,50,3,0.617652448747334,0.806379585864575,0.7659574468085106,18,9,2,27,20,7,0.35,0.8312682525730811
IXMtest_I23_s5_w1E3053D6B-8CEF-48E3-A6A5-2F0D7C1AA177,exact_task,poisson,-6.0,200,0,0.6033960397546997,0.8045280530062663,0.75,18,10,2,28,20,8,0.4,0.840523816376457
IXMtest_I23_s5_w1E3053D6B-8CEF-48E3-A6A5-2F0D7C1AA177,exact_task,poisson,-6.0,200,1,0.6052807929697104,0.8367116843993055,0.723404255319149,17,10,3,27,20,7,0.35,0.8388060559050821
IXMtest_I23_s5_w1E3053D6B-8CEF-48E3-A6A5-2F0D7C1AA177,exact_task,poisson,-6.0,200,2,0.5774278772721211,0.8151922973253474,0.7083333333333334,17,11,3,28,20,8,0.4,0.8395331455183119
IXMtest_I23_s5_w1E3053D6B-8CEF-48E3-A6A5-2F0D7C1AA177,exact_task,poisson,-6.0,200,3,0.6063821422144475,0.8382341377670305,0.723404255319149,17,10,3,27,20,7,0.35,0.8425984478298362
IXMtest_I23_s5_w1E3053D6B-8CEF-48E3-A6A5-2F0D7C1AA177,exact_task,poisson,6.0,50,0,0.5777356172068595,0.7863623678648922,0.7346938775510204,18,11,2,29,20,9,0.45,0.8362578056568054
IXMtest_I23_s5_w1E3053D6B-8CEF-48E3-A6A5-2F0D7C1AA177,exact_task,poisson,6.0,50,1,0.6149388283060894,0.7767648357550603,0.7916666666666666,19,9,1,28,20,8,0.4,0.8351635942749062
IXMtest_I23_s5_w1E3053D6B-8CEF-48E3-A6A5-2F0D7C1AA177,exact_task,poisson,6.0,50,2,0.5975171412999754,0.7966895217333004,0.75,18,10,2,28,20,8,0.4,0.8323944858040592
IXMtest_I23_s5_w1E3053D6B-8CEF-48E3-A6A5-2F0D7C1AA177,exact_task,poisson,6.0,50,3,0.5942998934336734,0.7923998579115645,0.75,18,10,2,28,20,8,0.4,0.8347340515539512
IXMtest_I23_s5_w1E3053D6B-8CEF-48E3-A6A5-2F0D7C1AA177,exact_task,poisson,6.0,200,0,0.6064536541997746,0.8383329925702766,0.723404255319149,17,10,3,27,20,7,0.35,0.8409673978841774
IXMtest_I23_s5_w1E3053D6B-8CEF-48E3-A6A5-2F0D7C1AA177,exact_task,poisson,6.0,200,1,0.578597373431739,0.8168433507271609,0.7083333333333334,17,11,3,28,20,8,0.4,0.8397562440992189
IXMtest_I23_s5_w1E3053D6B-8CEF-48E3-A6A5-2F0D7C1AA177,exact_task,poisson,6.0,200,2,0.5783285819121292,0.8164638803465354,0.7083333333333334,17,11,3,28,20,8,0.4,0.8403182719099187
IXMtest_I23_s5_w1E3053D6B-8CEF-48E3-A6A5-2F0D7C1AA177,exact_task,poisson,6.0,200,3,0.6001390856962748,0.8001854475950332,0.75,18,10,2,28,20,8,0.4,0.8394586362460849
IXMtest_I23_s5_w1E3053D6B-8CEF-48E3-A6A5-2F0D7C1AA177,surrogate,deterministic,-6.0,100,-1,0.5463680044411561,0.8366260068005202,0.6530612244897959,16,13,4,29,20,9,0.45,0.8366161089424595
IXMtest_I23_s5_w1E3053D6B-8CEF-48E3-A6A5-2F0D7C1AA177,surrogate,deterministic,-4.0,100,-1,0.5575954899544161,0.8538180939926996,0.6530612244897959,16,13,4,29,20,9,0.45,0.8474184661867946
IXMtest_I23_s5_w1E3053D6B-8CEF-48E3-A6A5-2F0D7C1AA177,surrogate,deterministic,-2.0,100,-1,0.5748085653238509,0.8622128479857765,0.6666666666666666,16,12,4,28,20,8,0.4,0.8524853975444033
IXMtest_I23_s5_w1E3053D6B-8CEF-48E3-A6A5-2F0D7C1AA177,surrogate,deterministic,0.0,100,-1,0.5762391561605992,0.8643587342408987,0.6666666666666666,16,12,4,28,20,8,0.4,0.8536119402985075
IXMtest_I23_s5_w1E3053D6B-8CEF-48E3-A6A5-2F0D7C1AA177,surrogate,deterministic,2.0,100,-1,0.5750090234274745,0.8625135351412118,0.6666666666666666,16,12,4,28,20,8,0.4,0.8526133857798438
IXMtest_I23_s5_w1E3053D6B-8CEF-48E3-A6A5-2F0D7C1AA177,surrogate,deterministic,4.0,100,-1,0.5576779244974447,0.8539443218867122,0.6530612244897959,16,13,4,29,20,9,0.45,0.8488192713895811
IXMtest_I23_s5_w1E3053D6B-8CEF-48E3-A6A5-2F0D7C1AA177,surrogate,deterministic,6.0,100,-1,0.5467380144562513,0.8371925846361348,0.6530612244897959,16,13,4,29,20,9,0.45,0.8368570150588936
IXMtest_I23_s5_w1E3053D6B-8CEF-48E3-A6A5-2F0D7C1AA177,surrogate,poisson,-6.0,50,0,0.651780035405109,0.8061489911589506,0.8085106382978723,19,8,1,27,20,7,0.35,0.8380392156862745
IXMtest_I23_s5_w1E3053D6B-8CEF-48E3-A6A5-2F0D7C1AA177,surrogate,poisson,-6.0,50,1,0.7352932139753902,0.827204865722314,0.8888888888888888,20,5,0,25,20,5,0.25,0.8426424405563033
IXMtest_I23_s5_w1E3053D6B-8CEF-48E3-A6A5-2F0D7C1AA177,surrogate,poisson,-6.0,50,2,0.5759163226255287,0.8130583378242758,0.7083333333333334,17,11,3,28,20,8,0.4,0.835277910540077
IXMtest_I23_s5_w1E3053D6B-8CEF-48E3-A6A5-2F0D7C1AA177,surrogate,poisson,-6.0,50,3,0.5544521629972481,0.8316782444958721,0.6666666666666666,16,12,4,28,20,8,0.4,0.837963092997781
IXMtest_I23_s5_w1E3053D6B-8CEF-48E3-A6A5-2F0D7C1AA177,surrogate,poisson,-6.0,200,0,0.5657787287982051,0.8486680931973076,0.6666666666666666,16,12,4,28,20,8,0.4,0.8435447644500043
IXMtest_I23_s5_w1E3053D6B-8CEF-48E3-A6A5-2F0D7C1AA177,surrogate,poisson,-6.0,200,1,0.5843188182525932,0.8249206845918964,0.7083333333333334,17,11,3,28,20,8,0.4,0.8409518917993494
IXMtest_I23_s5_w1E3053D6B-8CEF-48E3-A6A5-2F0D7C1AA177,surrogate,poisson,-6.0,200,2,0.5850815235256478,0.8259974449773851,0.7083333333333334,17,11,3,28,20,8,0.4,0.8415946123334189
IXMtest_I23_s5_w1E3053D6B-8CEF-48E3-A6A5-2F0D7C1AA177,surrogate,poisson,-6.0,200,3,0.6324248605716322,0.8256657901907419,0.7659574468085106,18,9,2,27,20,7,0.35,0.8432632177373508
IXMtest_I23_s5_w1E3053D6B-8CEF-48E3-A6A5-2F0D7C1AA177,surrogate,poisson,6.0,50,0,0.6052454521586479,0.8069939362115305,0.75,18,10,2,28,20,8,0.4,0.8404634331079754
IXMtest_I23_s5_w1E3053D6B-8CEF-48E3-A6A5-2F0D7C1AA177,surrogate,poisson,6.0,50,1,0.6256787095475514,0.7903310015337491,0.7916666666666666,19,9,1,28,20,8,0.4,0.8381554647713918
IXMtest_I23_s5_w1E3053D6B-8CEF-48E3-A6A5-2F0D7C1AA177,surrogate,poisson,6.0,50,2,0.5985631207065026,0.7980841609420035,0.75,18,10,2,28,20,8,0.4,0.8365336450158624
IXMtest_I23_s5_w1E3053D6B-8CEF-48E3-A6A5-2F0D7C1AA177,surrogate,poisson,6.0,50,3,0.6265589691299226,0.8180075430307323,0.7659574468085106,18,9,2,27,20,7,0.35,0.8385761820876325
IXMtest_I23_s5_w1E3053D6B-8CEF-48E3-A6A5-2F0D7C1AA177,surrogate,poisson,6.0,200,0,0.6074719651994546,0.8099626202659393,0.75,18,10,2,28,20,8,0.4,0.8445026476114559
IXMtest_I23_s5_w1E3053D6B-8CEF-48E3-A6A5-2F0D7C1AA177,surrogate,poisson,6.0,200,1,0.6350259037076781,0.8290615965072464,0.7659574468085106,18,9,2,27,20,7,0.35,0.8443013081768176
IXMtest_I23_s5_w1E3053D6B-8CEF-48E3-A6A5-2F0D7C1AA177,surrogate,poisson,6.0,200,2,0.6090297155111334,0.8120396206815111,0.75,18,10,2,28,20,8,0.4,0.845057576103067
IXMtest_I23_s5_w1E3053D6B-8CEF-48E3-A6A5-2F0D7C1AA177,surrogate,poisson,6.0,200,3,0.6068080719424184,0.8090774292565578,0.75,18,10,2,28,20,8,0.4,0.8452873235419934
IXMtest_K01_s3_w1054711D8-52CF-4672-B3A0-EC9EC2E681C4,clear,deterministic,-6.0,100,-1,0.6016291892939742,0.8311982220508854,0.7238095238095238,38,11,18,49,56,7,0.125,0.706327440473679
IXMtest_K01_s3_w1054711D8-52CF-4672-B3A0-EC9EC2E681C4,clear,deterministic,-4.0,100,-1,0.6611285551696425,0.8500224280752547,0.7777777777777778,49,21,7,70,56,14,0.25,0.8713687118144151
IXMtest_K01_s3_w1054711D8-52CF-4672-B3A0-EC9EC2E681C4,clear,deterministic,-2.0,100,-1,0.6679234644130526,0.844726734404743,0.7906976744186046,51,22,5,73,56,17,0.30357142857142855,0.8769326754012818
IXMtest_K01_s3_w1054711D8-52CF-4672-B3A0-EC9EC2E681C4,clear,deterministic,0.0,100,-1,0.6833128027489657,0.8410003726141115,0.8125,52,20,4,72,56,16,0.2857142857142857,0.877185037587175
IXMtest_K01_s3_w1054711D8-52CF-4672-B3A0-EC9EC2E681C4,clear,deterministic,2.0,100,-1,0.6679234644130526,0.844726734404743,0.7906976744186046,51,22,5,73,56,17,0.30357142857142855,0.8769326754012818
IXMtest_K01_s3_w1054711D8-52CF-4672-B3A0-EC9EC2E681C4,clear,deterministic,4.0,100,-1,0.6611285551696425,0.8500224280752547,0.7777777777777778,49,21,7,70,56,14,0.25,0.8713687118144151
IXMtest_K01_s3_w1054711D8-52CF-4672-B3A0-EC9EC2E681C4,clear,deterministic,6.0,100,-1,0.6016291892939742,0.8311982220508854,0.7238095238095238,38,11,18,49,56,7,0.125,0.706327440473679
IXMtest_K01_s3_w1054711D8-52CF-4672-B3A0-EC9EC2E681C4,clear,poisson,-6.0,50,0,0.6867193702030246,0.8121777166824233,0.8455284552845529,52,15,4,67,56,11,0.19642857142857142,0.8511846678434769
IXMtest_K01_s3_w1054711D8-52CF-4672-B3A0-EC9EC2E681C4,clear,poisson,-6.0,50,1,0.7334708181460416,0.814967575717824,0.9,54,10,2,64,56,8,0.14285714285714285,0.8555283522056574
IXMtest_K01_s3_w1054711D8-52CF-4672-B3A0-EC9EC2E681C4,clear,poisson,-6.0,50,2,0.7131750220581472,0.8208240819914524,0.8688524590163934,53,13,3,66,56,10,0.17857142857142858,0.858654753255766
IXMtest_K01_s3_w1054711D8-52CF-4672-B3A0-EC9EC2E681C4,clear,poisson,-6.0,50,3,0.7186688619929442,0.8203672858598703,0.8760330578512396,53,12,3,65,56,9,0.16071428571428573,0.8704568684126652
IXMtest_K01_s3_w1054711D8-52CF-4672-B3A0-EC9EC2E681C4,clear,poisson,-6.0,200,0,0.7481005386758307,0.8381496775905141,0.8925619834710744,54,11,2,65,56,9,0.16071428571428573,0.8717144924041476
IXMtest_K01_s3_w1054711D8-52CF-4672-B3A0-EC9EC2E681C4,clear,poisson,-6.0,200,1,0.7101569488955267,0.8374492321881212,0.848,53,16,3,69,56,13,0.23214285714285715,0.8711318216125751
IXMtest_K01_s3_w1054711D8-52CF-4672-B3A0-EC9EC2E681C4,clear,poisson,-6.0,200,2,0.7458200660062126,0.8355947035810345,0.8925619834710744,54,11,2,65,56,9,0.16071428571428573,0.871828665568369
IXMtest_K01_s3_w1054711D8-52CF-4672-B3A0-EC9EC2E681C4,clear,poisson,-6.0,200,3,0.7243890003615039,0.8405645947591036,0.8617886178861789,53,14,3,67,56,11,0.19642857142857142,0.8745009243155143
IXMtest_K01_s3_w1054711D8-52CF-4672-B3A0-EC9EC2E681C4,clear,poisson,6.0,50,0,0.6923028754900546,0.8187812854353531,0.8455284552845529,52,15,4,67,56,11,0.19642857142857142,0.8489920121719285
IXMtest_K01_s3_w1054711D8-52CF-4672-B3A0-EC9EC2E681C4,clear,poisson,6.0,50,1,0.6914080941619435,0.8269783087035011,0.8360655737704918,51,15,5,66,56,10,0.17857142857142858,0.8553888578838514
IXMtest_K01_s3_w1054711D8-52CF-4672-B3A0-EC9EC2E681C4,clear,poisson,6.0,50,2,0.6808803096743891,0.8183657568201792,0.832,52,17,4,69,56,13,0.23214285714285715,0.8555180534603822
IXMtest_K01_s3_w1054711D8-52CF-4672-B3A0-EC9EC2E681C4,clear,poisson,6.0,50,3,0.7427468044111974,0.8183969418975231,0.907563025210084,54,9,2,63,56,7,0.125,0.8627040008733148
IXMtest_K01_s3_w1054711D8-52CF-4672-B3A0-EC9EC2E681C4,clear,poisson,6.0,200,0,0.748790047791518,0.8389221831738304,0.8925619834710744,54,11,2,65,56,9,0.16071428571428573,0.8705069023605855
IXMtest_K01_s3_w1054711D8-52CF-4672-B3A0-EC9EC2E681C4,clear,poisson,6.0,200,1,0.7182997073249515,0.833498716990274,0.8617886178861789,53,14,3,67,56,11,0.19642857142857142,0.869804334012577
IXMtest_K01_s3_w1054711D8-52CF-4672-B3A0-EC9EC2E681C4,clear,poisson,6.0,200,2,0.7367458034902583,0.8479527172246369,0.8688524590163934,53,13,3,66,56,10,0.17857142857142858,0.867027027027027
IXMtest_K01_s3_w1054711D8-52CF-4672-B3A0-EC9EC2E681C4,clear,poisson,6.0,200,3,0.7469656543867663,0.8456214955321882,0.8833333333333333,53,11,3,64,56,8,0.14285714285714285,0.8615752847834759
IXMtest_K01_s3_w1054711D8-52CF-4672-B3A0-EC9EC2E681C4,cubic,deterministic,-6.0,100,-1,0.6016291892939742,0.8311982220508854,0.7238095238095238,38,11,18,49,56,7,0.125,0.706327440473679
IXMtest_K01_s3_w1054711D8-52CF-4672-B3A0-EC9EC2E681C4,cubic,deterministic,-4.0,100,-1,0.6611285551696425,0.8500224280752547,0.7777777777777778,49,21,7,70,56,14,0.25,0.8713687118144151
IXMtest_K01_s3_w1054711D8-52CF-4672-B3A0-EC9EC2E681C4,cubic,deterministic,-2.0,100,-1,0.6679234644130526,0.844726734404743,0.7906976744186046,51,22,5,73,56,17,0.30357142857142855,0.8769326754012818
IXMtest_K01_s3_w1054711D8-52CF-4672-B3A0-EC9EC2E681C4,cubic,deterministic,0.0,100,-1,0.6833128027489657,0.8410003726141115,0.8125,52,20,4,72,56,16,0.2857142857142857,0.877185037587175
IXMtest_K01_s3_w1054711D8-52CF-4672-B3A0-EC9EC2E681C4,cubic,deterministic,2.0,100,-1,0.6679234644130526,0.844726734404743,0.7906976744186046,51,22,5,73,56,17,0.30357142857142855,0.8769326754012818
IXMtest_K01_s3_w1054711D8-52CF-4672-B3A0-EC9EC2E681C4,cubic,deterministic,4.0,100,-1,0.6611285551696425,0.8500224280752547,0.7777777777777778,49,21,7,70,56,14,0.25,0.8713687118144151
IXMtest_K01_s3_w1054711D8-52CF-4672-B3A0-EC9EC2E681C4,cubic,deterministic,6.0,100,-1,0.6016291892939742,0.8311982220508854,0.7238095238095238,38,11,18,49,56,7,0.125,0.706327440473679
IXMtest_K01_s3_w1054711D8-52CF-4672-B3A0-EC9EC2E681C4,cubic,poisson,-6.0,50,0,0.6867193702030246,0.8121777166824233,0.8455284552845529,52,15,4,67,56,11,0.19642857142857142,0.8511846678434769
IXMtest_K01_s3_w1054711D8-52CF-4672-B3A0-EC9EC2E681C4,cubic,poisson,-6.0,50,1,0.7334708181460416,0.814967575717824,0.9,54,10,2,64,56,8,0.14285714285714285,0.8555283522056574
IXMtest_K01_s3_w1054711D8-52CF-4672-B3A0-EC9EC2E681C4,cubic,poisson,-6.0,50,2,0.7131750220581472,0.8208240819914524,0.8688524590163934,53,13,3,66,56,10,0.17857142857142858,0.858654753255766
IXMtest_K01_s3_w1054711D8-52CF-4672-B3A0-EC9EC2E681C4,cubic,poisson,-6.0,50,3,0.7186688619929442,0.8203672858598703,0.8760330578512396,53,12,3,65,56,9,0.16071428571428573,0.8704568684126652
IXMtest_K01_s3_w1054711D8-52CF-4672-B3A0-EC9EC2E681C4,cubic,poisson,-6.0,200,0,0.7481005386758307,0.8381496775905141,0.8925619834710744,54,11,2,65,56,9,0.16071428571428573,0.8717144924041476
IXMtest_K01_s3_w1054711D8-52CF-4672-B3A0-EC9EC2E681C4,cubic,poisson,-6.0,200,1,0.7101569488955267,0.8374492321881212,0.848,53,16,3,69,56,13,0.23214285714285715,0.8711318216125751
IXMtest_K01_s3_w1054711D8-52CF-4672-B3A0-EC9EC2E681C4,cubic,poisson,-6.0,200,2,0.7458200660062126,0.8355947035810345,0.8925619834710744,54,11,2,65,56,9,0.16071428571428573,0.871828665568369
IXMtest_K01_s3_w1054711D8-52CF-4672-B3A0-EC9EC2E681C4,cubic,poisson,-6.0,200,3,0.7243890003615039,0.8405645947591036,0.8617886178861789,53,14,3,67,56,11,0.19642857142857142,0.8745009243155143
IXMtest_K01_s3_w1054711D8-52CF-4672-B3A0-EC9EC2E681C4,cubic,poisson,6.0,50,0,0.6923028754900546,0.8187812854353531,0.8455284552845529,52,15,4,67,56,11,0.19642857142857142,0.8489920121719285
IXMtest_K01_s3_w1054711D8-52CF-4672-B3A0-EC9EC2E681C4,cubic,poisson,6.0,50,1,0.6914080941619435,0.8269783087035011,0.8360655737704918,51,15,5,66,56,10,0.17857142857142858,0.8553888578838514
IXMtest_K01_s3_w1054711D8-52CF-4672-B3A0-EC9EC2E681C4,cubic,poisson,6.0,50,2,0.6808803096743891,0.8183657568201792,0.832,52,17,4,69,56,13,0.23214285714285715,0.8555180534603822
IXMtest_K01_s3_w1054711D8-52CF-4672-B3A0-EC9EC2E681C4,cubic,poisson,6.0,50,3,0.7427468044111974,0.8183969418975231,0.907563025210084,54,9,2,63,56,7,0.125,0.8627040008733148
IXMtest_K01_s3_w1054711D8-52CF-4672-B3A0-EC9EC2E681C4,cubic,poisson,6.0,200,0,0.748790047791518,0.8389221831738304,0.8925619834710744,54,11,2,65,56,9,0.16071428571428573,0.8705069023605855
IXMtest_K01_s3_w1054711D8-52CF-4672-B3A0-EC9EC2E681C4,cubic,poisson,6.0,200,1,0.7182997073249515,0.833498716990274,0.8617886178861789,53,14,3,67,56,11,0.19642857142857142,0.869804334012577
IXMtest_K01_s3_w1054711D8-52CF-4672-B3A0-EC9EC2E681C4,cubic,poisson,6.0,200,2,0.7367458034902583,0.8479527172246369,0.8688524590163934,53,13,3,66,56,10,0.17857142857142858,0.867027027027027
IXMtest_K01_s3_w1054711D8-52CF-4672-B3A0-EC9EC2E681C4,cubic,poisson,6.0,200,3,0.7469656543867663,0.8456214955321882,0.8833333333333333,53,11,3,64,56,8,0.14285714285714285,0.8615752847834759
IXMtest_K01_s3_w1054711D8-52CF-4672-B3A0-EC9EC2E681C4,image_fidelity,deterministic,-6.0,100,-1,0.6017225505128648,0.8313272079454054,0.7238095238095238,38,11,18,49,56,7,0.125,0.7063570163353671
IXMtest_K01_s3_w1054711D8-52CF-4672-B3A0-EC9EC2E681C4,image_fidelity,deterministic,-4.0,100,-1,0.6601834081486393,0.8488072390482505,0.7777777777777778,49,21,7,70,56,14,0.25,0.870738104158861
IXMtest_K01_s3_w1054711D8-52CF-4672-B3A0-EC9EC2E681C4,image_fidelity,deterministic,-2.0,100,-1,0.6681061199074458,0.8449577398829462,0.7906976744186046,51,22,5,73,56,17,0.30357142857142855,0.8770660102322099
IXMtest_K01_s3_w1054711D8-52CF-4672-B3A0-EC9EC2E681C4,image_fidelity,deterministic,0.0,100,-1,0.6835000206360663,0.8412307946290046,0.8125,52,20,4,72,56,16,0.2857142857142857,0.8773292277039418
IXMtest_K01_s3_w1054711D8-52CF-4672-B3A0-EC9EC2E681C4,image_fidelity,deterministic,2.0,100,-1,0.6681169311193188,0.8449714128861973,0.7906976744186046,51,22,5,73,56,17,0.30357142857142855,0.8770660102322099
IXMtest_K01_s3_w1054711D8-52CF-4672-B3A0-EC9EC2E681C4,image_fidelity,deterministic,4.0,100,-1,0.6600795301472593,0.8486736816179048,0.7777777777777778,49,21,7,70,56,14,0.25,0.8709129859639676
IXMtest_K01_s3_w1054711D8-52CF-4672-B3A0-EC9EC2E681C4,image_fidelity,deterministic,6.0,100,-1,0.6015481064665122,0.831086199723471,0.7238095238095238,38,11,18,49,56,7,0.125,0.7068020133284594
IXMtest_K01_s3_w1054711D8-52CF-4672-B3A0-EC9EC2E681C4,image_fidelity,poisson,-6.0,50,0,0.6803972423163323,0.8112428658387039,0.8387096774193549,52,16,4,68,56,12,0.21428571428571427,0.8369032372035508
IXMtest_K01_s3_w1054711D8-52CF-4672-B3A0-EC9EC2E681C4,image_fidelity,poisson,-6.0,50,1,0.6936216464735833,0.82701042464158,0.8387096774193549,52,16,4,68,56,12,0.21428571428571427,0.8574467854157848
IXMtest_K01_s3_w1054711D8-52CF-4672-B3A0-EC9EC2E681C4,image_fidelity,poisson,-6.0,50,2,0.6813498759271489,0.8189301393355155,0.832,52,17,4,69,56,13,0.23214285714285715,0.855610694863395
IXMtest_K01_s3_w1054711D8-52CF-4672-B3A0-EC9EC2E681C4,image_fidelity,poisson,-6.0,50,3,0.6820571784984332,0.8132220205173627,0.8387096774193549,52,16,4,68,56,12,0.21428571428571427,0.8563421602863742
IXMtest_K01_s3_w1054711D8-52CF-4672-B3A0-EC9EC2E681C4,image_fidelity,poisson,-6.0,200,0,0.7315003709889188,0.8419155213268689,0.8688524590163934,53,13,3,66,56,10,0.17857142857142858,0.8669691011544503
IXMtest_K01_s3_w1054711D8-52CF-4672-B3A0-EC9EC2E681C4,image_fidelity,poisson,-6.0,200,1,0.7421096373969254,0.8471251521229053,0.8760330578512396,53,12,3,65,56,9,0.16071428571428573,0.8673215973275312
IXMtest_K01_s3_w1054711D8-52CF-4672-B3A0-EC9EC2E681C4,image_fidelity,poisson,-6.0,200,2,0.746396446442222,0.8278215133268281,0.9016393442622951,55,11,1,66,56,10,0.17857142857142858,0.8724561537371514
IXMtest_K01_s3_w1054711D8-52CF-4672-B3A0-EC9EC2E681C4,image_fidelity,poisson,-6.0,200,3,0.733738819608539,0.8444918489834128,0.8688524590163934,53,13,3,66,56,10,0.17857142857142858,0.8727769281188551
IXMtest_K01_s3_w1054711D8-52CF-4672-B3A0-EC9EC2E681C4,image_fidelity,poisson,6.0,50,0,0.6741084441701787,0.8128954767934508,0.8292682926829268,51,16,5,67,56,11,0.19642857142857142,0.84709113499139
IXMtest_K01_s3_w1054711D8-52CF-4672-B3A0-EC9EC2E681C4,image_fidelity,poisson,6.0,50,1,0.711693401308525,0.8280278995993415,0.859504132231405,52,13,4,65,56,9,0.16071428571428573,0.8687619987932642
IXMtest_K01_s3_w1054711D8-52CF-4672-B3A0-EC9EC2E681C4,image_fidelity,poisson,6.0,50,2,0.672705940652993,0.8150091204065107,0.8253968253968254,52,18,4,70,56,14,0.25,0.8653628819597671
IXMtest_K01_s3_w1054711D8-52CF-4672-B3A0-EC9EC2E681C4,image_fidelity,poisson,6.0,50,3,0.687603501037251,0.8132233714190564,0.8455284552845529,52,15,4,67,56,11,0.19642857142857142,0.8630493771999608
IXMtest_K01_s3_w1054711D8-52CF-4672-B3A0-EC9EC2E681C4,image_fidelity,poisson,6.0,200,0,0.7165267626455013,0.8474306904365064,0.8455284552845529,52,15,4,67,56,11,0.19642857142857142,0.8717661404607323
IXMtest_K01_s3_w1054711D8-52CF-4672-B3A0-EC9EC2E681C4,image_fidelity,poisson,6.0,200,1,0.7357292287846472,0.846782697280443,0.8688524590163934,53,13,3,66,56,10,0.17857142857142858,0.8737051923014083
IXMtest_K01_s3_w1054711D8-52CF-4672-B3A0-EC9EC2E681C4,image_fidelity,poisson,6.0,200,2,0.7464820302121683,0.836336348663633,0.8925619834710744,54,11,2,65,56,9,0.16071428571428573,0.8709592928080323
IXMtest_K01_s3_w1054711D8-52CF-4672-B3A0-EC9EC2E681C4,image_fidelity,poisson,6.0,200,3,0.7237426080671927,0.8398145357760821,0.8617886178861789,53,14,3,67,56,11,0.19642857142857142,0.8726628228832751
IXMtest_K01_s3_w1054711D8-52CF-4672-B3A0-EC9EC2E681C4,exact_task,deterministic,-6.0,100,-1,0.6622720914928214,0.8109454181544752,0.8166666666666667,49,15,7,64,56,8,0.14285714285714285,0.8293105731379937
IXMtest_K01_s3_w1054711D8-52CF-4672-B3A0-EC9EC2E681C4,exact_task,deterministic,-4.0,100,-1,0.6937794863307817,0.8434181990687933,0.8225806451612904,51,17,5,68,56,12,0.21428571428571427,0.8647736206816815
IXMtest_K01_s3_w1054711D8-52CF-4672-B3A0-EC9EC2E681C4,exact_task,deterministic,-2.0,100,-1,0.6724778622144922,0.86077166363455,0.78125,50,22,6,72,56,16,0.2857142857142857,0.8783544914028604
IXMtest_K01_s3_w1054711D8-52CF-4672-B3A0-EC9EC2E681C4,exact_task,deterministic,0.0,100,-1,0.6722388951447664,0.8711667314631156,0.7716535433070866,49,22,7,71,56,15,0.26785714285714285,0.875823794658342
IXMtest_K01_s3_w1054711D8-52CF-4672-B3A0-EC9EC2E681C4,exact_task,deterministic,2.0,100,-1,0.6714384374934288,0.8594411999915889,0.78125,50,22,6,72,56,16,0.2857142857142857,0.8775343943270875
IXMtest_K01_s3_w1054711D8-52CF-4672-B3A0-EC9EC2E681C4,exact_task,deterministic,4.0,100,-1,0.691614158804273,0.8407858401149986,0.8225806451612904,51,17,5,68,56,12,0.21428571428571427,0.8633279781787081
IXMtest_K01_s3_w1054711D8-52CF-4672-B3A0-EC9EC2E681C4,exact_task,deterministic,6.0,100,-1,0.6682913077110343,0.8086324823303515,0.8264462809917356,50,15,6,65,56,9,0.16071428571428573,0.8344821818963767
IXMtest_K01_s3_w1054711D8-52CF-4672-B3A0-EC9EC2E681C4,exact_task,poisson,-6.0,50,0,0.6959022869944412,0.8140743734651954,0.8548387096774194,53,15,3,68,56,12,0.21428571428571427,0.8568318620674642
IXMtest_K01_s3_w1054711D8-52CF-4672-B3A0-EC9EC2E681C4,exact_task,poisson,-6.0,50,1,0.7238409157433725,0.8194425461245727,0.8833333333333333,53,11,3,64,56,8,0.14285714285714285,0.8586149450015997
IXMtest_K01_s3_w1054711D8-52CF-4672-B3A0-EC9EC2E681C4,exact_task,poisson,-6.0,50,2,0.7225556168117051,0.8179874907302321,0.8833333333333333,53,11,3,64,56,8,0.14285714285714285,0.852251277692537
IXMtest_K01_s3_w1054711D8-52CF-4672-B3A0-EC9EC2E681C4,exact_task,poisson,-6.0,50,3,0.6982538879013342,0.8168253028279759,0.8548387096774194,53,15,3,68,56,12,0.21428571428571427,0.8596350206387139
IXMtest_K01_s3_w1054711D8-52CF-4672-B3A0-EC9EC2E681C4,exact_task,poisson,-6.0,200,0,0.7403625226046858,0.8294802336589535,0.8925619834710744,54,11,2,65,56,9,0.16071428571428573,0.8643733832351808
IXMtest_K01_s3_w1054711D8-52CF-4672-B3A0-EC9EC2E681C4,exact_task,poisson,-6.0,200,1,0.7022713847522831,0.8281502178682584,0.848,53,16,3,69,56,13,0.23214285714285715,0.8683385922197596
IXMtest_K01_s3_w1054711D8-52CF-4672-B3A0-EC9EC2E681C4,exact_task,poisson,-6.0,200,2,0.736052521216964,0.8314667369302741,0.8852459016393442,54,12,2,66,56,10,0.17857142857142858,0.8692682712579058
IXMtest_K01_s3_w1054711D8-52CF-4672-B3A0-EC9EC2E681C4,exact_task,poisson,-6.0,200,3,0.7356437519498874,0.8310049790545024,0.8852459016393442,54,12,2,66,56,10,0.17857142857142858,0.8672413604728659
IXMtest_K01_s3_w1054711D8-52CF-4672-B3A0-EC9EC2E681C4,exact_task,poisson,6.0,50,0,0.6976498705856106,0.8251051354041355,0.8455284552845529,52,15,4,67,56,11,0.19642857142857142,0.8603128450094553
IXMtest_K01_s3_w1054711D8-52CF-4672-B3A0-EC9EC2E681C4,exact_task,poisson,6.0,50,1,0.7162009350668905,0.8175501239914506,0.8760330578512396,53,12,3,65,56,9,0.16071428571428573,0.8568492177164536
IXMtest_K01_s3_w1054711D8-52CF-4672-B3A0-EC9EC2E681C4,exact_task,poisson,6.0,50,2,0.7095058841121332,0.8254828074766165,0.859504132231405,52,13,4,65,56,9,0.16071428571428573,0.8507774987885997
IXMtest_K01_s3_w1054711D8-52CF-4672-B3A0-EC9EC2E681C4,exact_task,poisson,6.0,50,3,0.6854300715485063,0.817243546846296,0.8387096774193549,52,16,4,68,56,12,0.21428571428571427,0.8500491262157358
IXMtest_K01_s3_w1054711D8-52CF-4672-B3A0-EC9EC2E681C4,exact_task,poisson,6.0,200,0,0.716285217035724,0.8311611480697552,0.8617886178861789,53,14,3,67,56,11,0.19642857142857142,0.8648737578695681
IXMtest_K01_s3_w1054711D8-52CF-4672-B3A0-EC9EC2E681C4,exact_task,poisson,6.0,200,1,0.7058770572824468,0.8348353658244322,0.8455284552845529,52,15,4,67,56,11,0.19642857142857142,0.8663428083765509
IXMtest_K01_s3_w1054711D8-52CF-4672-B3A0-EC9EC2E681C4,exact_task,poisson,6.0,200,2,0.7344777908342004,0.8296878748312264,0.8852459016393442,54,12,2,66,56,10,0.17857142857142858,0.8684406809406809
IXMtest_K01_s3_w1054711D8-52CF-4672-B3A0-EC9EC2E681C4,exact_task,poisson,6.0,200,3,0.7079361177888328,0.8281516849605214,0.8548387096774194,53,15,3,68,56,12,0.21428571428571427,0.8635368897979832
IXMtest_K01_s3_w1054711D8-52CF-4672-B3A0-EC9EC2E681C4,surrogate,deterministic,-6.0,100,-1,0.5987111641765184,0.8271667399807161,0.7238095238095238,38,11,18,49,56,7,0.125,0.7052115438498179
IXMtest_K01_s3_w1054711D8-52CF-4672-B3A0-EC9EC2E681C4,surrogate,deterministic,-4.0,100,-1,0.658981166820906,0.8472615001983077,0.7777777777777778,49,21,7,70,56,14,0.25,0.8697931292708041
IXMtest_K01_s3_w1054711D8-52CF-4672-B3A0-EC9EC2E681C4,surrogate,deterministic,-2.0,100,-1,0.6695905069116403,0.8468350528588393,0.7906976744186046,51,22,5,73,56,17,0.30357142857142855,0.8782313773976566
IXMtest_K01_s3_w1054711D8-52CF-4672-B3A0-EC9EC2E681C4,surrogate,deterministic,0.0,100,-1,0.6866290526976274,0.8450819110124645,0.8125,52,20,4,72,56,16,0.2857142857142857,0.8795842344229441
IXMtest_K01_s3_w1054711D8-52CF-4672-B3A0-EC9EC2E681C4,surrogate,deterministic,2.0,100,-1,0.6669677542638353,0.8537187254577091,0.78125,50,22,6,72,56,16,0.2857142857142857,0.8728380413453202
IXMtest_K01_s3_w1054711D8-52CF-4672-B3A0-EC9EC2E681C4,surrogate,deterministic,4.0,100,-1,0.6594390507052292,0.8478502080495804,0.7777777777777778,49,21,7,70,56,14,0.25,0.8702997402718955
IXMtest_K01_s3_w1054711D8-52CF-4672-B3A0-EC9EC2E681C4,surrogate,deterministic,6.0,100,-1,0.5992952807696194,0.827973743168553,0.7238095238095238,38,11,18,49,56,7,0.125,0.7060636628558619
IXMtest_K01_s3_w1054711D8-52CF-4672-B3A0-EC9EC2E681C4,surrogate,poisson,-6.0,50,0,0.7210801175216434,0.8163171141754454,0.8833333333333333,53,11,3,64,56,8,0.14285714285714285,0.8570544212423034
IXMtest_K01_s3_w1054711D8-52CF-4672-B3A0-EC9EC2E681C4,surrogate,poisson,-6.0,50,1,0.6768377705983932,0.8161867233686506,0.8292682926829268,51,16,5,67,56,11,0.19642857142857142,0.857873898514442
IXMtest_K01_s3_w1054711D8-52CF-4672-B3A0-EC9EC2E681C4,surrogate,poisson,-6.0,50,2,0.7252227515413541,0.8278486126085268,0.8760330578512396,53,12,3,65,56,9,0.16071428571428573,0.8667508926119198
IXMtest_K01_s3_w1054711D8-52CF-4672-B3A0-EC9EC2E681C4,surrogate,poisson,-6.0,50,3,0.7021385198275376,0.814745640931954,0.8617886178861789,53,14,3,67,56,11,0.19642857142857142,0.8492128254507078
IXMtest_K01_s3_w1054711D8-52CF-4672-B3A0-EC9EC2E681C4,surrogate,poisson,-6.0,200,0,0.7250596014902243,0.8413427451254489,0.8617886178861789,53,14,3,67,56,11,0.19642857142857142,0.8704221337981081
IXMtest_K01_s3_w1054711D8-52CF-4672-B3A0-EC9EC2E681C4,surrogate,poisson,-6.0,200,1,0.7348959495953632,0.8388906594437636,0.8760330578512396,53,12,3,65,56,9,0.16071428571428573,0.8619397655228489
IXMtest_K01_s3_w1054711D8-52CF-4672-B3A0-EC9EC2E681C4,surrogate,poisson,-6.0,200,2,0.741215257946335,0.8372987173097489,0.8852459016393442,54,12,2,66,56,10,0.17857142857142858,0.8726286670238472
IXMtest_K01_s3_w1054711D8-52CF-4672-B3A0-EC9EC2E681C4,surrogate,poisson,-6.0,200,3,0.7294167877476817,0.839517434954879,0.8688524590163934,53,13,3,66,56,10,0.17857142857142858,0.869757464320112
IXMtest_K01_s3_w1054711D8-52CF-4672-B3A0-EC9EC2E681C4,surrogate,poisson,6.0,50,0,0.6864491806344535,0.8184586384487714,0.8387096774193549,52,16,4,68,56,12,0.21428571428571427,0.851783991239958
IXMtest_K01_s3_w1054711D8-52CF-4672-B3A0-EC9EC2E681C4,surrogate,poisson,6.0,50,1,0.7321418153076298,0.8202699967798445,0.8925619834710744,54,11,2,65,56,9,0.16071428571428573,0.8548466783044036
IXMtest_K01_s3_w1054711D8-52CF-4672-B3A0-EC9EC2E681C4,surrogate,poisson,6.0,50,2,0.6806778796061208,0.811577471838067,0.8387096774193549,52,16,4,68,56,12,0.21428571428571427,0.8457061900610288
IXMtest_K01_s3_w1054711D8-52CF-4672-B3A0-EC9EC2E681C4,surrogate,poisson,6.0,50,3,0.7018637041149186,0.8165914249798572,0.859504132231405,52,13,4,65,56,9,0.16071428571428573,0.8632539034031934
IXMtest_K01_s3_w1054711D8-52CF-4672-B3A0-EC9EC2E681C4,surrogate,poisson,6.0,200,0,0.7309909412642103,0.8325174608842395,0.8780487804878049,54,13,2,67,56,11,0.19642857142857142,0.8620335274551623
IXMtest_K01_s3_w1054711D8-52CF-4672-B3A0-EC9EC2E681C4,surrogate,poisson,6.0,200,1,0.7199964552268808,0.8446112263238409,0.8524590163934426,52,14,4,66,56,10,0.17857142857142858,0.8669301132673616
IXMtest_K01_s3_w1054711D8-52CF-4672-B3A0-EC9EC2E681C4,surrogate,poisson,6.0,200,2,0.7398325647690751,0.844525852236397,0.8760330578512396,53,12,3,65,56,9,0.16071428571428573,0.8670878399982359
IXMtest_K01_s3_w1054711D8-52CF-4672-B3A0-EC9EC2E681C4,surrogate,poisson,6.0,200,3,0.7497931391601947,0.8400460170220699,0.8925619834710744,54,11,2,65,56,9,0.16071428571428573,0.8731217058239396
IXMtest_K01_s5_w1A3DE001A-72D6-4321-8B25-4300AB0207AC,clear,deterministic,-6.0,100,-1,0.30628721947045806,0.8204121950101555,0.37333333333333335,14,7,40,21,54,33,0.6111111111111112,0.37677836456238606
IXMtest_K01_s5_w1A3DE001A-72D6-4321-8B25-4300AB0207AC,clear,deterministic,-4.0,100,-1,0.5469310171878659,0.8355890540370172,0.6545454545454545,36,20,18,56,54,2,0.037037037037037035,0.7823293599171689
IXMtest_K01_s5_w1A3DE001A-72D6-4321-8B25-4300AB0207AC,clear,deterministic,-2.0,100,-1,0.5690813532395057,0.8277546956210992,0.6875,44,30,10,74,54,20,0.37037037037037035,0.8689722241988662
IXMtest_K01_s5_w1A3DE001A-72D6-4321-8B25-4300AB0207AC,clear,deterministic,0.0,100,-1,0.5615960271208134,0.8299141289674242,0.6766917293233082,45,34,9,79,54,25,0.46296296296296297,0.8566947295582977
IXMtest_K01_s5_w1A3DE001A-72D6-4321-8B25-4300AB0207AC,clear,deterministic,2.0,100,-1,0.5690813532395057,0.8277546956210992,0.6875,44,30,10,74,54,20,0.37037037037037035,0.8689722241988662
IXMtest_K01_s5_w1A3DE001A-72D6-4321-8B25-4300AB0207AC,clear,deterministic,4.0,100,-1,0.5469310171878659,0.8355890540370172,0.6545454545454545,36,20,18,56,54,2,0.037037037037037035,0.7823293599171689
IXMtest_K01_s5_w1A3DE001A-72D6-4321-8B25-4300AB0207AC,clear,deterministic,6.0,100,-1,0.30628721947045806,0.8204121950101555,0.37333333333333335,14,7,40,21,54,33,0.6111111111111112,0.37677836456238606
IXMtest_K01_s5_w1A3DE001A-72D6-4321-8B25-4300AB0207AC,clear,poisson,-6.0,50,0,0.5848641462091427,0.8098118947511208,0.7222222222222222,39,15,15,54,54,0,0.0,0.7992364064982319
IXMtest_K01_s5_w1A3DE001A-72D6-4321-8B25-4300AB0207AC,clear,poisson,-6.0,50,1,0.5882544920938524,0.8204602126572151,0.7169811320754716,38,14,16,52,54,2,0.037037037037037035,0.7789233996827508
IXMtest_K01_s5_w1A3DE001A-72D6-4321-8B25-4300AB0207AC,clear,poisson,-6.0,50,2,0.5361586729428244,0.8042380094142365,0.6666666666666666,37,20,17,57,54,3,0.05555555555555555,0.7577735806005907
IXMtest_K01_s5_w1A3DE001A-72D6-4321-8B25-4300AB0207AC,clear,poisson,-6.0,50,3,0.5640504595508158,0.8163888230340755,0.6909090909090909,38,18,16,56,54,2,0.037037037037037035,0.7925503229447545
IXMtest_K01_s5_w1A3DE001A-72D6-4321-8B25-4300AB0207AC,clear,poisson,-6.0,200,0,0.6300217586641365,0.8448019036632739,0.7457627118644068,44,20,10,64,54,10,0.18518518518518517,0.8608883405305368
IXMtest_K01_s5_w1A3DE001A-72D6-4321-8B25-4300AB0207AC,clear,poisson,-6.0,200,1,0.6543161059365585,0.8360705798078247,0.782608695652174,45,16,9,61,54,7,0.12962962962962962,0.8581024349286314
IXMtest_K01_s5_w1A3DE001A-72D6-4321-8B25-4300AB0207AC,clear,poisson,-6.0,200,2,0.6338832340545744,0.8310913513159974,0.7627118644067796,45,19,9,64,54,10,0.18518518518518517,0.8517836050082683
IXMtest_K01_s5_w1A3DE001A-72D6-4321-8B25-4300AB0207AC,clear,poisson,-6.0,200,3,0.6186225112170546,0.8321945686610377,0.7433628318584071,42,17,12,59,54,5,0.09259259259259259,0.8294204724794774
IXMtest_K01_s5_w1A3DE001A-72D6-4321-8B25-4300AB0207AC,clear,poisson,6.0,50,0,0.6263972577666448,0.8173720314759877,0.7663551401869159,41,12,13,53,54,1,0.018518518518518517,0.7845207792535094
IXMtest_K01_s5_w1A3DE001A-72D6-4321-8B25-4300AB0207AC,clear,poisson,6.0,50,1,0.5852282941676347,0.812004258157593,0.7207207207207207,40,17,14,57,54,3,0.05555555555555555,0.8142369332768375
IXMtest_K01_s5_w1A3DE001A-72D6-4321-8B25-4300AB0207AC,clear,poisson,6.0,50,2,0.6057560260776151,0.8076747014368202,0.75,42,16,12,58,54,4,0.07407407407407407,0.8348843716166077
IXMtest_K01_s5_w1A3DE001A-72D6-4321-8B25-4300AB0207AC,clear,poisson,6.0,50,3,0.5529819953930952,0.7930925986558865,0.6972477064220184,38,17,16,55,54,1,0.018518518518518517,0.7628982592848614
IXMtest_K01_s5_w1A3DE001A-72D6-4321-8B25-4300AB0207AC,clear,poisson,6.0,200,0,0.6235212770402458,0.843170817815787,0.7394957983193278,44,21,10,65,54,11,0.2037037037037037,0.8509315307252043
IXMtest_K01_s5_w1A3DE001A-72D6-4321-8B25-4300AB0207AC,clear,poisson,6.0,200,1,0.6306476736975906,0.833355854528959,0.7567567567567568,42,15,12,57,54,3,0.05555555555555555,0.8097782660807031
IXMtest_K01_s5_w1A3DE001A-72D6-4321-8B25-4300AB0207AC,clear,poisson,6.0,200,2,0.6249009629527361,0.8406405811149902,0.7433628318584071,42,17,12,59,54,5,0.09259259259259259,0.837775017524873
IXMtest_K01_s5_w1A3DE001A-72D6-4321-8B25-4300AB0207AC,clear,poisson,6.0,200,3,0.6472348270524778,0.838463298681619,0.7719298245614035,44,16,10,60,54,6,0.1111111111111111,0.8408308261137493
IXMtest_K01_s5_w1A3DE001A-72D6-4321-8B25-4300AB0207AC,cubic,deterministic,-6.0,100,-1,0.30628721947045806,0.8204121950101555,0.37333333333333335,14,7,40,21,54,33,0.6111111111111112,0.37677836456238606
IXMtest_K01_s5_w1A3DE001A-72D6-4321-8B25-4300AB0207AC,cubic,deterministic,-4.0,100,-1,0.5469310171878659,0.8355890540370172,0.6545454545454545,36,20,18,56,54,2,0.037037037037037035,0.7823293599171689
IXMtest_K01_s5_w1A3DE001A-72D6-4321-8B25-4300AB0207AC,cubic,deterministic,-2.0,100,-1,0.5690813532395057,0.8277546956210992,0.6875,44,30,10,74,54,20,0.37037037037037035,0.8689722241988662
IXMtest_K01_s5_w1A3DE001A-72D6-4321-8B25-4300AB0207AC,cubic,deterministic,0.0,100,-1,0.5615960271208134,0.8299141289674242,0.6766917293233082,45,34,9,79,54,25,0.46296296296296297,0.8566947295582977
IXMtest_K01_s5_w1A3DE001A-72D6-4321-8B25-4300AB0207AC,cubic,deterministic,2.0,100,-1,0.5690813532395057,0.8277546956210992,0.6875,44,30,10,74,54,20,0.37037037037037035,0.8689722241988662
IXMtest_K01_s5_w1A3DE001A-72D6-4321-8B25-4300AB0207AC,cubic,deterministic,4.0,100,-1,0.5469310171878659,0.8355890540370172,0.6545454545454545,36,20,18,56,54,2,0.037037037037037035,0.7823293599171689
IXMtest_K01_s5_w1A3DE001A-72D6-4321-8B25-4300AB0207AC,cubic,deterministic,6.0,100,-1,0.30628721947045806,0.8204121950101555,0.37333333333333335,14,7,40,21,54,33,0.6111111111111112,0.37677836456238606
IXMtest_K01_s5_w1A3DE001A-72D6-4321-8B25-4300AB0207AC,cubic,poisson,-6.0,50,0,0.5848641462091427,0.8098118947511208,0.7222222222222222,39,15,15,54,54,0,0.0,0.7992364064982319
IXMtest_K01_s5_w1A3DE001A-72D6-4321-8B25-4300AB0207AC,cubic,poisson,-6.0,50,1,0.5882544920938524,0.8204602126572151,0.7169811320754716,38,14,16,52,54,2,0.037037037037037035,0.7789233996827508
IXMtest_K01_s5_w1A3DE001A-72D6-4321-8B25-4300AB0207AC,cubic,poisson,-6.0,50,2,0.5361586729428244,0.8042380094142365,0.6666666666666666,37,20,17,57,54,3,0.05555555555555555,0.7577735806005907
IXMtest_K01_s5_w1A3DE001A-72D6-4321-8B25-4300AB0207AC,cubic,poisson,-6.0,50,3,0.5640504595508158,0.8163888230340755,0.6909090909090909,38,18,16,56,54,2,0.037037037037037035,0.7925503229447545
IXMtest_K01_s5_w1A3DE001A-72D6-4321-8B25-4300AB0207AC,cubic,poisson,-6.0,200,0,0.6300217586641365,0.8448019036632739,0.7457627118644068,44,20,10,64,54,10,0.18518518518518517,0.8608883405305368
IXMtest_K01_s5_w1A3DE001A-72D6-4321-8B25-4300AB0207AC,cubic,poisson,-6.0,200,1,0.6543161059365585,0.8360705798078247,0.782608695652174,45,16,9,61,54,7,0.12962962962962962,0.8581024349286314
IXMtest_K01_s5_w1A3DE001A-72D6-4321-8B25-4300AB0207AC,cubic,poisson,-6.0,200,2,0.6338832340545744,0.8310913513159974,0.7627118644067796,45,19,9,64,54,10,0.18518518518518517,0.8517836050082683
IXMtest_K01_s5_w1A3DE001A-72D6-4321-8B25-4300AB0207AC,cubic,poisson,-6.0,200,3,0.6186225112170546,0.8321945686610377,0.7433628318584071,42,17,12,59,54,5,0.09259259259259259,0.8294204724794774
IXMtest_K01_s5_w1A3DE001A-72D6-4321-8B25-4300AB0207AC,cubic,poisson,6.0,50,0,0.6263972577666448,0.8173720314759877,0.7663551401869159,41,12,13,53,54,1,0.018518518518518517,0.7845207792535094
IXMtest_K01_s5_w1A3DE001A-72D6-4321-8B25-4300AB0207AC,cubic,poisson,6.0,50,1,0.5852282941676347,0.812004258157593,0.7207207207207207,40,17,14,57,54,3,0.05555555555555555,0.8142369332768375
IXMtest_K01_s5_w1A3DE001A-72D6-4321-8B25-4300AB0207AC,cubic,poisson,6.0,50,2,0.6057560260776151,0.8076747014368202,0.75,42,16,12,58,54,4,0.07407407407407407,0.8348843716166077
IXMtest_K01_s5_w1A3DE001A-72D6-4321-8B25-4300AB0207AC,cubic,poisson,6.0,50,3,0.5529819953930952,0.7930925986558865,0.6972477064220184,38,17,16,55,54,1,0.018518518518518517,0.7628982592848614
IXMtest_K01_s5_w1A3DE001A-72D6-4321-8B25-4300AB0207AC,cubic,poisson,6.0,200,0,0.6235212770402458,0.843170817815787,0.7394957983193278,44,21,10,65,54,11,0.2037037037037037,0.8509315307252043
IXMtest_K01_s5_w1A3DE001A-72D6-4321-8B25-4300AB0207AC,cubic,poisson,6.0,200,1,0.6306476736975906,0.833355854528959,0.7567567567567568,42,15,12,57,54,3,0.05555555555555555,0.8097782660807031
IXMtest_K01_s5_w1A3DE001A-72D6-4321-8B25-4300AB0207AC,cubic,poisson,6.0,200,2,0.6249009629527361,0.8406405811149902,0.7433628318584071,42,17,12,59,54,5,0.09259259259259259,0.837775017524873
IXMtest_K01_s5_w1A3DE001A-72D6-4321-8B25-4300AB0207AC,cubic,poisson,6.0,200,3,0.6472348270524778,0.838463298681619,0.7719298245614035,44,16,10,60,54,6,0.1111111111111111,0.8408308261137493
IXMtest_K01_s5_w1A3DE001A-72D6-4321-8B25-4300AB0207AC,image_fidelity,deterministic,-6.0,100,-1,0.3210172343803132,0.8132436604301267,0.39473684210526316,15,7,39,22,54,32,0.5925925925925926,0.3908688042304398
IXMtest_K01_s5_w1A3DE001A-72D6-4321-8B25-4300AB0207AC,image_fidelity,deterministic,-4.0,100,-1,0.5466992888150843,0.8352350245786011,0.6545454545454545,36,20,18,56,54,2,0.037037037037037035,0.7823017305446438
IXMtest_K01_s5_w1A3DE001A-72D6-4321-8B25-4300AB0207AC,image_fidelity,deterministic,-2.0,100,-1,0.5690520562286348,0.8277120817871051,0.6875,44,30,10,74,54,20,0.37037037037037035,0.8694157260741724
IXMtest_K01_s5_w1A3DE001A-72D6-4321-8B25-4300AB0207AC,image_fidelity,deterministic,0.0,100,-1,0.5618029283083458,0.8302198829445554,0.6766917293233082,45,34,9,79,54,25,0.46296296296296297,0.8568594431244089
IXMtest_K01_s5_w1A3DE001A-72D6-4321-8B25-4300AB0207AC,image_fidelity,deterministic,2.0,100,-1,0.5690516917169931,0.8277115515883536,0.6875,44,30,10,74,54,20,0.37037037037037035,0.8690527014847493
IXMtest_K01_s5_w1A3DE001A-72D6-4321-8B25-4300AB0207AC,image_fidelity,deterministic,4.0,100,-1,0.546941943151374,0.8356057464812658,0.6545454545454545,36,20,18,56,54,2,0.037037037037037035,0.7823859639809421
IXMtest_K01_s5_w1A3DE001A-72D6-4321-8B25-4300AB0207AC,image_fidelity,deterministic,6.0,100,-1,0.3060111885947115,0.8196728265929771,0.37333333333333335,14,7,40,21,54,33,0.6111111111111112,0.37640998646412993
IXMtest_K01_s5_w1A3DE001A-72D6-4321-8B25-4300AB0207AC,image_fidelity,poisson,-6.0,50,0,0.5781857290701886,0.814024644875134,0.7102803738317757,38,15,16,53,54,1,0.018518518518518517,0.7741645359818068
IXMtest_K01_s5_w1A3DE001A-72D6-4321-8B25-4300AB0207AC,image_fidelity,poisson,-6.0,50,1,0.5448671557211708,0.8101314289012146,0.672566371681416,38,21,16,59,54,5,0.09259259259259259,0.7760624976638134
IXMtest_K01_s5_w1A3DE001A-72D6-4321-8B25-4300AB0207AC,image_fidelity,poisson,-6.0,50,2,0.6013336993804751,0.8193171654058974,0.7339449541284404,40,15,14,55,54,1,0.018518518518518517,0.8045997147075753
IXMtest_K01_s5_w1A3DE001A-72D6-4321-8B25-4300AB0207AC,image_fidelity,poisson,-6.0,50,3,0.5780772982859821,0.821478265985343,0.7037037037037037,38,16,16,54,54,0,0.0,0.7747781954411411
IXMtest_K01_s5_w1A3DE001A-72D6-4321-8B25-4300AB0207AC,image_fidelity,poisson,-6.0,200,0,0.6028070810262033,0.838048868743746,0.7192982456140351,41,19,13,60,54,6,0.1111111111111111,0.8222012014594415
IXMtest_K01_s5_w1A3DE001A-72D6-4321-8B25-4300AB0207AC,image_fidelity,poisson,-6.0,200,1,0.6357096770857145,0.8307569643733769,0.7652173913043478,44,17,10,61,54,7,0.12962962962962962,0.857160030775149
IXMtest_K01_s5_w1A3DE001A-72D6-4321-8B25-4300AB0207AC,image_fidelity,poisson,-6.0,200,2,0.6423865907801887,0.8351025680142453,0.7692307692307693,45,18,9,63,54,9,0.16666666666666666,0.8610943078437652
IXMtest_K01_s5_w1A3DE001A-72D6-4321-8B25-4300AB0207AC,image_fidelity,poisson,-6.0,200,3,0.6316480068190131,0.8326269180796082,0.7586206896551724,44,18,10,62,54,8,0.14814814814814814,0.8415972129818916
IXMtest_K01_s5_w1A3DE001A-72D6-4321-8B25-4300AB0207AC,image_fidelity,poisson,6.0,50,0,0.5837708225628025,0.806525478540714,0.7238095238095238,38,13,16,51,54,3,0.05555555555555555,0.7499739284596934
IXMtest_K01_s5_w1A3DE001A-72D6-4321-8B25-4300AB0207AC,image_fidelity,poisson,6.0,50,1,0.6049610774236238,0.8119214460159162,0.7450980392156863,38,10,16,48,54,6,0.1111111111111111,0.7414530482135742
IXMtest_K01_s5_w1A3DE001A-72D6-4321-8B25-4300AB0207AC,image_fidelity,poisson,6.0,50,2,0.5814822316470031,0.820039044630389,0.7090909090909091,39,17,15,56,54,2,0.037037037037037035,0.7969661903803582
IXMtest_K01_s5_w1A3DE001A-72D6-4321-8B25-4300AB0207AC,image_fidelity,poisson,6.0,50,3,0.5831437065102699,0.8056590682049781,0.7238095238095238,38,13,16,51,54,3,0.05555555555555555,0.7663182703145814
IXMtest_K01_s5_w1A3DE001A-72D6-4321-8B25-4300AB0207AC,image_fidelity,poisson,6.0,200,0,0.6445186714879518,0.830712954362249,0.7758620689655172,45,17,9,62,54,8,0.14814814814814814,0.8549607389197833
IXMtest_K01_s5_w1A3DE001A-72D6-4321-8B25-4300AB0207AC,image_fidelity,poisson,6.0,200,1,0.606916888347443,0.834510721477734,0.7272727272727273,44,23,10,67,54,13,0.24074074074074073,0.8593454782953511
IXMtest_K01_s5_w1A3DE001A-72D6-4321-8B25-4300AB0207AC,image_fidelity,poisson,6.0,200,2,0.6228911452295913,0.8352403992851337,0.7457627118644068,44,20,10,64,54,10,0.18518518518518517,0.8483288048314567
IXMtest_K01_s5_w1A3DE001A-72D6-4321-8B25-4300AB0207AC,image_fidelity,poisson,6.0,200,3,0.6078232268383575,0.8339900089177464,0.7288135593220338,43,21,11,64,54,10,0.18518518518518517,0.8436188052281675
IXMtest_K01_s5_w1A3DE001A-72D6-4321-8B25-4300AB0207AC,exact_task,deterministic,-6.0,100,-1,0.5165016674100932,0.8164058613901473,0.6326530612244898,31,13,23,44,54,10,0.18518518518518517,0.7017594712890228
IXMtest_K01_s5_w1A3DE001A-72D6-4321-8B25-4300AB0207AC,exact_task,deterministic,-4.0,100,-1,0.5926222415141972,0.8269147556012053,0.7166666666666667,43,23,11,66,54,12,0.2222222222222222,0.8465140160637661
IXMtest_K01_s5_w1A3DE001A-72D6-4321-8B25-4300AB0207AC,exact_task,deterministic,-2.0,100,-1,0.5961653371623616,0.8457229201605596,0.7049180327868853,43,25,11,68,54,14,0.25925925925925924,0.862293972642467
IXMtest_K01_s5_w1A3DE001A-72D6-4321-8B25-4300AB0207AC,exact_task,deterministic,0.0,100,-1,0.5880236886488127,0.8610346869500473,0.6829268292682927,42,27,12,69,54,15,0.2777777777777778,0.8654194764701617
IXMtest_K01_s5_w1A3DE001A-72D6-4321-8B25-4300AB0207AC,exact_task,deterministic,2.0,100,-1,0.5955244683433583,0.8448137806731361,0.7049180327868853,43,25,11,68,54,14,0.25925925925925924,0.8643953449148254
IXMtest_K01_s5_w1A3DE001A-72D6-4321-8B25-4300AB0207AC,exact_task,deterministic,4.0,100,-1,0.5903966672726483,0.8238093031711372,0.7166666666666667,43,23,11,66,54,12,0.2222222222222222,0.845447767578865
IXMtest_K01_s5_w1A3DE001A-72D6-4321-8B25-4300AB0207AC,exact_task,deterministic,6.0,100,-1,0.5144749317601046,0.8132023114917784,0.6326530612244898,31,13,23,44,54,10,0.18518518518518517,0.701365261832028
IXMtest_K01_s5_w1A3DE001A-72D6-4321-8B25-4300AB0207AC,exact_task,poisson,-6.0,50,0,0.5893363905092356,0.8068295822447867,0.7304347826086957,42,19,12,61,54,7,0.12962962962962962,0.8140483291740216
IXMtest_K01_s5_w1A3DE001A-72D6-4321-8B25-4300AB0207AC,exact_task,poisson,-6.0,50,1,0.5870553066519285,0.8128458092103625,0.7222222222222222,39,15,15,54,54,0,0.0,0.7875140083357468
IXMtest_K01_s5_w1A3DE001A-72D6-4321-8B25-4300AB0207AC,exact_task,poisson,-6.0,50,2,0.5595174942211032,0.7833244919095445,0.7142857142857143,40,18,14,58,54,4,0.07407407407407407,0.7950451301031005
IXMtest_K01_s5_w1A3DE001A-72D6-4321-8B25-4300AB0207AC,exact_task,poisson,-6.0,50,3,0.5913827282060613,0.8188376236699311,0.7222222222222222,39,15,15,54,54,0,0.0,0.7906441620835704
IXMtest_K01_s5_w1A3DE001A-72D6-4321-8B25-4300AB0207AC,exact_task,poisson,-6.0,200,0,0.6308294597404632,0.8200782976626022,0.7692307692307693,45,18,9,63,54,9,0.16666666666666666,0.8488332611317309
IXMtest_K01_s5_w1A3DE001A-72D6-4321-8B25-4300AB0207AC,exact_task,poisson,-6.0,200,1,0.6218141001272058,0.8221764212793056,0.7563025210084033,45,20,9,65,54,11,0.2037037037037037,0.851356559722498
IXMtest_K01_s5_w1A3DE001A-72D6-4321-8B25-4300AB0207AC,exact_task,poisson,-6.0,200,2,0.6137781399283994,0.8115510961275503,0.7563025210084033,45,20,9,65,54,11,0.2037037037037037,0.8478494687200823
IXMtest_K01_s5_w1A3DE001A-72D6-4321-8B25-4300AB0207AC,exact_task,poisson,-6.0,200,3,0.6128505037958979,0.8171340050611973,0.75,45,21,9,66,54,12,0.2222222222222222,0.8458263240327165
IXMtest_K01_s5_w1A3DE001A-72D6-4321-8B25-4300AB0207AC,exact_task,poisson,6.0,50,0,0.5775485206906048,0.8085679289668468,0.7142857142857143,40,18,14,58,54,4,0.07407407407407407,0.7881949210706932
IXMtest_K01_s5_w1A3DE001A-72D6-4321-8B25-4300AB0207AC,exact_task,poisson,6.0,50,1,0.5568491503934775,0.7924391755599488,0.7027027027027027,39,18,15,57,54,3,0.05555555555555555,0.772987486701454
IXMtest_K01_s5_w1A3DE001A-72D6-4321-8B25-4300AB0207AC,exact_task,poisson,6.0,50,2,0.5510954275949544,0.8125124894028174,0.6782608695652174,39,22,15,61,54,7,0.12962962962962962,0.7718480657446382
IXMtest_K01_s5_w1A3DE001A-72D6-4321-8B25-4300AB0207AC,exact_task,poisson,6.0,50,3,0.5359713583891424,0.8039570375837137,0.6666666666666666,37,20,17,57,54,3,0.05555555555555555,0.7769195820081781
IXMtest_K01_s5_w1A3DE001A-72D6-4321-8B25-4300AB0207AC,exact_task,poisson,6.0,200,0,0.6083351760865409,0.8226350676624814,0.7394957983193278,44,21,10,65,54,11,0.2037037037037037,0.8466095345134401
IXMtest_K01_s5_w1A3DE001A-72D6-4321-8B25-4300AB0207AC,exact_task,poisson,6.0,200,1,0.597464616044416,0.8215138470610721,0.7272727272727273,44,23,10,67,54,13,0.24074074074074073,0.8502048940405105
IXMtest_K01_s5_w1A3DE001A-72D6-4321-8B25-4300AB0207AC,exact_task,poisson,6.0,200,2,0.5926990492883016,0.8100220340273455,0.7317073170731707,45,24,9,69,54,15,0.2777777777777778,0.8462864233845022
IXMtest_K01_s5_w1A3DE001A-72D6-4321-8B25-4300AB0207AC,exact_task,poisson,6.0,200,3,0.6152165833926979,0.8202887778569306,0.75,45,21,9,66,54,12,0.2222222222222222,0.8536752494105896
IXMtest_K01_s5_w1A3DE001A-72D6-4321-8B25-4300AB0207AC,surrogate,deterministic,-6.0,100,-1,0.33250872798797043,0.8104900244706779,0.41025641025641024,16,8,38,24,54,30,0.5555555555555556,0.4131202752914905
IXMtest_K01_s5_w1A3DE001A-72D6-4321-8B25-4300AB0207AC,surrogate,deterministic,-4.0,100,-1,0.5554830867704779,0.8332246301557168,0.6666666666666666,37,20,17,57,54,3,0.05555555555555555,0.795245077503142
IXMtest_K01_s5_w1A3DE001A-72D6-4321-8B25-4300AB0207AC,surrogate,deterministic,-2.0,100,-1,0.5791596375400364,0.8236937067236073,0.703125,45,29,9,74,54,20,0.37037037037037035,0.8713241825266175
IXMtest_K01_s5_w1A3DE001A-72D6-4321-8B25-4300AB0207AC,surrogate,deterministic,0.0,100,-1,0.5641525887799888,0.8336921589748724,0.6766917293233082,45,34,9,79,54,25,0.46296296296296297,0.859381852595619
IXMtest_K01_s5_w1A3DE001A-72D6-4321-8B25-4300AB0207AC,surrogate,deterministic,2.0,100,-1,0.5704283034491379,0.8297138959260187,0.6875,44,30,10,74,54,20,0.37037037037037035,0.8704959226246918
IXMtest_K01_s5_w1A3DE001A-72D6-4321-8B25-4300AB0207AC,surrogate,deterministic,4.0,100,-1,0.5609712228904796,0.8340756340345289,0.672566371681416,38,21,16,59,54,5,0.09259259259259259,0.8064081294068851
IXMtest_K01_s5_w1A3DE001A-72D6-4321-8B25-4300AB0207AC,surrogate,deterministic,6.0,100,-1,0.33292913554080517,0.8115147678807126,0.41025641025641024,16,8,38,24,54,30,0.5555555555555556,0.41346365034043486
IXMtest_K01_s5_w1A3DE001A-72D6-4321-8B25-4300AB0207AC,surrogate,poisson,-6.0,50,0,0.526748210837487,0.8047542110017162,0.6545454545454545,36,20,18,56,54,2,0.037037037037037035,0.757088279263509
IXMtest_K01_s5_w1A3DE001A-72D6-4321-8B25-4300AB0207AC,surrogate,poisson,-6.0,50,1,0.552740996737379,0.800019863698838,0.6909090909090909,38,18,16,56,54,2,0.037037037037037035,0.7700262994066752
IXMtest_K01_s5_w1A3DE001A-72D6-4321-8B25-4300AB0207AC,surrogate,poisson,-6.0,50,2,0.5752602162282444,0.817475044113821,0.7037037037037037,38,16,16,54,54,0,0.0,0.7782013847271986
IXMtest_K01_s5_w1A3DE001A-72D6-4321-8B25-4300AB0207AC,surrogate,poisson,-6.0,50,3,0.5866689373796674,0.8182487810821677,0.7169811320754716,38,14,16,52,54,2,0.037037037037037035,0.8019726956320717
IXMtest_K01_s5_w1A3DE001A-72D6-4321-8B25-4300AB0207AC,surrogate,poisson,-6.0,200,0,0.6198194793752476,0.82882837358318,0.7478260869565218,43,18,11,61,54,7,0.12962962962962962,0.8443851488599623
IXMtest_K01_s5_w1A3DE001A-72D6-4321-8B25-4300AB0207AC,surrogate,poisson,-6.0,200,1,0.6494425894659136,0.82656329568389,0.7857142857142857,44,14,10,58,54,4,0.07407407407407407,0.8333414980649586
IXMtest_K01_s5_w1A3DE001A-72D6-4321-8B25-4300AB0207AC,surrogate,poisson,-6.0,200,2,0.6151023000073153,0.8296728697773089,0.7413793103448276,43,19,11,62,54,8,0.14814814814814814,0.8460615945505133
IXMtest_K01_s5_w1A3DE001A-72D6-4321-8B25-4300AB0207AC,surrogate,poisson,-6.0,200,3,0.6347480281655661,0.8266485948202721,0.7678571428571429,43,15,11,58,54,4,0.07407407407407407,0.8100208768267223
IXMtest_K01_s5_w1A3DE001A-72D6-4321-8B25-4300AB0207AC,surrogate,poisson,6.0,50,0,0.5628607735321278,0.8154265052452621,0.6902654867256637,39,20,15,59,54,5,0.09259259259259259,0.7815887156644395
IXMtest_K01_s5_w1A3DE001A-72D6-4321-8B25-4300AB0207AC,surrogate,poisson,6.0,50,1,0.5231954618719664,0.8065930037192816,0.6486486486486487,36,21,18,57,54,3,0.05555555555555555,0.7738539377523381
IXMtest_K01_s5_w1A3DE001A-72D6-4321-8B25-4300AB0207AC,surrogate,poisson,6.0,50,2,0.5630503293966759,0.8223498231977766,0.6846846846846847,38,19,16,57,54,3,0.05555555555555555,0.7841042703825082
IXMtest_K01_s5_w1A3DE001A-72D6-4321-8B25-4300AB0207AC,surrogate,poisson,6.0,50,3,0.557108701687955,0.8136719195705658,0.6846846846846847,38,19,16,57,54,3,0.05555555555555555,0.789880272244026
IXMtest_K01_s5_w1A3DE001A-72D6-4321-8B25-4300AB0207AC,surrogate,poisson,6.0,200,0,0.6113552563966859,0.8369744581621296,0.7304347826086957,42,19,12,61,54,7,0.12962962962962962,0.8326849198121836
IXMtest_K01_s5_w1A3DE001A-72D6-4321-8B25-4300AB0207AC,surrogate,poisson,6.0,200,1,0.6487897823231442,0.8362179416609414,0.7758620689655172,45,17,9,62,54,8,0.14814814814814814,0.869333585897451
IXMtest_K01_s5_w1A3DE001A-72D6-4321-8B25-4300AB0207AC,surrogate,poisson,6.0,200,2,0.629815390585264,0.8302111966805753,0.7586206896551724,44,18,10,62,54,8,0.14814814814814814,0.8380577078825534
IXMtest_K01_s5_w1A3DE001A-72D6-4321-8B25-4300AB0207AC,surrogate,poisson,6.0,200,3,0.6115294792536566,0.8299328647013912,0.7368421052631579,42,18,12,60,54,6,0.1111111111111111,0.826604655692997
IXMtest_K03_s5_w1DC4CE558-042C-482E-8CAE-FCCB57AA9A55,clear,deterministic,-6.0,100,-1,0.5467904988336147,0.8262611982374622,0.6617647058823529,45,30,16,75,61,14,0.22950819672131148,0.7701070814444271
IXMtest_K03_s5_w1DC4CE558-042C-482E-8CAE-FCCB57AA9A55,clear,deterministic,-4.0,100,-1,0.5657434862489642,0.8153362007705661,0.6938775510204082,51,35,10,86,61,25,0.4098360655737705,0.8424172212193873
IXMtest_K03_s5_w1DC4CE558-042C-482E-8CAE-FCCB57AA9A55,clear,deterministic,-2.0,100,-1,0.5881072442420763,0.8211308693191253,0.7162162162162162,53,34,8,87,61,26,0.4262295081967213,0.8601272132188826
IXMtest_K03_s5_w1DC4CE558-042C-482E-8CAE-FCCB57AA9A55,clear,deterministic,0.0,100,-1,0.5882303198696394,0.8213027107613832,0.7162162162162162,53,34,8,87,61,26,0.4262295081967213,0.8602581533734748
IXMtest_K03_s5_w1DC4CE558-042C-482E-8CAE-FCCB57AA9A55,clear,deterministic,2.0,100,-1,0.5881072442420763,0.8211308693191253,0.7162162162162162,53,34,8,87,61,26,0.4262295081967213,0.8601272132188826
IXMtest_K03_s5_w1DC4CE558-042C-482E-8CAE-FCCB57AA9A55,clear,deterministic,4.0,100,-1,0.5657434862489642,0.8153362007705661,0.6938775510204082,51,35,10,86,61,25,0.4098360655737705,0.8424172212193873
IXMtest_K03_s5_w1DC4CE558-042C-482E-8CAE-FCCB57AA9A55,clear,deterministic,6.0,100,-1,0.5467904988336147,0.8262611982374622,0.6617647058823529,45,30,16,75,61,14,0.22950819672131148,0.7701070814444271
IXMtest_K03_s5_w1DC4CE558-042C-482E-8CAE-FCCB57AA9A55,clear,poisson,-6.0,50,0,0.5722272216670804,0.7978167994396794,0.7172413793103448,52,32,9,84,61,23,0.3770491803278688,0.8284377986586263
IXMtest_K03_s5_w1DC4CE558-042C-482E-8CAE-FCCB57AA9A55,clear,poisson,-6.0,50,1,0.5647259461803931,0.7927883475224748,0.7123287671232876,52,33,9,85,61,24,0.39344262295081966,0.8324128029727219
IXMtest_K03_s5_w1DC4CE558-042C-482E-8CAE-FCCB57AA9A55,clear,poisson,-6.0,50,2,0.5659528785856747,0.799952626462444,0.7074829931972789,52,34,9,86,61,25,0.4098360655737705,0.8226702758312463
IXMtest_K03_s5_w1DC4CE558-042C-482E-8CAE-FCCB57AA9A55,clear,poisson,-6.0,50,3,0.5543769014330128,0.7889209751162105,0.7027027027027027,52,35,9,87,61,26,0.4262295081967213,0.8230658662382684
IXMtest_K03_s5_w1DC4CE558-042C-482E-8CAE-FCCB57AA9A55,clear,poisson,-6.0,200,0,0.5892995594635296,0.8116767517139182,0.726027397260274,53,32,8,85,61,24,0.39344262295081966,0.8517477992882805
IXMtest_K03_s5_w1DC4CE558-042C-482E-8CAE-FCCB57AA9A55,clear,poisson,-6.0,200,1,0.581527735971235,0.8064582753563352,0.7210884353741497,53,33,8,86,61,25,0.4098360655737705,0.8475304223335719
IXMtest_K03_s5_w1DC4CE558-042C-482E-8CAE-FCCB57AA9A55,clear,poisson,-6.0,200,2,0.5614470582470904,0.8097794109333035,0.6933333333333334,52,37,9,89,61,28,0.45901639344262296,0.8507687208383264
IXMtest_K03_s5_w1DC4CE558-042C-482E-8CAE-FCCB57AA9A55,clear,poisson,-6.0,200,3,0.5850856272006741,0.8113923320613122,0.7210884353741497,53,33,8,86,61,25,0.4098360655737705,0.8520847457627119
IXMtest_K03_s5_w1DC4CE558-042C-482E-8CAE-FCCB57AA9A55,clear,poisson,6.0,50,0,0.5482711500631112,0.8059585905927734,0.6802721088435374,50,36,11,86,61,25,0.4098360655737705,0.8308668435735184
IXMtest_K03_s5_w1DC4CE558-042C-482E-8CAE-FCCB57AA9A55,clear,poisson,6.0,50,1,0.5672486440425083,0.8063828763349383,0.7034482758620689,51,33,10,84,61,23,0.3770491803278688,0.8225969530272651
IXMtest_K03_s5_w1DC4CE558-042C-482E-8CAE-FCCB57AA9A55,clear,poisson,6.0,50,2,0.5558466494623764,0.785667860297782,0.7074829931972789,52,34,9,86,61,25,0.4098360655737705,0.8306748155098521
IXMtest_K03_s5_w1DC4CE558-042C-482E-8CAE-FCCB57AA9A55,clear,poisson,6.0,50,3,0.5434723029702812,0.7989042853663133,0.6802721088435374,50,36,11,86,61,25,0.4098360655737705,0.820040794638419
IXMtest_K03_s5_w1DC4CE558-042C-482E-8CAE-FCCB57AA9A55,clear,poisson,6.0,200,0,0.5590788873241425,0.8166936687382081,0.6845637583892618,51,37,10,88,61,27,0.4426229508196721,0.8513192701621108
IXMtest_K03_s5_w1DC4CE558-042C-482E-8CAE-FCCB57AA9A55,clear,poisson,6.0,200,1,0.5554350020332005,0.811370738264185,0.6845637583892618,51,37,10,88,61,27,0.4426229508196721,0.8499345249230456
IXMtest_K03_s5_w1DC4CE558-042C-482E-8CAE-FCCB57AA9A55,clear,poisson,6.0,200,2,0.5745147137563963,0.8120544511749064,0.7074829931972789,52,34,9,86,61,25,0.4098360655737705,0.8483097222932542
IXMtest_K03_s5_w1DC4CE558-042C-482E-8CAE-FCCB57AA9A55,clear,poisson,6.0,200,3,0.5733107864953564,0.8103527462963209,0.7074829931972789,52,34,9,86,61,25,0.4098360655737705,0.8476781613120801
IXMtest_K03_s5_w1DC4CE558-042C-482E-8CAE-FCCB57AA9A55,cubic,deterministic,-6.0,100,-1,0.5467904988336147,0.8262611982374622,0.6617647058823529,45,30,16,75,61,14,0.22950819672131148,0.7701070814444271
IXMtest_K03_s5_w1DC4CE558-042C-482E-8CAE-FCCB57AA9A55,cubic,deterministic,-4.0,100,-1,0.5657434862489642,0.8153362007705661,0.6938775510204082,51,35,10,86,61,25,0.4098360655737705,0.8424172212193873
IXMtest_K03_s5_w1DC4CE558-042C-482E-8CAE-FCCB57AA9A55,cubic,deterministic,-2.0,100,-1,0.5881072442420763,0.8211308693191253,0.7162162162162162,53,34,8,87,61,26,0.4262295081967213,0.8601272132188826
IXMtest_K03_s5_w1DC4CE558-042C-482E-8CAE-FCCB57AA9A55,cubic,deterministic,0.0,100,-1,0.5882303198696394,0.8213027107613832,0.7162162162162162,53,34,8,87,61,26,0.4262295081967213,0.8602581533734748
IXMtest_K03_s5_w1DC4CE558-042C-482E-8CAE-FCCB57AA9A55,cubic,deterministic,2.0,100,-1,0.5881072442420763,0.8211308693191253,0.7162162162162162,53,34,8,87,61,26,0.4262295081967213,0.8601272132188826
IXMtest_K03_s5_w1DC4CE558-042C-482E-8CAE-FCCB57AA9A55,cubic,deterministic,4.0,100,-1,0.5657434862489642,0.8153362007705661,0.6938775510204082,51,35,10,86,61,25,0.4098360655737705,0.8424172212193873
IXMtest_K03_s5_w1DC4CE558-042C-482E-8CAE-FCCB57AA9A55,cubic,deterministic,6.0,100,-1,0.5467904988336147,0.8262611982374622,0.6617647058823529,45,30,16,75,61,14,0.22950819672131148,0.7701070814444271
IXMtest_K03_s5_w1DC4CE558-042C-482E-8CAE-FCCB57AA9A55,cubic,poisson,-6.0,50,0,0.5722272216670804,0.7978167994396794,0.7172413793103448,52,32,9,84,61,23,0.3770491803278688,0.8284377986586263
IXMtest_K03_s5_w1DC4CE558-042C-482E-8CAE-FCCB57AA9A55,cubic,poisson,-6.0,50,1,0.5647259461803931,0.7927883475224748,0.7123287671232876,52,33,9,85,61,24,0.39344262295081966,0.8324128029727219
IXMtest_K03_s5_w1DC4CE558-042C-482E-8CAE-FCCB57AA9A55,cubic,poisson,-6.0,50,2,0.5659528785856747,0.799952626462444,0.7074829931972789,52,34,9,86,61,25,0.4098360655737705,0.8226702758312463
IXMtest_K03_s5_w1DC4CE558-042C-482E-8CAE-FCCB57AA9A55,cubic,poisson,-6.0,50,3,0.5543769014330128,0.7889209751162105,0.7027027027027027,52,35,9,87,61,26,0.4262295081967213,0.8230658662382684
IXMtest_K03_s5_w1DC4CE558-042C-482E-8CAE-FCCB57AA9A55,cubic,poisson,-6.0,200,0,0.5892995594635296,0.8116767517139182,0.726027397260274,53,32,8,85,61,24,0.39344262295081966,0.8517477992882805
IXMtest_K03_s5_w1DC4CE558-042C-482E-8CAE-FCCB57AA9A55,cubic,poisson,-6.0,200,1,0.581527735971235,0.8064582753563352,0.7210884353741497,53,33,8,86,61,25,0.4098360655737705,0.8475304223335719
IXMtest_K03_s5_w1DC4CE558-042C-482E-8CAE-FCCB57AA9A55,cubic,poisson,-6.0,200,2,0.5614470582470904,0.8097794109333035,0.6933333333333334,52,37,9,89,61,28,0.45901639344262296,0.8507687208383264
IXMtest_K03_s5_w1DC4CE558-042C-482E-8CAE-FCCB57AA9A55,cubic,poisson,-6.0,200,3,0.5850856272006741,0.8113923320613122,0.7210884353741497,53,33,8,86,61,25,0.4098360655737705,0.8520847457627119
IXMtest_K03_s5_w1DC4CE558-042C-482E-8CAE-FCCB57AA9A55,cubic,poisson,6.0,50,0,0.5482711500631112,0.8059585905927734,0.6802721088435374,50,36,11,86,61,25,0.4098360655737705,0.8308668435735184
IXMtest_K03_s5_w1DC4CE558-042C-482E-8CAE-FCCB57AA9A55,cubic,poisson,6.0,50,1,0.5672486440425083,0.8063828763349383,0.7034482758620689,51,33,10,84,61,23,0.3770491803278688,0.8225969530272651
IXMtest_K03_s5_w1DC4CE558-042C-482E-8CAE-FCCB57AA9A55,cubic,poisson,6.0,50,2,0.5558466494623764,0.785667860297782,0.7074829931972789,52,34,9,86,61,25,0.4098360655737705,0.8306748155098521
IXMtest_K03_s5_w1DC4CE558-042C-482E-8CAE-FCCB57AA9A55,cubic,poisson,6.0,50,3,0.5434723029702812,0.7989042853663133,0.6802721088435374,50,36,11,86,61,25,0.4098360655737705,0.820040794638419
IXMtest_K03_s5_w1DC4CE558-042C-482E-8CAE-FCCB57AA9A55,cubic,poisson,6.0,200,0,0.5590788873241425,0.8166936687382081,0.6845637583892618,51,37,10,88,61,27,0.4426229508196721,0.8513192701621108
IXMtest_K03_s5_w1DC4CE558-042C-482E-8CAE-FCCB57AA9A55,cubic,poisson,6.0,200,1,0.5554350020332005,0.811370738264185,0.6845637583892618,51,37,10,88,61,27,0.4426229508196721,0.8499345249230456
IXMtest_K03_s5_w1DC4CE558-042C-482E-8CAE-FCCB57AA9A55,cubic,poisson,6.0,200,2,0.5745147137563963,0.8120544511749064,0.7074829931972789,52,34,9,86,61,25,0.4098360655737705,0.8483097222932542
IXMtest_K03_s5_w1DC4CE558-042C-482E-8CAE-FCCB57AA9A55,cubic,poisson,6.0,200,3,0.5733107864953564,0.8103527462963209,0.7074829931972789,52,34,9,86,61,25,0.4098360655737705,0.8476781613120801
IXMtest_K03_s5_w1DC4CE558-042C-482E-8CAE-FCCB57AA9A55,image_fidelity,deterministic,-6.0,100,-1,0.5429494876716023,0.8264897756778836,0.656934306569343,45,31,16,76,61,15,0.2459016393442623,0.7662844928099495
IXMtest_K03_s5_w1DC4CE558-042C-482E-8CAE-FCCB57AA9A55,image_fidelity,deterministic,-4.0,100,-1,0.565323501304652,0.8147309283508221,0.6938775510204082,51,35,10,86,61,25,0.4098360655737705,0.8423678920160828
IXMtest_K03_s5_w1DC4CE558-042C-482E-8CAE-FCCB57AA9A55,image_fidelity,deterministic,-2.0,100,-1,0.5882692216301298,0.8213570264269738,0.7162162162162162,53,34,8,87,61,26,0.4262295081967213,0.8603112428541182
IXMtest_K03_s5_w1DC4CE558-042C-482E-8CAE-FCCB57AA9A55,image_fidelity,deterministic,0.0,100,-1,0.5882867408161823,0.8213814871773111,0.7162162162162162,53,34,8,87,61,26,0.4262295081967213,0.8603565027766251
IXMtest_K03_s5_w1DC4CE558-042C-482E-8CAE-FCCB57AA9A55,image_fidelity,deterministic,2.0,100,-1,0.5882702468232802,0.8213584578287308,0.7162162162162162,53,34,8,87,61,26,0.4262295081967213,0.8603286902672042
IXMtest_K03_s5_w1DC4CE558-042C-482E-8CAE-FCCB57AA9A55,image_fidelity,deterministic,4.0,100,-1,0.5653925552155379,0.8148304472223928,0.6938775510204082,51,35,10,86,61,25,0.4098360655737705,0.8424066710350337
IXMtest_K03_s5_w1DC4CE558-042C-482E-8CAE-FCCB57AA9A55,image_fidelity,deterministic,6.0,100,-1,0.5468072703048487,0.8262865417939935,0.6617647058823529,45,30,16,75,61,14,0.22950819672131148,0.7694740849938007
IXMtest_K03_s5_w1DC4CE558-042C-482E-8CAE-FCCB57AA9A55,image_fidelity,poisson,-6.0,50,0,0.5765279135447738,0.7940856167692167,0.726027397260274,53,32,8,85,61,24,0.39344262295081966,0.8267742676916005
IXMtest_K03_s5_w1DC4CE558-042C-482E-8CAE-FCCB57AA9A55,image_fidelity,poisson,-6.0,50,1,0.5722991380094191,0.7979170674169787,0.7172413793103448,52,32,9,84,61,23,0.3770491803278688,0.8306344996000169
IXMtest_K03_s5_w1DC4CE558-042C-482E-8CAE-FCCB57AA9A55,image_fidelity,poisson,-6.0,50,2,0.5717712111550767,0.7971810155527511,0.7172413793103448,52,32,9,84,61,23,0.3770491803278688,0.8325913111320291
IXMtest_K03_s5_w1DC4CE558-042C-482E-8CAE-FCCB57AA9A55,image_fidelity,poisson,-6.0,50,3,0.5630436859050872,0.7904267129052187,0.7123287671232876,52,33,9,85,61,24,0.39344262295081966,0.8345395096283968
IXMtest_K03_s5_w1DC4CE558-042C-482E-8CAE-FCCB57AA9A55,image_fidelity,poisson,-6.0,200,0,0.5825114290434386,0.8078224534847686,0.7210884353741497,53,33,8,86,61,25,0.4098360655737705,0.85078886527045
IXMtest_K03_s5_w1DC4CE558-042C-482E-8CAE-FCCB57AA9A55,image_fidelity,poisson,-6.0,200,1,0.5833911233441973,0.8090424069018585,0.7210884353741497,53,33,8,86,61,25,0.4098360655737705,0.8511658350405046
IXMtest_K03_s5_w1DC4CE558-042C-482E-8CAE-FCCB57AA9A55,image_fidelity,poisson,-6.0,200,2,0.5930998800611095,0.8169111555558677,0.726027397260274,53,32,8,85,61,24,0.39344262295081966,0.854480201791065
IXMtest_K03_s5_w1DC4CE558-042C-482E-8CAE-FCCB57AA9A55,image_fidelity,poisson,-6.0,200,3,0.5886058008085212,0.8011578955449317,0.7346938775510204,54,32,7,86,61,25,0.4098360655737705,0.8497376776406269
IXMtest_K03_s5_w1DC4CE558-042C-482E-8CAE-FCCB57AA9A55,image_fidelity,poisson,6.0,50,0,0.5826107418940909,0.7954877437400086,0.7323943661971831,52,29,9,81,61,20,0.32786885245901637,0.821370507454426
IXMtest_K03_s5_w1DC4CE558-042C-482E-8CAE-FCCB57AA9A55,image_fidelity,poisson,6.0,50,1,0.555608975597011,0.8061777292976238,0.6891891891891891,51,36,10,87,61,26,0.4262295081967213,0.828575255764111
IXMtest_K03_s5_w1DC4CE558-042C-482E-8CAE-FCCB57AA9A55,image_fidelity,poisson,6.0,50,2,0.5777727773529914,0.7903495539262617,0.7310344827586207,53,31,8,84,61,23,0.3770491803278688,0.8171962553249381
IXMtest_K03_s5_w1DC4CE558-042C-482E-8CAE-FCCB57AA9A55,image_fidelity,poisson,6.0,50,3,0.5803788837484274,0.7939145107879432,0.7310344827586207,53,31,8,84,61,23,0.3770491803278688,0.8366941306379003
IXMtest_K03_s5_w1DC4CE558-042C-482E-8CAE-FCCB57AA9A55,image_fidelity,poisson,6.0,200,0,0.5886192259838854,0.8107396886193138,0.726027397260274,53,32,8,85,61,24,0.39344262295081966,0.8508926454148176
IXMtest_K03_s5_w1DC4CE558-042C-482E-8CAE-FCCB57AA9A55,image_fidelity,poisson,6.0,200,1,0.5878495373795991,0.8096795514851082,0.726027397260274,53,32,8,85,61,24,0.39344262295081966,0.8488540214052889
IXMtest_K03_s5_w1DC4CE558-042C-482E-8CAE-FCCB57AA9A55,image_fidelity,poisson,6.0,200,2,0.5847977233300312,0.810993069146364,0.7210884353741497,53,33,8,86,61,25,0.4098360655737705,0.8470192570335974
IXMtest_K03_s5_w1DC4CE558-042C-482E-8CAE-FCCB57AA9A55,image_fidelity,poisson,6.0,200,3,0.5837239725838564,0.8095039997153481,0.7210884353741497,53,33,8,86,61,25,0.4098360655737705,0.8526224057262275
IXMtest_K03_s5_w1DC4CE558-042C-482E-8CAE-FCCB57AA9A55,exact_task,deterministic,-6.0,100,-1,0.5345630240778462,0.7911532756352123,0.6756756756756757,50,37,11,87,61,26,0.4262295081967213,0.813734410961837
IXMtest_K03_s5_w1DC4CE558-042C-482E-8CAE-FCCB57AA9A55,exact_task,deterministic,-4.0,100,-1,0.5743251342898895,0.8173088449509966,0.7027027027027027,52,35,9,87,61,26,0.4262295081967213,0.8541534335521208
IXMtest_K03_s5_w1DC4CE558-042C-482E-8CAE-FCCB57AA9A55,exact_task,deterministic,-2.0,100,-1,0.5867647136917379,0.8350113233305501,0.7027027027027027,52,35,9,87,61,26,0.4262295081967213,0.8645724874261008
IXMtest_K03_s5_w1DC4CE558-042C-482E-8CAE-FCCB57AA9A55,exact_task,deterministic,0.0,100,-1,0.5989970203364967,0.836335462356618,0.7162162162162162,53,34,8,87,61,26,0.4262295081967213,0.8686799177760721
IXMtest_K03_s5_w1DC4CE558-042C-482E-8CAE-FCCB57AA9A55,exact_task,deterministic,2.0,100,-1,0.5879817940163259,0.8367433222540022,0.7027027027027027,52,35,9,87,61,26,0.4262295081967213,0.8653366803188444
IXMtest_K03_s5_w1DC4CE558-042C-482E-8CAE-FCCB57AA9A55,exact_task,deterministic,4.0,100,-1,0.5736158196931063,0.8162994357171128,0.7027027027027027,52,35,9,87,61,26,0.4262295081967213,0.8538479849765921
IXMtest_K03_s5_w1DC4CE558-042C-482E-8CAE-FCCB57AA9A55,exact_task,deterministic,6.0,100,-1,0.5335590481684346,0.7896673912892832,0.6756756756756757,50,37,11,87,61,26,0.4262295081967213,0.8129564319048128
IXMtest_K03_s5_w1DC4CE558-042C-482E-8CAE-FCCB57AA9A55,exact_task,poisson,-6.0,50,0,0.5586581893464521,0.7941709554434858,0.7034482758620689,51,33,10,84,61,23,0.3770491803278688,0.8181669493057409
IXMtest_K03_s5_w1DC4CE558-042C-482E-8CAE-FCCB57AA9A55,exact_task,poisson,-6.0,50,1,0.5717817721057005,0.7971957399550631,0.7172413793103448,52,32,9,84,61,23,0.3770491803278688,0.8257793989806876
IXMtest_K03_s5_w1DC4CE558-042C-482E-8CAE-FCCB57AA9A55,exact_task,poisson,-6.0,50,2,0.5731673122274369,0.7936162784687587,0.7222222222222222,52,31,9,83,61,22,0.36065573770491804,0.818568752212313
IXMtest_K03_s5_w1DC4CE558-042C-482E-8CAE-FCCB57AA9A55,exact_task,poisson,-6.0,50,3,0.5658173446072873,0.7888799516159294,0.7172413793103448,52,32,9,84,61,23,0.3770491803278688,0.8131469353194284
IXMtest_K03_s5_w1DC4CE558-042C-482E-8CAE-FCCB57AA9A55,exact_task,poisson,-6.0,200,0,0.5721830312204994,0.8087587075905136,0.7074829931972789,52,34,9,86,61,25,0.4098360655737705,0.8474760698437527
IXMtest_K03_s5_w1DC4CE558-042C-482E-8CAE-FCCB57AA9A55,exact_task,poisson,-6.0,200,1,0.5810405879951899,0.8003011872386578,0.726027397260274,53,32,8,85,61,24,0.39344262295081966,0.8431528051369951
IXMtest_K03_s5_w1DC4CE558-042C-482E-8CAE-FCCB57AA9A55,exact_task,poisson,-6.0,200,2,0.5738992648820127,0.7958791692231686,0.7210884353741497,53,33,8,86,61,25,0.4098360655737705,0.8446978412974373
IXMtest_K03_s5_w1DC4CE558-042C-482E-8CAE-FCCB57AA9A55,exact_task,poisson,-6.0,200,3,0.5614351506414128,0.804363821592024,0.697986577181208,52,36,9,88,61,27,0.4426229508196721,0.839825297884069
IXMtest_K03_s5_w1DC4CE558-042C-482E-8CAE-FCCB57AA9A55,exact_task,poisson,6.0,50,0,0.5800675626769585,0.7841654088040364,0.7397260273972602,54,31,7,85,61,24,0.39344262295081966,0.8347117889571793
IXMtest_K03_s5_w1DC4CE558-042C-482E-8CAE-FCCB57AA9A55,exact_task,poisson,6.0,50,1,0.5503340694909591,0.793128511913441,0.6938775510204082,51,35,10,86,61,25,0.4098360655737705,0.8336836773458275
IXMtest_K03_s5_w1DC4CE558-042C-482E-8CAE-FCCB57AA9A55,exact_task,poisson,6.0,50,2,0.5696348790755721,0.794202475634211,0.7172413793103448,52,32,9,84,61,23,0.3770491803278688,0.822371819152233
IXMtest_K03_s5_w1DC4CE558-042C-482E-8CAE-FCCB57AA9A55,exact_task,poisson,6.0,50,3,0.5685396492775904,0.7872087451535866,0.7222222222222222,52,31,9,83,61,22,0.36065573770491804,0.8238576005941946
IXMtest_K03_s5_w1DC4CE558-042C-482E-8CAE-FCCB57AA9A55,exact_task,poisson,6.0,200,0,0.5571898065289403,0.8036391440321254,0.6933333333333334,52,37,9,89,61,28,0.45901639344262296,0.8471732274763479
IXMtest_K03_s5_w1DC4CE558-042C-482E-8CAE-FCCB57AA9A55,exact_task,poisson,6.0,200,1,0.578542743523214,0.7968607599470684,0.726027397260274,53,32,8,85,61,24,0.39344262295081966,0.8422887017136218
IXMtest_K03_s5_w1DC4CE558-042C-482E-8CAE-FCCB57AA9A55,exact_task,poisson,6.0,200,2,0.5719803545085962,0.8084722318534965,0.7074829931972789,52,34,9,86,61,25,0.4098360655737705,0.847700025508035
IXMtest_K03_s5_w1DC4CE558-042C-482E-8CAE-FCCB57AA9A55,exact_task,poisson,6.0,200,3,0.58398695579336,0.8043593919417977,0.726027397260274,53,32,8,85,61,24,0.39344262295081966,0.847468004592032
IXMtest_K03_s5_w1DC4CE558-042C-482E-8CAE-FCCB57AA9A55,surrogate,deterministic,-6.0,100,-1,0.5452335208210473,0.8178502812315709,0.6666666666666666,45,29,16,74,61,13,0.21311475409836064,0.7709001088011291
IXMtest_K03_s5_w1DC4CE558-042C-482E-8CAE-FCCB57AA9A55,surrogate,deterministic,-4.0,100,-1,0.564441533150671,0.8134598565994966,0.6938775510204082,51,35,10,86,61,25,0.4098360655737705,0.8412006387139602
IXMtest_K03_s5_w1DC4CE558-042C-482E-8CAE-FCCB57AA9A55,surrogate,deterministic,-2.0,100,-1,0.5896498523908367,0.8232846995645645,0.7162162162162162,53,34,8,87,61,26,0.4262295081967213,0.8613620324629498
IXMtest_K03_s5_w1DC4CE558-042C-482E-8CAE-FCCB57AA9A55,surrogate,deterministic,0.0,100,-1,0.5903037057726674,0.8241976269278752,0.7162162162162162,53,34,8,87,61,26,0.4262295081967213,0.8618046971569839
IXMtest_K03_s5_w1DC4CE558-042C-482E-8CAE-FCCB57AA9A55,surrogate,deterministic,2.0,100,-1,0.5894771444355817,0.8230435601553405,0.7162162162162162,53,34,8,87,61,26,0.4262295081967213,0.8610929752430696
IXMtest_K03_s5_w1DC4CE558-042C-482E-8CAE-FCCB57AA9A55,surrogate,deterministic,4.0,100,-1,0.5640729372200766,0.8129286448171692,0.6938775510204082,51,35,10,86,61,25,0.4098360655737705,0.8408586896991354
IXMtest_K03_s5_w1DC4CE558-042C-482E-8CAE-FCCB57AA9A55,surrogate,deterministic,6.0,100,-1,0.537475576479925,0.8181572664194415,0.656934306569343,45,31,16,76,61,15,0.2459016393442623,0.7694178062207007
IXMtest_K03_s5_w1DC4CE558-042C-482E-8CAE-FCCB57AA9A55,surrogate,poisson,-6.0,50,0,0.5673774872438537,0.7921874350197202,0.7162162162162162,53,34,8,87,61,26,0.4262295081967213,0.8377996463052436
IXMtest_K03_s5_w1DC4CE558-042C-482E-8CAE-FCCB57AA9A55,surrogate,poisson,-6.0,50,1,0.5684291727708849,0.7979871079283576,0.7123287671232876,52,33,9,85,61,24,0.39344262295081966,0.8313683730128546
IXMtest_K03_s5_w1DC4CE558-042C-482E-8CAE-FCCB57AA9A55,surrogate,poisson,-6.0,50,2,0.5646664615405286,0.7971761809983933,0.7083333333333334,51,32,10,83,61,22,0.36065573770491804,0.8185210923223432
IXMtest_K03_s5_w1DC4CE558-042C-482E-8CAE-FCCB57AA9A55,surrogate,poisson,-6.0,50,3,0.5435518192732379,0.788683031886659,0.6891891891891891,51,36,10,87,61,26,0.4262295081967213,0.8243656024978212
IXMtest_K03_s5_w1DC4CE558-042C-482E-8CAE-FCCB57AA9A55,surrogate,poisson,-6.0,200,0,0.574478140513584,0.8120027563028545,0.7074829931972789,52,34,9,86,61,25,0.4098360655737705,0.8501726785971879
IXMtest_K03_s5_w1DC4CE558-042C-482E-8CAE-FCCB57AA9A55,surrogate,poisson,-6.0,200,1,0.5875801111555757,0.8093084549878684,0.726027397260274,53,32,8,85,61,24,0.39344262295081966,0.8469406922932428
IXMtest_K03_s5_w1DC4CE558-042C-482E-8CAE-FCCB57AA9A55,surrogate,poisson,-6.0,200,2,0.5626186322122017,0.800649591994287,0.7027027027027027,52,35,9,87,61,26,0.4262295081967213,0.8450135459796555
IXMtest_K03_s5_w1DC4CE558-042C-482E-8CAE-FCCB57AA9A55,surrogate,poisson,-6.0,200,3,0.5849206755184637,0.8111635783133413,0.7210884353741497,53,33,8,86,61,25,0.4098360655737705,0.8439669675568119
IXMtest_K03_s5_w1DC4CE558-042C-482E-8CAE-FCCB57AA9A55,surrogate,poisson,6.0,50,0,0.5780502268845729,0.7907290839458779,0.7310344827586207,53,31,8,84,61,23,0.3770491803278688,0.8283152865969866
IXMtest_K03_s5_w1DC4CE558-042C-482E-8CAE-FCCB57AA9A55,surrogate,poisson,6.0,50,1,0.5690994310836243,0.7934559375685146,0.7172413793103448,52,32,9,84,61,23,0.3770491803278688,0.8362200973219451
IXMtest_K03_s5_w1DC4CE558-042C-482E-8CAE-FCCB57AA9A55,surrogate,poisson,6.0,50,2,0.5839275430075347,0.7932600584253302,0.7361111111111112,53,30,8,83,61,22,0.36065573770491804,0.8277587277817012
IXMtest_K03_s5_w1DC4CE558-042C-482E-8CAE-FCCB57AA9A55,surrogate,poisson,6.0,50,3,0.5578741168114775,0.7992619558164437,0.697986577181208,52,36,9,88,61,27,0.4426229508196721,0.8345993835374172
IXMtest_K03_s5_w1DC4CE558-042C-482E-8CAE-FCCB57AA9A55,surrogate,poisson,6.0,200,0,0.5608378955478507,0.8082663788777849,0.6938775510204082,51,35,10,86,61,25,0.4098360655737705,0.8487412879724968
IXMtest_K03_s5_w1DC4CE558-042C-482E-8CAE-FCCB57AA9A55,surrogate,poisson,6.0,200,1,0.5755855458650327,0.8135680311746136,0.7074829931972789,52,34,9,86,61,25,0.4098360655737705,0.8496562768866438
IXMtest_K03_s5_w1DC4CE558-042C-482E-8CAE-FCCB57AA9A55,surrogate,poisson,6.0,200,2,0.5769347233913141,0.809927592453191,0.7123287671232876,52,33,9,85,61,24,0.39344262295081966,0.8447851922682876
IXMtest_K03_s5_w1DC4CE558-042C-482E-8CAE-FCCB57AA9A55,surrogate,poisson,6.0,200,3,0.5676414021953268,0.8077973800471958,0.7027027027027027,52,35,9,87,61,26,0.4262295081967213,0.8465439791334589
IXMtest_K05_s9_w1647AEF60-D7B0-4D83-AFA5-2B05E968468F,clear,deterministic,-6.0,100,-1,0.496069085674829,0.8336716578701987,0.5950413223140496,36,23,26,59,62,3,0.04838709677419355,0.6898529015950289
IXMtest_K05_s9_w1647AEF60-D7B0-4D83-AFA5-2B05E968468F,clear,deterministic,-4.0,100,-1,0.5856052738677644,0.8267368572250792,0.7083333333333334,51,31,11,82,62,20,0.3225806451612903,0.8581927028868017
IXMtest_K05_s9_w1647AEF60-D7B0-4D83-AFA5-2B05E968468F,clear,deterministic,-2.0,100,-1,0.620611393922215,0.8293624991505963,0.7482993197278912,55,30,7,85,62,23,0.3709677419354839,0.8756956991492723
IXMtest_K05_s9_w1647AEF60-D7B0-4D83-AFA5-2B05E968468F,clear,deterministic,0.0,100,-1,0.6153090553849749,0.8375039920517714,0.7346938775510204,54,31,8,85,62,23,0.3709677419354839,0.8763295099061522
IXMtest_K05_s9_w1647AEF60-D7B0-4D83-AFA5-2B05E968468F,clear,deterministic,2.0,100,-1,0.620611393922215,0.8293624991505963,0.7482993197278912,55,30,7,85,62,23,0.3709677419354839,0.8756956991492723
IXMtest_K05_s9_w1647AEF60-D7B0-4D83-AFA5-2B05E968468F,clear,deterministic,4.0,100,-1,0.5856052738677644,0.8267368572250792,0.7083333333333334,51,31,11,82,62,20,0.3225806451612903,0.8581927028868017
IXMtest_K05_s9_w1647AEF60-D7B0-4D83-AFA5-2B05E968468F,clear,deterministic,6.0,100,-1,0.496069085674829,0.8336716578701987,0.5950413223140496,36,23,26,59,62,3,0.04838709677419355,0.6898529015950289
IXMtest_K05_s9_w1647AEF60-D7B0-4D83-AFA5-2B05E968468F,clear,poisson,-6.0,50,0,0.5253505322420925,0.7997002546351852,0.656934306569343,45,30,17,75,62,13,0.20967741935483872,0.7846513584643532
IXMtest_K05_s9_w1647AEF60-D7B0-4D83-AFA5-2B05E968468F,clear,poisson,-6.0,50,1,0.6036486316715877,0.798946718388866,0.7555555555555555,51,22,11,73,62,11,0.1774193548387097,0.8101518975286891
IXMtest_K05_s9_w1647AEF60-D7B0-4D83-AFA5-2B05E968468F,clear,poisson,-6.0,50,2,0.5648438086113275,0.8060791852057486,0.7007299270072993,48,27,14,75,62,13,0.20967741935483872,0.790846023528521
IXMtest_K05_s9_w1647AEF60-D7B0-4D83-AFA5-2B05E968468F,clear,poisson,-6.0,50,3,0.590225493917713,0.7849999069105583,0.7518796992481203,50,21,12,71,62,9,0.14516129032258066,0.7844855157441777
IXMtest_K05_s9_w1647AEF60-D7B0-4D83-AFA5-2B05E968468F,clear,poisson,-6.0,200,0,0.611717016054393,0.815622688072524,0.75,54,28,8,82,62,20,0.3225806451612903,0.861136592764825
IXMtest_K05_s9_w1647AEF60-D7B0-4D83-AFA5-2B05E968468F,clear,poisson,-6.0,200,1,0.6090054112858654,0.8083162731612396,0.7534246575342466,55,29,7,84,62,22,0.3548387096774194,0.8680016493071118
IXMtest_K05_s9_w1647AEF60-D7B0-4D83-AFA5-2B05E968468F,clear,poisson,-6.0,200,2,0.5917769652462381,0.819383490340945,0.7222222222222222,52,30,10,82,62,20,0.3225806451612903,0.850312325660091
IXMtest_K05_s9_w1647AEF60-D7B0-4D83-AFA5-2B05E968468F,clear,poisson,-6.0,200,3,0.6059393270555931,0.8079191027407908,0.75,54,28,8,82,62,20,0.3225806451612903,0.8466609659890216
IXMtest_K05_s9_w1647AEF60-D7B0-4D83-AFA5-2B05E968468F,clear,poisson,6.0,50,0,0.5766159816907707,0.7957300547332635,0.7246376811594203,50,26,12,76,62,14,0.22580645161290322,0.8052019087496936
IXMtest_K05_s9_w1647AEF60-D7B0-4D83-AFA5-2B05E968468F,clear,poisson,6.0,50,1,0.6129185951350328,0.7863861220600421,0.7794117647058824,53,21,9,74,62,12,0.1935483870967742,0.83090269283604
IXMtest_K05_s9_w1647AEF60-D7B0-4D83-AFA5-2B05E968468F,clear,poisson,6.0,50,2,0.5807102564787252,0.7897659488110663,0.7352941176470589,50,24,12,74,62,12,0.1935483870967742,0.7808405141289173
IXMtest_K05_s9_w1647AEF60-D7B0-4D83-AFA5-2B05E968468F,clear,poisson,6.0,50,3,0.5433391773256052,0.7976681539461012,0.6811594202898551,47,29,15,76,62,14,0.22580645161290322,0.8053420519291805
IXMtest_K05_s9_w1647AEF60-D7B0-4D83-AFA5-2B05E968468F,clear,poisson,6.0,200,0,0.5993427118632867,0.8102225549262949,0.7397260273972602,54,30,8,84,62,22,0.3548387096774194,0.853038411660487
IXMtest_K05_s9_w1647AEF60-D7B0-4D83-AFA5-2B05E968468F,clear,poisson,6.0,200,1,0.6098152649790085,0.8074405823333168,0.7552447552447552,54,27,8,81,62,19,0.3064516129032258,0.8468705934398127
IXMtest_K05_s9_w1647AEF60-D7B0-4D83-AFA5-2B05E968468F,clear,poisson,6.0,200,2,0.6018067114382106,0.8260092117779361,0.7285714285714285,51,27,11,78,62,16,0.25806451612903225,0.8374218419444314
IXMtest_K05_s9_w1647AEF60-D7B0-4D83-AFA5-2B05E968468F,clear,poisson,6.0,200,3,0.6000342280748043,0.8151408381393568,0.7361111111111112,53,29,9,82,62,20,0.3225806451612903,0.8575939200910517
IXMtest_K05_s9_w1647AEF60-D7B0-4D83-AFA5-2B05E968468F,cubic,deterministic,-6.0,100,-1,0.496069085674829,0.8336716578701987,0.5950413223140496,36,23,26,59,62,3,0.04838709677419355,0.6898529015950289
IXMtest_K05_s9_w1647AEF60-D7B0-4D83-AFA5-2B05E968468F,cubic,deterministic,-4.0,100,-1,0.5856052738677644,0.8267368572250792,0.7083333333333334,51,31,11,82,62,20,0.3225806451612903,0.8581927028868017
IXMtest_K05_s9_w1647AEF60-D7B0-4D83-AFA5-2B05E968468F,cubic,deterministic,-2.0,100,-1,0.620611393922215,0.8293624991505963,0.7482993197278912,55,30,7,85,62,23,0.3709677419354839,0.8756956991492723
IXMtest_K05_s9_w1647AEF60-D7B0-4D83-AFA5-2B05E968468F,cubic,deterministic,0.0,100,-1,0.6153090553849749,0.8375039920517714,0.7346938775510204,54,31,8,85,62,23,0.3709677419354839,0.8763295099061522
IXMtest_K05_s9_w1647AEF60-D7B0-4D83-AFA5-2B05E968468F,cubic,deterministic,2.0,100,-1,0.620611393922215,0.8293624991505963,0.7482993197278912,55,30,7,85,62,23,0.3709677419354839,0.8756956991492723
IXMtest_K05_s9_w1647AEF60-D7B0-4D83-AFA5-2B05E968468F,cubic,deterministic,4.0,100,-1,0.5856052738677644,0.8267368572250792,0.7083333333333334,51,31,11,82,62,20,0.3225806451612903,0.8581927028868017
IXMtest_K05_s9_w1647AEF60-D7B0-4D83-AFA5-2B05E968468F,cubic,deterministic,6.0,100,-1,0.496069085674829,0.8336716578701987,0.5950413223140496,36,23,26,59,62,3,0.04838709677419355,0.6898529015950289
IXMtest_K05_s9_w1647AEF60-D7B0-4D83-AFA5-2B05E968468F,cubic,poisson,-6.0,50,0,0.5253505322420925,0.7997002546351852,0.656934306569343,45,30,17,75,62,13,0.20967741935483872,0.7846513584643532
IXMtest_K05_s9_w1647AEF60-D7B0-4D83-AFA5-2B05E968468F,cubic,poisson,-6.0,50,1,0.6036486316715877,0.798946718388866,0.7555555555555555,51,22,11,73,62,11,0.1774193548387097,0.8101518975286891
IXMtest_K05_s9_w1647AEF60-D7B0-4D83-AFA5-2B05E968468F,cubic,poisson,-6.0,50,2,0.5648438086113275,0.8060791852057486,0.7007299270072993,48,27,14,75,62,13,0.20967741935483872,0.790846023528521
IXMtest_K05_s9_w1647AEF60-D7B0-4D83-AFA5-2B05E968468F,cubic,poisson,-6.0,50,3,0.590225493917713,0.7849999069105583,0.7518796992481203,50,21,12,71,62,9,0.14516129032258066,0.7844855157441777
IXMtest_K05_s9_w1647AEF60-D7B0-4D83-AFA5-2B05E968468F,cubic,poisson,-6.0,200,0,0.611717016054393,0.815622688072524,0.75,54,28,8,82,62,20,0.3225806451612903,0.861136592764825
IXMtest_K05_s9_w1647AEF60-D7B0-4D83-AFA5-2B05E968468F,cubic,poisson,-6.0,200,1,0.6090054112858654,0.8083162731612396,0.7534246575342466,55,29,7,84,62,22,0.3548387096774194,0.8680016493071118
IXMtest_K05_s9_w1647AEF60-D7B0-4D83-AFA5-2B05E968468F,cubic,poisson,-6.0,200,2,0.5917769652462381,0.819383490340945,0.7222222222222222,52,30,10,82,62,20,0.3225806451612903,0.850312325660091
IXMtest_K05_s9_w1647AEF60-D7B0-4D83-AFA5-2B05E968468F,cubic,poisson,-6.0,200,3,0.6059393270555931,0.8079191027407908,0.75,54,28,8,82,62,20,0.3225806451612903,0.8466609659890216
IXMtest_K05_s9_w1647AEF60-D7B0-4D83-AFA5-2B05E968468F,cubic,poisson,6.0,50,0,0.5766159816907707,0.7957300547332635,0.7246376811594203,50,26,12,76,62,14,0.22580645161290322,0.8052019087496936
IXMtest_K05_s9_w1647AEF60-D7B0-4D83-AFA5-2B05E968468F,cubic,poisson,6.0,50,1,0.6129185951350328,0.7863861220600421,0.7794117647058824,53,21,9,74,62,12,0.1935483870967742,0.83090269283604
IXMtest_K05_s9_w1647AEF60-D7B0-4D83-AFA5-2B05E968468F,cubic,poisson,6.0,50,2,0.5807102564787252,0.7897659488110663,0.7352941176470589,50,24,12,74,62,12,0.1935483870967742,0.7808405141289173
IXMtest_K05_s9_w1647AEF60-D7B0-4D83-AFA5-2B05E968468F,cubic,poisson,6.0,50,3,0.5433391773256052,0.7976681539461012,0.6811594202898551,47,29,15,76,62,14,0.22580645161290322,0.8053420519291805
IXMtest_K05_s9_w1647AEF60-D7B0-4D83-AFA5-2B05E968468F,cubic,poisson,6.0,200,0,0.5993427118632867,0.8102225549262949,0.7397260273972602,54,30,8,84,62,22,0.3548387096774194,0.853038411660487
IXMtest_K05_s9_w1647AEF60-D7B0-4D83-AFA5-2B05E968468F,cubic,poisson,6.0,200,1,0.6098152649790085,0.8074405823333168,0.7552447552447552,54,27,8,81,62,19,0.3064516129032258,0.8468705934398127
IXMtest_K05_s9_w1647AEF60-D7B0-4D83-AFA5-2B05E968468F,cubic,poisson,6.0,200,2,0.6018067114382106,0.8260092117779361,0.7285714285714285,51,27,11,78,62,16,0.25806451612903225,0.8374218419444314
IXMtest_K05_s9_w1647AEF60-D7B0-4D83-AFA5-2B05E968468F,cubic,poisson,6.0,200,3,0.6000342280748043,0.8151408381393568,0.7361111111111112,53,29,9,82,62,20,0.3225806451612903,0.8575939200910517
IXMtest_K05_s9_w1647AEF60-D7B0-4D83-AFA5-2B05E968468F,image_fidelity,deterministic,-6.0,100,-1,0.49485610532956814,0.831633177012191,0.5950413223140496,36,23,26,59,62,3,0.04838709677419355,0.6890844823146609
IXMtest_K05_s9_w1647AEF60-D7B0-4D83-AFA5-2B05E968468F,image_fidelity,deterministic,-4.0,100,-1,0.5811456569867994,0.8261384339518226,0.7034482758620689,51,32,11,83,62,21,0.3387096774193548,0.8530526155050153
IXMtest_K05_s9_w1647AEF60-D7B0-4D83-AFA5-2B05E968468F,image_fidelity,deterministic,-2.0,100,-1,0.6137220797724923,0.835343941912559,0.7346938775510204,54,31,8,85,62,23,0.3709677419354839,0.8756389653074751
IXMtest_K05_s9_w1647AEF60-D7B0-4D83-AFA5-2B05E968468F,image_fidelity,deterministic,0.0,100,-1,0.6143642984257343,0.8362180728572495,0.7346938775510204,54,31,8,85,62,23,0.3709677419354839,0.8758879081202202
IXMtest_K05_s9_w1647AEF60-D7B0-4D83-AFA5-2B05E968468F,image_fidelity,deterministic,2.0,100,-1,0.6205698209470667,0.8293069425383528,0.7482993197278912,55,30,7,85,62,23,0.3709677419354839,0.8757252462886458
IXMtest_K05_s9_w1647AEF60-D7B0-4D83-AFA5-2B05E968468F,image_fidelity,deterministic,4.0,100,-1,0.5852612537225701,0.8262511817259813,0.7083333333333334,51,31,11,82,62,20,0.3225806451612903,0.8577186618299073
IXMtest_K05_s9_w1647AEF60-D7B0-4D83-AFA5-2B05E968468F,image_fidelity,deterministic,6.0,100,-1,0.4953048802684774,0.832387368228969,0.5950413223140496,36,23,26,59,62,3,0.04838709677419355,0.6893315232656119
IXMtest_K05_s9_w1647AEF60-D7B0-4D83-AFA5-2B05E968468F,image_fidelity,poisson,-6.0,50,0,0.5543959037369695,0.802719068952487,0.6906474820143885,48,29,14,77,62,15,0.24193548387096775,0.7839076492358434
IXMtest_K05_s9_w1647AEF60-D7B0-4D83-AFA5-2B05E968468F,image_fidelity,poisson,-6.0,50,1,0.5618158910474325,0.790053596785452,0.7111111111111111,48,25,14,73,62,11,0.1774193548387097,0.777757372485719
IXMtest_K05_s9_w1647AEF60-D7B0-4D83-AFA5-2B05E968468F,image_fidelity,poisson,-6.0,50,2,0.5763648930826514,0.7854384327302798,0.7338129496402878,51,26,11,77,62,15,0.24193548387096775,0.8144501637810014
IXMtest_K05_s9_w1647AEF60-D7B0-4D83-AFA5-2B05E968468F,image_fidelity,poisson,-6.0,50,3,0.5508400473421243,0.7812935365362784,0.7050359712230215,49,28,13,77,62,15,0.24193548387096775,0.8069245549108875
IXMtest_K05_s9_w1647AEF60-D7B0-4D83-AFA5-2B05E968468F,image_fidelity,poisson,-6.0,200,0,0.6062127052496957,0.8082836069995943,0.75,54,28,8,82,62,20,0.3225806451612903,0.8480420913690695
IXMtest_K05_s9_w1647AEF60-D7B0-4D83-AFA5-2B05E968468F,image_fidelity,poisson,-6.0,200,1,0.6052764828593539,0.8165522363102603,0.7412587412587412,53,28,9,81,62,19,0.3064516129032258,0.840763742560349
IXMtest_K05_s9_w1647AEF60-D7B0-4D83-AFA5-2B05E968468F,image_fidelity,poisson,-6.0,200,2,0.6116469791502278,0.8155293055336371,0.75,54,28,8,82,62,20,0.3225806451612903,0.8666006481814909
IXMtest_K05_s9_w1647AEF60-D7B0-4D83-AFA5-2B05E968468F,image_fidelity,poisson,-6.0,200,3,0.5978350115941685,0.8162747273689609,0.7323943661971831,52,28,10,80,62,18,0.2903225806451613,0.8364279235083952
IXMtest_K05_s9_w1647AEF60-D7B0-4D83-AFA5-2B05E968468F,image_fidelity,poisson,6.0,50,0,0.5773676396260302,0.7923449522527436,0.7286821705426356,47,20,15,67,62,5,0.08064516129032258,0.756899500855248
IXMtest_K05_s9_w1647AEF60-D7B0-4D83-AFA5-2B05E968468F,image_fidelity,poisson,6.0,50,1,0.5636609173972865,0.7937265979676076,0.7101449275362319,49,27,13,76,62,14,0.22580645161290322,0.8094465168816622
IXMtest_K05_s9_w1647AEF60-D7B0-4D83-AFA5-2B05E968468F,image_fidelity,poisson,6.0,50,2,0.5728986750651195,0.790600171589865,0.7246376811594203,50,26,12,76,62,14,0.22580645161290322,0.8123131645665418
IXMtest_K05_s9_w1647AEF60-D7B0-4D83-AFA5-2B05E968468F,image_fidelity,poisson,6.0,50,3,0.5857958377141131,0.7868042134003284,0.7445255474452555,51,24,11,75,62,13,0.20967741935483872,0.7990980533937169
IXMtest_K05_s9_w1647AEF60-D7B0-4D83-AFA5-2B05E968468F,image_fidelity,poisson,6.0,200,0,0.610419571026981,0.8101932488176292,0.7534246575342466,55,29,7,84,62,22,0.3548387096774194,0.8709897121554289
IXMtest_K05_s9_w1647AEF60-D7B0-4D83-AFA5-2B05E968468F,image_fidelity,poisson,6.0,200,1,0.6008484414278177,0.8105785577752634,0.7412587412587412,53,28,9,81,62,19,0.3064516129032258,0.8409816791490385
IXMtest_K05_s9_w1647AEF60-D7B0-4D83-AFA5-2B05E968468F,image_fidelity,poisson,6.0,200,2,0.6106489066980169,0.8180391014256452,0.7464788732394366,53,27,9,80,62,18,0.2903225806451613,0.8517782561498408
IXMtest_K05_s9_w1647AEF60-D7B0-4D83-AFA5-2B05E968468F,image_fidelity,poisson,6.0,200,3,0.6155736605769144,0.8170341313111773,0.7534246575342466,55,29,7,84,62,22,0.3548387096774194,0.8782236490101659
IXMtest_K05_s9_w1647AEF60-D7B0-4D83-AFA5-2B05E968468F,exact_task,deterministic,-6.0,100,-1,0.5310886924681117,0.8025340241740355,0.6617647058823529,45,29,17,74,62,12,0.1935483870967742,0.7797327121137813
IXMtest_K05_s9_w1647AEF60-D7B0-4D83-AFA5-2B05E968468F,exact_task,deterministic,-4.0,100,-1,0.5762245102059186,0.8247919459810207,0.6986301369863014,51,33,11,84,62,22,0.3548387096774194,0.864110127826942
IXMtest_K05_s9_w1647AEF60-D7B0-4D83-AFA5-2B05E968468F,exact_task,deterministic,-2.0,100,-1,0.6260729634547946,0.8463578950407409,0.7397260273972602,54,30,8,84,62,22,0.3548387096774194,0.8897116385304709
IXMtest_K05_s9_w1647AEF60-D7B0-4D83-AFA5-2B05E968468F,exact_task,deterministic,0.0,100,-1,0.6312897683847838,0.8534102424460966,0.7397260273972602,54,30,8,84,62,22,0.3548387096774194,0.8941611547059419
IXMtest_K05_s9_w1647AEF60-D7B0-4D83-AFA5-2B05E968468F,exact_task,deterministic,2.0,100,-1,0.6249807099882353,0.844881330169281,0.7397260273972602,54,30,8,84,62,22,0.3548387096774194,0.8889257141804991
IXMtest_K05_s9_w1647AEF60-D7B0-4D83-AFA5-2B05E968468F,exact_task,deterministic,4.0,100,-1,0.5753501792644659,0.8235404526726668,0.6986301369863014,51,33,11,84,62,22,0.3548387096774194,0.8636648548521391
IXMtest_K05_s9_w1647AEF60-D7B0-4D83-AFA5-2B05E968468F,exact_task,deterministic,6.0,100,-1,0.5375905255556455,0.7946990377779106,0.6764705882352942,46,28,16,74,62,12,0.1935483870967742,0.7791730474732006
IXMtest_K05_s9_w1647AEF60-D7B0-4D83-AFA5-2B05E968468F,exact_task,poisson,-6.0,50,0,0.5662401417672714,0.7973585669784026,0.7101449275362319,49,27,13,76,62,14,0.22580645161290322,0.7993202096020394
IXMtest_K05_s9_w1647AEF60-D7B0-4D83-AFA5-2B05E968468F,exact_task,poisson,-6.0,50,1,0.5677307188640212,0.8032785703076044,0.706766917293233,47,24,15,71,62,9,0.14516129032258066,0.7752352166918539
IXMtest_K05_s9_w1647AEF60-D7B0-4D83-AFA5-2B05E968468F,exact_task,poisson,-6.0,50,2,0.5826223183537363,0.7923663529610815,0.7352941176470589,50,24,12,74,62,12,0.1935483870967742,0.7960039921320117
IXMtest_K05_s9_w1647AEF60-D7B0-4D83-AFA5-2B05E968468F,exact_task,poisson,-6.0,50,3,0.5719818208443495,0.8092934273648774,0.706766917293233,47,24,15,71,62,9,0.14516129032258066,0.7648761596143017
IXMtest_K05_s9_w1647AEF60-D7B0-4D83-AFA5-2B05E968468F,exact_task,poisson,-6.0,200,0,0.5938723578612661,0.8123725649989019,0.7310344827586207,53,30,9,83,62,21,0.3387096774193548,0.8502353989057132
IXMtest_K05_s9_w1647AEF60-D7B0-4D83-AFA5-2B05E968468F,exact_task,poisson,-6.0,200,1,0.594274376772084,0.807316134482831,0.7361111111111112,53,29,9,82,62,20,0.3225806451612903,0.8392898105243841
IXMtest_K05_s9_w1647AEF60-D7B0-4D83-AFA5-2B05E968468F,exact_task,poisson,-6.0,200,2,0.5723474435863711,0.8089910981461207,0.7074829931972789,52,33,10,85,62,23,0.3709677419354839,0.8641659358949121
IXMtest_K05_s9_w1647AEF60-D7B0-4D83-AFA5-2B05E968468F,exact_task,poisson,-6.0,200,3,0.5977711892992337,0.8120665213121665,0.7361111111111112,53,29,9,82,62,20,0.3225806451612903,0.8506243952725003
IXMtest_K05_s9_w1647AEF60-D7B0-4D83-AFA5-2B05E968468F,exact_task,poisson,6.0,50,0,0.5574141014009864,0.8118857563883932,0.6865671641791045,46,26,16,72,62,10,0.16129032258064516,0.7750275833113643
IXMtest_K05_s9_w1647AEF60-D7B0-4D83-AFA5-2B05E968468F,exact_task,poisson,6.0,50,1,0.5650996236442787,0.7828984369238444,0.7218045112781954,48,23,14,71,62,9,0.14516129032258066,0.7806835125166758
IXMtest_K05_s9_w1647AEF60-D7B0-4D83-AFA5-2B05E968468F,exact_task,poisson,6.0,50,2,0.5733466660838173,0.7990256729465965,0.7175572519083969,47,22,15,69,62,7,0.11290322580645161,0.7734124675888042
IXMtest_K05_s9_w1647AEF60-D7B0-4D83-AFA5-2B05E968468F,exact_task,poisson,6.0,50,3,0.5262469310480836,0.7893703965721255,0.6666666666666666,45,28,17,73,62,11,0.1774193548387097,0.782256423178686
IXMtest_K05_s9_w1647AEF60-D7B0-4D83-AFA5-2B05E968468F,exact_task,poisson,6.0,200,0,0.6051877358884038,0.8069169811845384,0.75,54,28,8,82,62,20,0.3225806451612903,0.8588339158949228
IXMtest_K05_s9_w1647AEF60-D7B0-4D83-AFA5-2B05E968468F,exact_task,poisson,6.0,200,1,0.5962409405880381,0.8060294196838294,0.7397260273972602,54,30,8,84,62,22,0.3548387096774194,0.8665101637944833
IXMtest_K05_s9_w1647AEF60-D7B0-4D83-AFA5-2B05E968468F,exact_task,poisson,6.0,200,2,0.5988525982858599,0.8151049254446426,0.7346938775510204,54,31,8,85,62,23,0.3709677419354839,0.8666761021866818
IXMtest_K05_s9_w1647AEF60-D7B0-4D83-AFA5-2B05E968468F,exact_task,poisson,6.0,200,3,0.5837833042276604,0.8095862803911895,0.7210884353741497,53,32,9,85,62,23,0.3709677419354839,0.8704883605040222
IXMtest_K05_s9_w1647AEF60-D7B0-4D83-AFA5-2B05E968468F,surrogate,deterministic,-6.0,100,-1,0.48433042025250417,0.8273978012646945,0.5853658536585366,36,25,26,61,62,1,0.016129032258064516,0.6932619017509168
IXMtest_K05_s9_w1647AEF60-D7B0-4D83-AFA5-2B05E968468F,surrogate,deterministic,-4.0,100,-1,0.5805068063436971,0.8252302639199616,0.7034482758620689,51,32,11,83,62,21,0.3387096774193548,0.8524437075364721
IXMtest_K05_s9_w1647AEF60-D7B0-4D83-AFA5-2B05E968468F,surrogate,deterministic,-2.0,100,-1,0.6219550945759437,0.8311581718423974,0.7482993197278912,55,30,7,85,62,23,0.3709677419354839,0.8766011529208843
IXMtest_K05_s9_w1647AEF60-D7B0-4D83-AFA5-2B05E968468F,surrogate,deterministic,0.0,100,-1,0.6168046156140683,0.8395396156969263,0.7346938775510204,54,31,8,85,62,23,0.3709677419354839,0.8776695153593526
IXMtest_K05_s9_w1647AEF60-D7B0-4D83-AFA5-2B05E968468F,surrogate,deterministic,2.0,100,-1,0.6220469502676094,0.8312809244485325,0.7482993197278912,55,30,7,85,62,23,0.3709677419354839,0.8767170547914114
IXMtest_K05_s9_w1647AEF60-D7B0-4D83-AFA5-2B05E968468F,surrogate,deterministic,4.0,100,-1,0.581106977980717,0.8260834490902349,0.7034482758620689,51,32,11,83,62,21,0.3387096774193548,0.8534610842317802
IXMtest_K05_s9_w1647AEF60-D7B0-4D83-AFA5-2B05E968468F,surrogate,deterministic,6.0,100,-1,0.4928686405667314,0.8258879923010094,0.5967741935483871,37,25,25,62,62,0,0.0,0.7004664136448855
IXMtest_K05_s9_w1647AEF60-D7B0-4D83-AFA5-2B05E968468F,surrogate,poisson,-6.0,50,0,0.5711744133089804,0.7825089462333032,0.7299270072992701,50,25,12,75,62,13,0.20967741935483872,0.8128676575066072
IXMtest_K05_s9_w1647AEF60-D7B0-4D83-AFA5-2B05E968468F,surrogate,poisson,-6.0,50,1,0.5719102415854855,0.7949552358038248,0.7194244604316546,50,27,12,77,62,15,0.24193548387096775,0.8018637965949149
IXMtest_K05_s9_w1647AEF60-D7B0-4D83-AFA5-2B05E968468F,surrogate,poisson,-6.0,50,2,0.5743426604709039,0.8029075967807534,0.7153284671532847,49,26,13,75,62,13,0.20967741935483872,0.804817362182004
IXMtest_K05_s9_w1647AEF60-D7B0-4D83-AFA5-2B05E968468F,surrogate,poisson,-6.0,50,3,0.5695509966681701,0.7949982661826541,0.7164179104477612,48,24,14,72,62,10,0.16129032258064516,0.7915872954165533
IXMtest_K05_s9_w1647AEF60-D7B0-4D83-AFA5-2B05E968468F,surrogate,poisson,-6.0,200,0,0.5830430344239742,0.8185027214028868,0.7123287671232876,52,32,10,84,62,22,0.3548387096774194,0.8589759855006797
IXMtest_K05_s9_w1647AEF60-D7B0-4D83-AFA5-2B05E968468F,surrogate,poisson,-6.0,200,1,0.6006171963444605,0.8119454691323262,0.7397260273972602,54,30,8,84,62,22,0.3548387096774194,0.8517035513951265
IXMtest_K05_s9_w1647AEF60-D7B0-4D83-AFA5-2B05E968468F,surrogate,poisson,-6.0,200,2,0.5978856004654229,0.812221947802084,0.7361111111111112,53,29,9,82,62,20,0.3225806451612903,0.8486738613499177
IXMtest_K05_s9_w1647AEF60-D7B0-4D83-AFA5-2B05E968468F,surrogate,poisson,-6.0,200,3,0.60648753299678,0.8049743619775445,0.7534246575342466,55,29,7,84,62,22,0.3548387096774194,0.8606094153148408
IXMtest_K05_s9_w1647AEF60-D7B0-4D83-AFA5-2B05E968468F,surrogate,poisson,6.0,50,0,0.5967529094881443,0.7956705459841924,0.75,51,23,11,74,62,12,0.1935483870967742,0.8025794966004431
IXMtest_K05_s9_w1647AEF60-D7B0-4D83-AFA5-2B05E968468F,surrogate,poisson,6.0,50,1,0.5927684035991478,0.796169326402777,0.7445255474452555,51,24,11,75,62,13,0.20967741935483872,0.8021915522863426
IXMtest_K05_s9_w1647AEF60-D7B0-4D83-AFA5-2B05E968468F,surrogate,poisson,6.0,50,2,0.584116341711176,0.7867689500599514,0.7424242424242424,49,21,13,70,62,8,0.12903225806451613,0.766844163244454
IXMtest_K05_s9_w1647AEF60-D7B0-4D83-AFA5-2B05E968468F,surrogate,poisson,6.0,50,3,0.5713785391616051,0.8084398479626966,0.706766917293233,47,24,15,71,62,9,0.14516129032258066,0.7864929488117894
IXMtest_K05_s9_w1647AEF60-D7B0-4D83-AFA5-2B05E968468F,surrogate,poisson,6.0,200,0,0.609760865478029,0.8226019222958315,0.7412587412587412,53,28,9,81,62,19,0.3064516129032258,0.866915932061534
IXMtest_K05_s9_w1647AEF60-D7B0-4D83-AFA5-2B05E968468F,surrogate,poisson,6.0,200,1,0.6127706350910591,0.8113537112779765,0.7552447552447552,54,27,8,81,62,19,0.3064516129032258,0.8672526195362014
IXMtest_K05_s9_w1647AEF60-D7B0-4D83-AFA5-2B05E968468F,surrogate,poisson,6.0,200,2,0.5960749162572686,0.8196030098537442,0.7272727272727273,52,29,10,81,62,19,0.3064516129032258,0.8518936635105608
IXMtest_K05_s9_w1647AEF60-D7B0-4D83-AFA5-2B05E968468F,surrogate,poisson,6.0,200,3,0.5713862817181011,0.8076325328130853,0.7074829931972789,52,33,10,85,62,23,0.3709677419354839,0.8515362067093692
IXMtest_K17_s5_w1BB3AD9D7-3A85-458C-AB1C-07A816C2C203,clear,deterministic,-6.0,100,-1,0.6059578564439078,0.827365534759951,0.7323943661971831,52,16,22,68,74,6,0.08108108108108109,0.6898412304639048
IXMtest_K17_s5_w1BB3AD9D7-3A85-458C-AB1C-07A816C2C203,clear,deterministic,-4.0,100,-1,0.6689997562303734,0.8337534275408385,0.8023952095808383,67,26,7,93,74,19,0.25675675675675674,0.8827196701804957
IXMtest_K17_s5_w1BB3AD9D7-3A85-458C-AB1C-07A816C2C203,clear,deterministic,-2.0,100,-1,0.6711390203255431,0.833988929669241,0.8047337278106509,68,27,6,95,74,21,0.28378378378378377,0.8919141846809692
IXMtest_K17_s5_w1BB3AD9D7-3A85-458C-AB1C-07A816C2C203,clear,deterministic,0.0,100,-1,0.6755580867623985,0.8345129307064924,0.8095238095238095,68,26,6,94,74,20,0.2702702702702703,0.8918424662007707
IXMtest_K17_s5_w1BB3AD9D7-3A85-458C-AB1C-07A816C2C203,clear,deterministic,2.0,100,-1,0.6711390203255431,0.833988929669241,0.8047337278106509,68,27,6,95,74,21,0.28378378378378377,0.8919141846809692
IXMtest_K17_s5_w1BB3AD9D7-3A85-458C-AB1C-07A816C2C203,clear,deterministic,4.0,100,-1,0.6689997562303734,0.8337534275408385,0.8023952095808383,67,26,7,93,74,19,0.25675675675675674,0.8827196701804957
IXMtest_K17_s5_w1BB3AD9D7-3A85-458C-AB1C-07A816C2C203,clear,deterministic,6.0,100,-1,0.6059578564439078,0.827365534759951,0.7323943661971831,52,16,22,68,74,6,0.08108108108108109,0.6898412304639048
IXMtest_K17_s5_w1BB3AD9D7-3A85-458C-AB1C-07A816C2C203,clear,poisson,-6.0,50,0,0.6494913779666618,0.7953916150461293,0.8165680473372781,69,26,5,95,74,21,0.28378378378378377,0.8679084602997647
IXMtest_K17_s5_w1BB3AD9D7-3A85-458C-AB1C-07A816C2C203,clear,poisson,-6.0,50,1,0.6403291715597678,0.802800752403291,0.7976190476190477,67,27,7,94,74,20,0.2702702702702703,0.8699385169544156
IXMtest_K17_s5_w1BB3AD9D7-3A85-458C-AB1C-07A816C2C203,clear,poisson,-6.0,50,2,0.634219119304755,0.7975785894287072,0.7951807228915663,66,26,8,92,74,18,0.24324324324324326,0.8544513079954642
IXMtest_K17_s5_w1BB3AD9D7-3A85-458C-AB1C-07A816C2C203,clear,poisson,-6.0,50,3,0.6288282103753765,0.7952827366512114,0.7906976744186046,68,30,6,98,74,24,0.32432432432432434,0.8672927979367188
IXMtest_K17_s5_w1BB3AD9D7-3A85-458C-AB1C-07A816C2C203,clear,poisson,-6.0,200,0,0.6607515603221664,0.8162225156920879,0.8095238095238095,68,26,6,94,74,20,0.2702702702702703,0.8810781739378025
IXMtest_K17_s5_w1BB3AD9D7-3A85-458C-AB1C-07A816C2C203,clear,poisson,-6.0,200,1,0.6599339873900848,0.820065028447973,0.8047337278106509,68,27,6,95,74,21,0.28378378378378377,0.8801179323790955
IXMtest_K17_s5_w1BB3AD9D7-3A85-458C-AB1C-07A816C2C203,clear,poisson,-6.0,200,2,0.6683596786829961,0.8068056121244739,0.8284023668639053,70,25,4,95,74,21,0.28378378378378377,0.8819798966293559
IXMtest_K17_s5_w1BB3AD9D7-3A85-458C-AB1C-07A816C2C203,clear,poisson,-6.0,200,3,0.6667474214304399,0.8187266130800254,0.8143712574850299,68,25,6,93,74,19,0.25675675675675674,0.8819411890895512
IXMtest_K17_s5_w1BB3AD9D7-3A85-458C-AB1C-07A816C2C203,clear,poisson,6.0,50,0,0.6526348131179499,0.7945119464044608,0.8214285714285714,69,25,5,94,74,20,0.2702702702702703,0.8721418066413809
IXMtest_K17_s5_w1BB3AD9D7-3A85-458C-AB1C-07A816C2C203,clear,poisson,6.0,50,1,0.6330165476499339,0.7912706845624173,0.8,68,28,6,96,74,22,0.2972972972972973,0.8657917052412109
IXMtest_K17_s5_w1BB3AD9D7-3A85-458C-AB1C-07A816C2C203,clear,poisson,6.0,50,2,0.6555899461466307,0.7933588478730965,0.8263473053892215,69,24,5,93,74,19,0.25675675675675674,0.867508918417896
IXMtest_K17_s5_w1BB3AD9D7-3A85-458C-AB1C-07A816C2C203,clear,poisson,6.0,50,3,0.6382926354875769,0.8002474832978577,0.7976190476190477,67,27,7,94,74,20,0.2702702702702703,0.8635305220976738
IXMtest_K17_s5_w1BB3AD9D7-3A85-458C-AB1C-07A816C2C203,clear,poisson,6.0,200,0,0.6583197328078615,0.8180590797391809,0.8047337278106509,68,27,6,95,74,21,0.28378378378378377,0.8793369344289522
IXMtest_K17_s5_w1BB3AD9D7-3A85-458C-AB1C-07A816C2C203,clear,poisson,6.0,200,1,0.665278327643774,0.8099040510445945,0.8214285714285714,69,25,5,94,74,20,0.2702702702702703,0.8830238536783375
IXMtest_K17_s5_w1BB3AD9D7-3A85-458C-AB1C-07A816C2C203,clear,poisson,6.0,200,2,0.656239542122468,0.8227480826610047,0.7976190476190477,67,27,7,94,74,20,0.2702702702702703,0.8848108189521915
IXMtest_K17_s5_w1BB3AD9D7-3A85-458C-AB1C-07A816C2C203,clear,poisson,6.0,200,3,0.6602313985385958,0.8204346055369316,0.8047337278106509,68,27,6,95,74,21,0.28378378378378377,0.8815667509091053
IXMtest_K17_s5_w1BB3AD9D7-3A85-458C-AB1C-07A816C2C203,cubic,deterministic,-6.0,100,-1,0.6059578564439078,0.827365534759951,0.7323943661971831,52,16,22,68,74,6,0.08108108108108109,0.6898412304639048
IXMtest_K17_s5_w1BB3AD9D7-3A85-458C-AB1C-07A816C2C203,cubic,deterministic,-4.0,100,-1,0.6689997562303734,0.8337534275408385,0.8023952095808383,67,26,7,93,74,19,0.25675675675675674,0.8827196701804957
IXMtest_K17_s5_w1BB3AD9D7-3A85-458C-AB1C-07A816C2C203,cubic,deterministic,-2.0,100,-1,0.6711390203255431,0.833988929669241,0.8047337278106509,68,27,6,95,74,21,0.28378378378378377,0.8919141846809692
IXMtest_K17_s5_w1BB3AD9D7-3A85-458C-AB1C-07A816C2C203,cubic,deterministic,0.0,100,-1,0.6755580867623985,0.8345129307064924,0.8095238095238095,68,26,6,94,74,20,0.2702702702702703,0.8918424662007707
IXMtest_K17_s5_w1BB3AD9D7-3A85-458C-AB1C-07A816C2C203,cubic,deterministic,2.0,100,-1,0.6711390203255431,0.833988929669241,0.8047337278106509,68,27,6,95,74,21,0.28378378378378377,0.8919141846809692
IXMtest_K17_s5_w1BB3AD9D7-3A85-458C-AB1C-07A816C2C203,cubic,deterministic,4.0,100,-1,0.6689997562303734,0.8337534275408385,0.8023952095808383,67,26,7,93,74,19,0.25675675675675674,0.8827196701804957
IXMtest_K17_s5_w1BB3AD9D7-3A85-458C-AB1C-07A816C2C203,cubic,deterministic,6.0,100,-1,0.6059578564439078,0.827365534759951,0.7323943661971831,52,16,22,68,74,6,0.08108108108108109,0.6898412304639048
IXMtest_K17_s5_w1BB3AD9D7-3A85-458C-AB1C-07A816C2C203,cubic,poisson,-6.0,50,0,0.6494913779666618,0.7953916150461293,0.8165680473372781,69,26,5,95,74,21,0.28378378378378377,0.8679084602997647
IXMtest_K17_s5_w1BB3AD9D7-3A85-458C-AB1C-07A816C2C203,cubic,poisson,-6.0,50,1,0.6403291715597678,0.802800752403291,0.7976190476190477,67,27,7,94,74,20,0.2702702702702703,0.8699385169544156
IXMtest_K17_s5_w1BB3AD9D7-3A85-458C-AB1C-07A816C2C203,cubic,poisson,-6.0,50,2,0.634219119304755,0.7975785894287072,0.7951807228915663,66,26,8,92,74,18,0.24324324324324326,0.8544513079954642
IXMtest_K17_s5_w1BB3AD9D7-3A85-458C-AB1C-07A816C2C203,cubic,poisson,-6.0,50,3,0.6288282103753765,0.7952827366512114,0.7906976744186046,68,30,6,98,74,24,0.32432432432432434,0.8672927979367188
IXMtest_K17_s5_w1BB3AD9D7-3A85-458C-AB1C-07A816C2C203,cubic,poisson,-6.0,200,0,0.6607515603221664,0.8162225156920879,0.8095238095238095,68,26,6,94,74,20,0.2702702702702703,0.8810781739378025
IXMtest_K17_s5_w1BB3AD9D7-3A85-458C-AB1C-07A816C2C203,cubic,poisson,-6.0,200,1,0.6599339873900848,0.820065028447973,0.8047337278106509,68,27,6,95,74,21,0.28378378378378377,0.8801179323790955
IXMtest_K17_s5_w1BB3AD9D7-3A85-458C-AB1C-07A816C2C203,cubic,poisson,-6.0,200,2,0.6683596786829961,0.8068056121244739,0.8284023668639053,70,25,4,95,74,21,0.28378378378378377,0.8819798966293559
IXMtest_K17_s5_w1BB3AD9D7-3A85-458C-AB1C-07A816C2C203,cubic,poisson,-6.0,200,3,0.6667474214304399,0.8187266130800254,0.8143712574850299,68,25,6,93,74,19,0.25675675675675674,0.8819411890895512
IXMtest_K17_s5_w1BB3AD9D7-3A85-458C-AB1C-07A816C2C203,cubic,poisson,6.0,50,0,0.6526348131179499,0.7945119464044608,0.8214285714285714,69,25,5,94,74,20,0.2702702702702703,0.8721418066413809
IXMtest_K17_s5_w1BB3AD9D7-3A85-458C-AB1C-07A816C2C203,cubic,poisson,6.0,50,1,0.6330165476499339,0.7912706845624173,0.8,68,28,6,96,74,22,0.2972972972972973,0.8657917052412109
IXMtest_K17_s5_w1BB3AD9D7-3A85-458C-AB1C-07A816C2C203,cubic,poisson,6.0,50,2,0.6555899461466307,0.7933588478730965,0.8263473053892215,69,24,5,93,74,19,0.25675675675675674,0.867508918417896
IXMtest_K17_s5_w1BB3AD9D7-3A85-458C-AB1C-07A816C2C203,cubic,poisson,6.0,50,3,0.6382926354875769,0.8002474832978577,0.7976190476190477,67,27,7,94,74,20,0.2702702702702703,0.8635305220976738
IXMtest_K17_s5_w1BB3AD9D7-3A85-458C-AB1C-07A816C2C203,cubic,poisson,6.0,200,0,0.6583197328078615,0.8180590797391809,0.8047337278106509,68,27,6,95,74,21,0.28378378378378377,0.8793369344289522
IXMtest_K17_s5_w1BB3AD9D7-3A85-458C-AB1C-07A816C2C203,cubic,poisson,6.0,200,1,0.665278327643774,0.8099040510445945,0.8214285714285714,69,25,5,94,74,20,0.2702702702702703,0.8830238536783375
IXMtest_K17_s5_w1BB3AD9D7-3A85-458C-AB1C-07A816C2C203,cubic,poisson,6.0,200,2,0.656239542122468,0.8227480826610047,0.7976190476190477,67,27,7,94,74,20,0.2702702702702703,0.8848108189521915
IXMtest_K17_s5_w1BB3AD9D7-3A85-458C-AB1C-07A816C2C203,cubic,poisson,6.0,200,3,0.6602313985385958,0.8204346055369316,0.8047337278106509,68,27,6,95,74,21,0.28378378378378377,0.8815667509091053
IXMtest_K17_s5_w1BB3AD9D7-3A85-458C-AB1C-07A816C2C203,image_fidelity,deterministic,-6.0,100,-1,0.6053915395664351,0.8265922944080172,0.7323943661971831,52,16,22,68,74,6,0.08108108108108109,0.6895468402831603
IXMtest_K17_s5_w1BB3AD9D7-3A85-458C-AB1C-07A816C2C203,image_fidelity,deterministic,-4.0,100,-1,0.6697810094032467,0.8347270788831508,0.8023952095808383,67,26,7,93,74,19,0.25675675675675674,0.8841582253598882
IXMtest_K17_s5_w1BB3AD9D7-3A85-458C-AB1C-07A816C2C203,image_fidelity,deterministic,-2.0,100,-1,0.6707977423549776,0.8335648416028766,0.8047337278106509,68,27,6,95,74,21,0.28378378378378377,0.8915865404252886
IXMtest_K17_s5_w1BB3AD9D7-3A85-458C-AB1C-07A816C2C203,image_fidelity,deterministic,0.0,100,-1,0.6756040433626277,0.8345697006244225,0.8095238095238095,68,26,6,94,74,20,0.2702702702702703,0.8918936573257561
IXMtest_K17_s5_w1BB3AD9D7-3A85-458C-AB1C-07A816C2C203,image_fidelity,deterministic,2.0,100,-1,0.6712255034858727,0.8340963977140624,0.8047337278106509,68,27,6,95,74,21,0.28378378378378377,0.8919091102144829
IXMtest_K17_s5_w1BB3AD9D7-3A85-458C-AB1C-07A816C2C203,image_fidelity,deterministic,4.0,100,-1,0.6684455312628776,0.8330627143350788,0.8023952095808383,67,26,7,93,74,19,0.25675675675675674,0.8825309029960193
IXMtest_K17_s5_w1BB3AD9D7-3A85-458C-AB1C-07A816C2C203,image_fidelity,deterministic,6.0,100,-1,0.6052018367031433,0.8263332770369841,0.7323943661971831,52,16,22,68,74,6,0.08108108108108109,0.6893336365703889
IXMtest_K17_s5_w1BB3AD9D7-3A85-458C-AB1C-07A816C2C203,image_fidelity,poisson,-6.0,50,0,0.6435968717173983,0.7997637597076493,0.8047337278106509,68,27,6,95,74,21,0.28378378378378377,0.8630428180989979
IXMtest_K17_s5_w1BB3AD9D7-3A85-458C-AB1C-07A816C2C203,image_fidelity,poisson,-6.0,50,1,0.6493415517872873,0.8021277992666489,0.8095238095238095,68,26,6,94,74,20,0.2702702702702703,0.8669363622218764
IXMtest_K17_s5_w1BB3AD9D7-3A85-458C-AB1C-07A816C2C203,image_fidelity,poisson,-6.0,50,2,0.6471970948632789,0.799478764242874,0.8095238095238095,68,26,6,94,74,20,0.2702702702702703,0.8679944704873849
IXMtest_K17_s5_w1BB3AD9D7-3A85-458C-AB1C-07A816C2C203,image_fidelity,poisson,-6.0,50,3,0.6677035673169319,0.8031796534392079,0.8313253012048193,69,23,5,92,74,18,0.24324324324324326,0.8676920674578389
IXMtest_K17_s5_w1BB3AD9D7-3A85-458C-AB1C-07A816C2C203,image_fidelity,poisson,-6.0,200,0,0.6604738158905298,0.8207358447463201,0.8047337278106509,68,27,6,95,74,21,0.28378378378378377,0.8817370026693784
IXMtest_K17_s5_w1BB3AD9D7-3A85-458C-AB1C-07A816C2C203,image_fidelity,poisson,-6.0,200,1,0.6461608722361851,0.8197563304488916,0.788235294117647,67,29,7,96,74,22,0.2972972972972973,0.8838360205886319
IXMtest_K17_s5_w1BB3AD9D7-3A85-458C-AB1C-07A816C2C203,image_fidelity,poisson,-6.0,200,2,0.6360566926470558,0.8116842868854219,0.783625730994152,67,30,7,97,74,23,0.3108108108108108,0.8791023356305887
IXMtest_K17_s5_w1BB3AD9D7-3A85-458C-AB1C-07A816C2C203,image_fidelity,poisson,-6.0,200,3,0.6587514775650983,0.8258973748577353,0.7976190476190477,67,27,7,94,74,20,0.2702702702702703,0.8826387679840458
IXMtest_K17_s5_w1BB3AD9D7-3A85-458C-AB1C-07A816C2C203,image_fidelity,poisson,6.0,50,0,0.6500559453270444,0.7960830055092065,0.8165680473372781,69,26,5,95,74,21,0.28378378378378377,0.8746183547106487
IXMtest_K17_s5_w1BB3AD9D7-3A85-458C-AB1C-07A816C2C203,image_fidelity,poisson,6.0,50,1,0.6415735630958873,0.7925320485302138,0.8095238095238095,68,26,6,94,74,20,0.2702702702702703,0.8635978185609037
IXMtest_K17_s5_w1BB3AD9D7-3A85-458C-AB1C-07A816C2C203,image_fidelity,poisson,6.0,50,2,0.639577215156294,0.7878849751925361,0.8117647058823529,69,27,5,96,74,22,0.2972972972972973,0.8695482440387888
IXMtest_K17_s5_w1BB3AD9D7-3A85-458C-AB1C-07A816C2C203,image_fidelity,poisson,6.0,50,3,0.6238841252505416,0.8034871310044854,0.7764705882352941,66,30,8,96,74,22,0.2972972972972973,0.8676028785020611
IXMtest_K17_s5_w1BB3AD9D7-3A85-458C-AB1C-07A816C2C203,image_fidelity,poisson,6.0,200,0,0.6591584886101498,0.8191013571699655,0.8047337278106509,68,27,6,95,74,21,0.28378378378378377,0.8811040842590618
IXMtest_K17_s5_w1BB3AD9D7-3A85-458C-AB1C-07A816C2C203,image_fidelity,poisson,6.0,200,1,0.6567584620089462,0.8233986687873355,0.7976190476190477,67,27,7,94,74,20,0.2702702702702703,0.8794886197321267
IXMtest_K17_s5_w1BB3AD9D7-3A85-458C-AB1C-07A816C2C203,image_fidelity,poisson,6.0,200,2,0.6531773952045827,0.8189089730923127,0.7976190476190477,67,27,7,94,74,20,0.2702702702702703,0.8837050396866384
IXMtest_K17_s5_w1BB3AD9D7-3A85-458C-AB1C-07A816C2C203,image_fidelity,poisson,6.0,200,3,0.663474858617381,0.8195865900567647,0.8095238095238095,68,26,6,94,74,20,0.2702702702702703,0.8821182215409413
IXMtest_K17_s5_w1BB3AD9D7-3A85-458C-AB1C-07A816C2C203,exact_task,deterministic,-6.0,100,-1,0.6311836458119966,0.7962624454859034,0.7926829268292683,65,25,9,90,74,16,0.21621621621621623,0.8370031803409742
IXMtest_K17_s5_w1BB3AD9D7-3A85-458C-AB1C-07A816C2C203,exact_task,deterministic,-4.0,100,-1,0.6647826766324131,0.8334588781660104,0.7976190476190477,67,27,7,94,74,20,0.2702702702702703,0.8874799027084965
IXMtest_K17_s5_w1BB3AD9D7-3A85-458C-AB1C-07A816C2C203,exact_task,deterministic,-2.0,100,-1,0.682241986863759,0.8477859983821712,0.8047337278106509,68,27,6,95,74,21,0.28378378378378377,0.8936817568396516
IXMtest_K17_s5_w1BB3AD9D7-3A85-458C-AB1C-07A816C2C203,exact_task,deterministic,0.0,100,-1,0.6885307343925813,0.8556006920025458,0.8047337278106509,68,27,6,95,74,21,0.28378378378378377,0.8973511559038628
IXMtest_K17_s5_w1BB3AD9D7-3A85-458C-AB1C-07A816C2C203,exact_task,deterministic,2.0,100,-1,0.6850600374874135,0.8462506345432754,0.8095238095238095,68,26,6,94,74,20,0.2702702702702703,0.8947545365837659
IXMtest_K17_s5_w1BB3AD9D7-3A85-458C-AB1C-07A816C2C203,exact_task,deterministic,4.0,100,-1,0.6637008925536111,0.8321026115597512,0.7976190476190477,67,27,7,94,74,20,0.2702702702702703,0.8874571082969217
IXMtest_K17_s5_w1BB3AD9D7-3A85-458C-AB1C-07A816C2C203,exact_task,deterministic,6.0,100,-1,0.632558135201899,0.7979964167162418,0.7926829268292683,65,25,9,90,74,16,0.21621621621621623,0.839940500899405
IXMtest_K17_s5_w1BB3AD9D7-3A85-458C-AB1C-07A816C2C203,exact_task,poisson,-6.0,50,0,0.6347124901754467,0.8004956032809739,0.7928994082840237,67,28,7,95,74,21,0.28378378378378377,0.8664301033339832
IXMtest_K17_s5_w1BB3AD9D7-3A85-458C-AB1C-07A816C2C203,exact_task,poisson,-6.0,50,1,0.6529019785962781,0.8017252237174886,0.8143712574850299,68,25,6,93,74,19,0.25675675675675674,0.8705173958841008
IXMtest_K17_s5_w1BB3AD9D7-3A85-458C-AB1C-07A816C2C203,exact_task,poisson,-6.0,50,2,0.6351292539009149,0.7892414993327546,0.8047337278106509,68,27,6,95,74,21,0.28378378378378377,0.8638585934561865
IXMtest_K17_s5_w1BB3AD9D7-3A85-458C-AB1C-07A816C2C203,exact_task,poisson,-6.0,50,3,0.6391688419091899,0.7895615105937052,0.8095238095238095,68,26,6,94,74,20,0.2702702702702703,0.8556052535916929
IXMtest_K17_s5_w1BB3AD9D7-3A85-458C-AB1C-07A816C2C203,exact_task,poisson,-6.0,200,0,0.6570364392566359,0.8116332484934915,0.8095238095238095,68,26,6,94,74,20,0.2702702702702703,0.8768986840019026
IXMtest_K17_s5_w1BB3AD9D7-3A85-458C-AB1C-07A816C2C203,exact_task,poisson,-6.0,200,1,0.6600277937262854,0.8153284510736466,0.8095238095238095,68,26,6,94,74,20,0.2702702702702703,0.8786421992190903
IXMtest_K17_s5_w1BB3AD9D7-3A85-458C-AB1C-07A816C2C203,exact_task,poisson,-6.0,200,2,0.6597432961997494,0.8149770129526316,0.8095238095238095,68,26,6,94,74,20,0.2702702702702703,0.8790316183586375
IXMtest_K17_s5_w1BB3AD9D7-3A85-458C-AB1C-07A816C2C203,exact_task,poisson,-6.0,200,3,0.6587434540337123,0.8137419138063505,0.8095238095238095,68,26,6,94,74,20,0.2702702702702703,0.8780015245839157
IXMtest_K17_s5_w1BB3AD9D7-3A85-458C-AB1C-07A816C2C203,exact_task,poisson,6.0,50,0,0.6463403980414549,0.7984204916982679,0.8095238095238095,68,26,6,94,74,20,0.2702702702702703,0.8709399837286439
IXMtest_K17_s5_w1BB3AD9D7-3A85-458C-AB1C-07A816C2C203,exact_task,poisson,6.0,50,1,0.6476191371035698,0.8000001105397039,0.8095238095238095,68,26,6,94,74,20,0.2702702702702703,0.8699655672062696
IXMtest_K17_s5_w1BB3AD9D7-3A85-458C-AB1C-07A816C2C203,exact_task,poisson,6.0,50,2,0.6409454977355558,0.7987902844913269,0.8023952095808383,67,26,7,93,74,19,0.25675675675675674,0.8628743125671743
IXMtest_K17_s5_w1BB3AD9D7-3A85-458C-AB1C-07A816C2C203,exact_task,poisson,6.0,50,3,0.6550657646990028,0.7974713657205251,0.8214285714285714,69,25,5,94,74,20,0.2702702702702703,0.8710414319689573
IXMtest_K17_s5_w1BB3AD9D7-3A85-458C-AB1C-07A816C2C203,exact_task,poisson,6.0,200,0,0.6560684723587661,0.8104375246784757,0.8095238095238095,68,26,6,94,74,20,0.2702702702702703,0.8772215932930643
IXMtest_K17_s5_w1BB3AD9D7-3A85-458C-AB1C-07A816C2C203,exact_task,poisson,6.0,200,1,0.6491435093953086,0.8066562727044644,0.8047337278106509,68,27,6,95,74,21,0.28378378378378377,0.8769411540537966
IXMtest_K17_s5_w1BB3AD9D7-3A85-458C-AB1C-07A816C2C203,exact_task,poisson,6.0,200,2,0.6532563749189719,0.819007992435726,0.7976190476190477,67,27,7,94,74,20,0.2702702702702703,0.8778245397119782
IXMtest_K17_s5_w1BB3AD9D7-3A85-458C-AB1C-07A816C2C203,exact_task,poisson,6.0,200,3,0.6511522930578878,0.8163700390576504,0.7976190476190477,67,27,7,94,74,20,0.2702702702702703,0.877343026156368
IXMtest_K17_s5_w1BB3AD9D7-3A85-458C-AB1C-07A816C2C203,surrogate,deterministic,-6.0,100,-1,0.5929165204368393,0.8209613359894697,0.7222222222222222,52,18,22,70,74,4,0.05405405405405406,0.6890553619426247
IXMtest_K17_s5_w1BB3AD9D7-3A85-458C-AB1C-07A816C2C203,surrogate,deterministic,-4.0,100,-1,0.6683148247974783,0.8328998189640215,0.8023952095808383,67,26,7,93,74,19,0.25675675675675674,0.8836983943996124
IXMtest_K17_s5_w1BB3AD9D7-3A85-458C-AB1C-07A816C2C203,surrogate,deterministic,-2.0,100,-1,0.6723970916263804,0.8355522682710168,0.8047337278106509,68,27,6,95,74,21,0.28378378378378377,0.89236349377512
IXMtest_K17_s5_w1BB3AD9D7-3A85-458C-AB1C-07A816C2C203,surrogate,deterministic,0.0,100,-1,0.678432886641571,0.8380641540866465,0.8095238095238095,68,26,6,94,74,20,0.2702702702702703,0.8933995231718868
IXMtest_K17_s5_w1BB3AD9D7-3A85-458C-AB1C-07A816C2C203,surrogate,deterministic,2.0,100,-1,0.6727718582260024,0.8360179708837824,0.8047337278106509,68,27,6,95,74,21,0.28378378378378377,0.8925680587432921
IXMtest_K17_s5_w1BB3AD9D7-3A85-458C-AB1C-07A816C2C203,surrogate,deterministic,4.0,100,-1,0.6685717908737628,0.8332200677307343,0.8023952095808383,67,26,7,93,74,19,0.25675675675675674,0.883944758674275
IXMtest_K17_s5_w1BB3AD9D7-3A85-458C-AB1C-07A816C2C203,surrogate,deterministic,6.0,100,-1,0.5929094321931918,0.8209515214982657,0.7222222222222222,52,18,22,70,74,4,0.05405405405405406,0.6901888530631045
IXMtest_K17_s5_w1BB3AD9D7-3A85-458C-AB1C-07A816C2C203,surrogate,poisson,-6.0,50,0,0.6446823010196672,0.7895022382052446,0.8165680473372781,69,26,5,95,74,21,0.28378378378378377,0.8688000870572323
IXMtest_K17_s5_w1BB3AD9D7-3A85-458C-AB1C-07A816C2C203,surrogate,poisson,-6.0,50,1,0.6547067779647543,0.7922900863776374,0.8263473053892215,69,24,5,93,74,19,0.25675675675675674,0.8647305748308062
IXMtest_K17_s5_w1BB3AD9D7-3A85-458C-AB1C-07A816C2C203,surrogate,poisson,-6.0,50,2,0.6496422410277983,0.7955763676354921,0.8165680473372781,69,26,5,95,74,21,0.28378378378378377,0.867891649681826
IXMtest_K17_s5_w1BB3AD9D7-3A85-458C-AB1C-07A816C2C203,surrogate,poisson,-6.0,50,3,0.6715143022694968,0.8010206319928999,0.8383233532934131,70,23,4,93,74,19,0.25675675675675674,0.873281726483697
IXMtest_K17_s5_w1BB3AD9D7-3A85-458C-AB1C-07A816C2C203,surrogate,poisson,-6.0,200,0,0.6525611450248557,0.823006220217915,0.7928994082840237,67,28,7,95,74,21,0.28378378378378377,0.879963906060774
IXMtest_K17_s5_w1BB3AD9D7-3A85-458C-AB1C-07A816C2C203,surrogate,poisson,-6.0,200,1,0.6613737615732185,0.8169911172375052,0.8095238095238095,68,26,6,94,74,20,0.2702702702702703,0.8813368172756947
IXMtest_K17_s5_w1BB3AD9D7-3A85-458C-AB1C-07A816C2C203,surrogate,poisson,-6.0,200,2,0.6551175416402162,0.8213413954892262,0.7976190476190477,67,27,7,94,74,20,0.2702702702702703,0.8810687881837416
IXMtest_K17_s5_w1BB3AD9D7-3A85-458C-AB1C-07A816C2C203,surrogate,poisson,-6.0,200,3,0.6583747696021026,0.813286480096715,0.8095238095238095,68,26,6,94,74,20,0.2702702702702703,0.8809518132614864
IXMtest_K17_s5_w1BB3AD9D7-3A85-458C-AB1C-07A816C2C203,surrogate,poisson,6.0,50,0,0.6338897642499413,0.8067687908635616,0.7857142857142857,66,28,8,94,74,20,0.2702702702702703,0.8681370175411193
IXMtest_K17_s5_w1BB3AD9D7-3A85-458C-AB1C-07A816C2C203,surrogate,poisson,6.0,50,1,0.6490314076370224,0.7815800753938791,0.8304093567251462,71,26,3,97,74,23,0.3108108108108108,0.8721090877869447
IXMtest_K17_s5_w1BB3AD9D7-3A85-458C-AB1C-07A816C2C203,surrogate,poisson,6.0,50,2,0.6437579143254388,0.8070994746766696,0.7976190476190477,67,27,7,94,74,20,0.2702702702702703,0.8689230289323872
IXMtest_K17_s5_w1BB3AD9D7-3A85-458C-AB1C-07A816C2C203,surrogate,poisson,6.0,50,3,0.6252723126904671,0.8080442194769114,0.7738095238095238,65,29,9,94,74,20,0.2702702702702703,0.8595517105780575
IXMtest_K17_s5_w1BB3AD9D7-3A85-458C-AB1C-07A816C2C203,surrogate,poisson,6.0,200,0,0.6628742867059754,0.8188447071073813,0.8095238095238095,68,26,6,94,74,20,0.2702702702702703,0.8829050598735826
IXMtest_K17_s5_w1BB3AD9D7-3A85-458C-AB1C-07A816C2C203,surrogate,poisson,6.0,200,1,0.6524685960929006,0.8228894980574643,0.7928994082840237,67,28,7,95,74,21,0.28378378378378377,0.8797720167987622
IXMtest_K17_s5_w1BB3AD9D7-3A85-458C-AB1C-07A816C2C203,surrogate,poisson,6.0,200,2,0.6538117024453153,0.8245834157705841,0.7928994082840237,67,28,7,95,74,21,0.28378378378378377,0.8787262497329208
IXMtest_K17_s5_w1BB3AD9D7-3A85-458C-AB1C-07A816C2C203,surrogate,poisson,6.0,200,3,0.6578025787384765,0.817416439755901,0.8047337278106509,68,27,6,95,74,21,0.28378378378378377,0.8829742424122009
IXMtest_L06_s5_w1610AE208-D6E8-4DC4-AC19-D26284AA8556,clear,deterministic,-6.0,100,-1,0.5356689309682134,0.8132428315608332,0.6586826347305389,55,29,28,84,83,1,0.012048192771084338,0.7204897226065999
IXMtest_L06_s5_w1610AE208-D6E8-4DC4-AC19-D26284AA8556,clear,deterministic,-4.0,100,-1,0.5081152024119937,0.8168929023392822,0.6220095693779905,65,61,18,126,83,43,0.5180722891566265,0.8524525256216974
IXMtest_L06_s5_w1610AE208-D6E8-4DC4-AC19-D26284AA8556,clear,deterministic,-2.0,100,-1,0.49860871053417194,0.8196825014084492,0.6082949308755761,66,68,17,134,83,51,0.6144578313253012,0.8680149525543948
IXMtest_L06_s5_w1610AE208-D6E8-4DC4-AC19-D26284AA8556,clear,deterministic,0.0,100,-1,0.5324885875002043,0.806339861071738,0.660377358490566,70,59,13,129,83,46,0.5542168674698795,0.8723394847001945
IXMtest_L06_s5_w1610AE208-D6E8-4DC4-AC19-D26284AA8556,clear,deterministic,2.0,100,-1,0.49860871053417194,0.8196825014084492,0.6082949308755761,66,68,17,134,83,51,0.6144578313253012,0.8680149525543948
IXMtest_L06_s5_w1610AE208-D6E8-4DC4-AC19-D26284AA8556,clear,deterministic,4.0,100,-1,0.5081152024119937,0.8168929023392822,0.6220095693779905,65,61,18,126,83,43,0.5180722891566265,0.8524525256216974
IXMtest_L06_s5_w1610AE208-D6E8-4DC4-AC19-D26284AA8556,clear,deterministic,6.0,100,-1,0.5356689309682134,0.8132428315608332,0.6586826347305389,55,29,28,84,83,1,0.012048192771084338,0.7204897226065999
IXMtest_L06_s5_w1610AE208-D6E8-4DC4-AC19-D26284AA8556,clear,poisson,-6.0,50,0,0.5292517168959756,0.7823721032375293,0.6764705882352942,69,52,14,121,83,38,0.4578313253012048,0.8429643354714605
IXMtest_L06_s5_w1610AE208-D6E8-4DC4-AC19-D26284AA8556,clear,poisson,-6.0,50,1,0.539533555098257,0.7775630647004291,0.6938775510204082,68,45,15,113,83,30,0.3614457831325301,0.8495785264248108
IXMtest_L06_s5_w1610AE208-D6E8-4DC4-AC19-D26284AA8556,clear,poisson,-6.0,50,2,0.5112022352047136,0.7903973021242111,0.6467661691542289,65,53,18,118,83,35,0.42168674698795183,0.8407050501868584
IXMtest_L06_s5_w1610AE208-D6E8-4DC4-AC19-D26284AA8556,clear,poisson,-6.0,50,3,0.5295629654334079,0.7903924857215042,0.67,67,50,16,117,83,34,0.40963855421686746,0.8339860280300097
IXMtest_L06_s5_w1610AE208-D6E8-4DC4-AC19-D26284AA8556,clear,poisson,-6.0,200,0,0.5472205222448906,0.8010039528512166,0.6831683168316832,69,50,14,119,83,36,0.43373493975903615,0.8633177234464332
IXMtest_L06_s5_w1610AE208-D6E8-4DC4-AC19-D26284AA8556,clear,poisson,-6.0,200,1,0.5433140736052221,0.7992228763902904,0.6798029556650246,69,51,14,120,83,37,0.4457831325301205,0.8579823279059217
IXMtest_L06_s5_w1610AE208-D6E8-4DC4-AC19-D26284AA8556,clear,poisson,-6.0,200,2,0.5475220108587822,0.8014452622715507,0.6831683168316832,69,50,14,119,83,36,0.43373493975903615,0.8554848209259018
IXMtest_L06_s5_w1610AE208-D6E8-4DC4-AC19-D26284AA8556,clear,poisson,-6.0,200,3,0.5305746949498128,0.7920172982584163,0.6699029126213593,69,54,14,123,83,40,0.4819277108433735,0.8604322127020835
IXMtest_L06_s5_w1610AE208-D6E8-4DC4-AC19-D26284AA8556,clear,poisson,6.0,50,0,0.5305763727780292,0.7841606685910577,0.6766169154228856,68,50,15,118,83,35,0.42168674698795183,0.8533009591559996
IXMtest_L06_s5_w1610AE208-D6E8-4DC4-AC19-D26284AA8556,clear,poisson,6.0,50,1,0.5186544633637232,0.7897692964856695,0.6567164179104478,66,52,17,118,83,35,0.42168674698795183,0.8423612144928153
IXMtest_L06_s5_w1610AE208-D6E8-4DC4-AC19-D26284AA8556,clear,poisson,6.0,50,2,0.5174646148223779,0.7839202746936024,0.6600985221674877,67,53,16,120,83,37,0.4457831325301205,0.840231928220755
IXMtest_L06_s5_w1610AE208-D6E8-4DC4-AC19-D26284AA8556,clear,poisson,6.0,50,3,0.5217329823726591,0.7905045187464531,0.66,66,51,17,117,83,34,0.40963855421686746,0.8415644347626691
IXMtest_L06_s5_w1610AE208-D6E8-4DC4-AC19-D26284AA8556,clear,poisson,6.0,200,0,0.5363848460916334,0.8006332629161881,0.6699507389162561,68,52,15,120,83,37,0.4457831325301205,0.8583258065681564
IXMtest_L06_s5_w1610AE208-D6E8-4DC4-AC19-D26284AA8556,clear,poisson,6.0,200,1,0.5439083052185986,0.8000969997056195,0.6798029556650246,69,51,14,120,83,37,0.4457831325301205,0.8618409216841894
IXMtest_L06_s5_w1610AE208-D6E8-4DC4-AC19-D26284AA8556,clear,poisson,6.0,200,2,0.5336819040464555,0.8005228560696833,0.6666666666666666,68,53,15,121,83,38,0.4578313253012048,0.8627968909000369
IXMtest_L06_s5_w1610AE208-D6E8-4DC4-AC19-D26284AA8556,clear,poisson,6.0,200,3,0.5380801232714629,0.8031637134125513,0.6699507389162561,68,52,15,120,83,37,0.4457831325301205,0.8599235165212907
IXMtest_L06_s5_w1610AE208-D6E8-4DC4-AC19-D26284AA8556,cubic,deterministic,-6.0,100,-1,0.5356689309682134,0.8132428315608332,0.6586826347305389,55,29,28,84,83,1,0.012048192771084338,0.7204897226065999
IXMtest_L06_s5_w1610AE208-D6E8-4DC4-AC19-D26284AA8556,cubic,deterministic,-4.0,100,-1,0.5081152024119937,0.8168929023392822,0.6220095693779905,65,61,18,126,83,43,0.5180722891566265,0.8524525256216974
IXMtest_L06_s5_w1610AE208-D6E8-4DC4-AC19-D26284AA8556,cubic,deterministic,-2.0,100,-1,0.49860871053417194,0.8196825014084492,0.6082949308755761,66,68,17,134,83,51,0.6144578313253012,0.8680149525543948
IXMtest_L06_s5_w1610AE208-D6E8-4DC4-AC19-D26284AA8556,cubic,deterministic,0.0,100,-1,0.5324885875002043,0.806339861071738,0.660377358490566,70,59,13,129,83,46,0.5542168674698795,0.8723394847001945
IXMtest_L06_s5_w1610AE208-D6E8-4DC4-AC19-D26284AA8556,cubic,deterministic,2.0,100,-1,0.49860871053417194,0.8196825014084492,0.6082949308755761,66,68,17,134,83,51,0.6144578313253012,0.8680149525543948
IXMtest_L06_s5_w1610AE208-D6E8-4DC4-AC19-D26284AA8556,cubic,deterministic,4.0,100,-1,0.5081152024119937,0.8168929023392822,0.6220095693779905,65,61,18,126,83,43,0.5180722891566265,0.8524525256216974
IXMtest_L06_s5_w1610AE208-D6E8-4DC4-AC19-D26284AA8556,cubic,deterministic,6.0,100,-1,0.5356689309682134,0.8132428315608332,0.6586826347305389,55,29,28,84,83,1,0.012048192771084338,0.7204897226065999
IXMtest_L06_s5_w1610AE208-D6E8-4DC4-AC19-D26284AA8556,cubic,poisson,-6.0,50,0,0.5292517168959756,0.7823721032375293,0.6764705882352942,69,52,14,121,83,38,0.4578313253012048,0.8429643354714605
IXMtest_L06_s5_w1610AE208-D6E8-4DC4-AC19-D26284AA8556,cubic,poisson,-6.0,50,1,0.539533555098257,0.7775630647004291,0.6938775510204082,68,45,15,113,83,30,0.3614457831325301,0.8495785264248108
IXMtest_L06_s5_w1610AE208-D6E8-4DC4-AC19-D26284AA8556,cubic,poisson,-6.0,50,2,0.5112022352047136,0.7903973021242111,0.6467661691542289,65,53,18,118,83,35,0.42168674698795183,0.8407050501868584
IXMtest_L06_s5_w1610AE208-D6E8-4DC4-AC19-D26284AA8556,cubic,poisson,-6.0,50,3,0.5295629654334079,0.7903924857215042,0.67,67,50,16,117,83,34,0.40963855421686746,0.8339860280300097
IXMtest_L06_s5_w1610AE208-D6E8-4DC4-AC19-D26284AA8556,cubic,poisson,-6.0,200,0,0.5472205222448906,0.8010039528512166,0.6831683168316832,69,50,14,119,83,36,0.43373493975903615,0.8633177234464332
IXMtest_L06_s5_w1610AE208-D6E8-4DC4-AC19-D26284AA8556,cubic,poisson,-6.0,200,1,0.5433140736052221,0.7992228763902904,0.6798029556650246,69,51,14,120,83,37,0.4457831325301205,0.8579823279059217
IXMtest_L06_s5_w1610AE208-D6E8-4DC4-AC19-D26284AA8556,cubic,poisson,-6.0,200,2,0.5475220108587822,0.8014452622715507,0.6831683168316832,69,50,14,119,83,36,0.43373493975903615,0.8554848209259018
IXMtest_L06_s5_w1610AE208-D6E8-4DC4-AC19-D26284AA8556,cubic,poisson,-6.0,200,3,0.5305746949498128,0.7920172982584163,0.6699029126213593,69,54,14,123,83,40,0.4819277108433735,0.8604322127020835
IXMtest_L06_s5_w1610AE208-D6E8-4DC4-AC19-D26284AA8556,cubic,poisson,6.0,50,0,0.5305763727780292,0.7841606685910577,0.6766169154228856,68,50,15,118,83,35,0.42168674698795183,0.8533009591559996
IXMtest_L06_s5_w1610AE208-D6E8-4DC4-AC19-D26284AA8556,cubic,poisson,6.0,50,1,0.5186544633637232,0.7897692964856695,0.6567164179104478,66,52,17,118,83,35,0.42168674698795183,0.8423612144928153
IXMtest_L06_s5_w1610AE208-D6E8-4DC4-AC19-D26284AA8556,cubic,poisson,6.0,50,2,0.5174646148223779,0.7839202746936024,0.6600985221674877,67,53,16,120,83,37,0.4457831325301205,0.840231928220755
IXMtest_L06_s5_w1610AE208-D6E8-4DC4-AC19-D26284AA8556,cubic,poisson,6.0,50,3,0.5217329823726591,0.7905045187464531,0.66,66,51,17,117,83,34,0.40963855421686746,0.8415644347626691
IXMtest_L06_s5_w1610AE208-D6E8-4DC4-AC19-D26284AA8556,cubic,poisson,6.0,200,0,0.5363848460916334,0.8006332629161881,0.6699507389162561,68,52,15,120,83,37,0.4457831325301205,0.8583258065681564
IXMtest_L06_s5_w1610AE208-D6E8-4DC4-AC19-D26284AA8556,cubic,poisson,6.0,200,1,0.5439083052185986,0.8000969997056195,0.6798029556650246,69,51,14,120,83,37,0.4457831325301205,0.8618409216841894
IXMtest_L06_s5_w1610AE208-D6E8-4DC4-AC19-D26284AA8556,cubic,poisson,6.0,200,2,0.5336819040464555,0.8005228560696833,0.6666666666666666,68,53,15,121,83,38,0.4578313253012048,0.8627968909000369
IXMtest_L06_s5_w1610AE208-D6E8-4DC4-AC19-D26284AA8556,cubic,poisson,6.0,200,3,0.5380801232714629,0.8031637134125513,0.6699507389162561,68,52,15,120,83,37,0.4457831325301205,0.8599235165212907
IXMtest_L06_s5_w1610AE208-D6E8-4DC4-AC19-D26284AA8556,image_fidelity,deterministic,-6.0,100,-1,0.5355620077875186,0.8130805027319601,0.6586826347305389,55,29,28,84,83,1,0.012048192771084338,0.7204406521798902
IXMtest_L06_s5_w1610AE208-D6E8-4DC4-AC19-D26284AA8556,image_fidelity,deterministic,-4.0,100,-1,0.5077663069106135,0.8163319857255248,0.6220095693779905,65,61,18,126,83,43,0.5180722891566265,0.8520822704324452
IXMtest_L06_s5_w1610AE208-D6E8-4DC4-AC19-D26284AA8556,image_fidelity,deterministic,-2.0,100,-1,0.4986682408924175,0.8197803657095045,0.6082949308755761,66,68,17,134,83,51,0.6144578313253012,0.8679278668219821
IXMtest_L06_s5_w1610AE208-D6E8-4DC4-AC19-D26284AA8556,image_fidelity,deterministic,0.0,100,-1,0.5325781708028734,0.8064755157872083,0.660377358490566,70,59,13,129,83,46,0.5542168674698795,0.8724343525908893
IXMtest_L06_s5_w1610AE208-D6E8-4DC4-AC19-D26284AA8556,image_fidelity,deterministic,2.0,100,-1,0.5033010959241032,0.8197707244218347,0.6139534883720931,66,66,17,132,83,49,0.5903614457831325,0.86892870082146
IXMtest_L06_s5_w1610AE208-D6E8-4DC4-AC19-D26284AA8556,image_fidelity,deterministic,4.0,100,-1,0.5077960867002517,0.8163798624642508,0.6220095693779905,65,61,18,126,83,43,0.5180722891566265,0.8521994849837724
IXMtest_L06_s5_w1610AE208-D6E8-4DC4-AC19-D26284AA8556,image_fidelity,deterministic,6.0,100,-1,0.5355483602169057,0.8130597832383931,0.6586826347305389,55,29,28,84,83,1,0.012048192771084338,0.7204341488903352
IXMtest_L06_s5_w1610AE208-D6E8-4DC4-AC19-D26284AA8556,image_fidelity,poisson,-6.0,50,0,0.5189449531533438,0.7746016580156527,0.6699507389162561,68,52,15,120,83,37,0.4457831325301205,0.8424849982350865
IXMtest_L06_s5_w1610AE208-D6E8-4DC4-AC19-D26284AA8556,image_fidelity,poisson,-6.0,50,1,0.5200416659090841,0.7917052227272624,0.6568627450980392,67,54,16,121,83,38,0.4578313253012048,0.854476088578548
IXMtest_L06_s5_w1610AE208-D6E8-4DC4-AC19-D26284AA8556,image_fidelity,poisson,-6.0,50,2,0.528406569783109,0.7887808215602932,0.6699029126213593,69,54,14,123,83,40,0.4819277108433735,0.848920964718154
IXMtest_L06_s5_w1610AE208-D6E8-4DC4-AC19-D26284AA8556,image_fidelity,poisson,-6.0,50,3,0.5303998232889269,0.7837251120239367,0.6767676767676768,67,48,16,115,83,32,0.3855421686746988,0.8501488914292166
IXMtest_L06_s5_w1610AE208-D6E8-4DC4-AC19-D26284AA8556,image_fidelity,poisson,-6.0,200,0,0.5353220735905078,0.8029831103857616,0.6666666666666666,68,53,15,121,83,38,0.4578313253012048,0.8640620416806771
IXMtest_L06_s5_w1610AE208-D6E8-4DC4-AC19-D26284AA8556,image_fidelity,poisson,-6.0,200,1,0.5388039514351586,0.8082059271527379,0.6666666666666666,67,51,16,118,83,35,0.42168674698795183,0.8572723414356931
IXMtest_L06_s5_w1610AE208-D6E8-4DC4-AC19-D26284AA8556,image_fidelity,poisson,-6.0,200,2,0.5452867878965947,0.809791573070316,0.6733668341708543,67,49,16,116,83,33,0.39759036144578314,0.8577402225341108
IXMtest_L06_s5_w1610AE208-D6E8-4DC4-AC19-D26284AA8556,image_fidelity,poisson,-6.0,200,3,0.5383976290521821,0.8036376374823013,0.6699507389162561,68,52,15,120,83,37,0.4457831325301205,0.8652126000028624
IXMtest_L06_s5_w1610AE208-D6E8-4DC4-AC19-D26284AA8556,image_fidelity,poisson,6.0,50,0,0.5046557796620457,0.7919213773158256,0.6372549019607843,65,56,18,121,83,38,0.4578313253012048,0.8381185180998671
IXMtest_L06_s5_w1610AE208-D6E8-4DC4-AC19-D26284AA8556,image_fidelity,poisson,6.0,50,1,0.528329311937215,0.7885512118465895,0.67,67,50,16,117,83,34,0.40963855421686746,0.8450129037747086
IXMtest_L06_s5_w1610AE208-D6E8-4DC4-AC19-D26284AA8556,image_fidelity,poisson,6.0,50,2,0.5091120931238974,0.7826648595785288,0.6504854368932039,67,56,16,123,83,40,0.4819277108433735,0.8463258944737534
IXMtest_L06_s5_w1610AE208-D6E8-4DC4-AC19-D26284AA8556,image_fidelity,poisson,6.0,50,3,0.5327367950066396,0.7834364632450583,0.68,68,49,15,117,83,34,0.40963855421686746,0.855037272489151
IXMtest_L06_s5_w1610AE208-D6E8-4DC4-AC19-D26284AA8556,image_fidelity,poisson,6.0,200,0,0.5438660036955459,0.7960937155543498,0.6831683168316832,69,50,14,119,83,36,0.43373493975903615,0.8646709531834258
IXMtest_L06_s5_w1610AE208-D6E8-4DC4-AC19-D26284AA8556,image_fidelity,poisson,6.0,200,1,0.5420985544519656,0.8051757941124784,0.6732673267326733,68,51,15,119,83,36,0.43373493975903615,0.8609135588320324
IXMtest_L06_s5_w1610AE208-D6E8-4DC4-AC19-D26284AA8556,image_fidelity,poisson,6.0,200,2,0.5202033627064897,0.8078915860214424,0.6439024390243903,66,56,17,122,83,39,0.46987951807228917,0.8555687587771417
IXMtest_L06_s5_w1610AE208-D6E8-4DC4-AC19-D26284AA8556,image_fidelity,poisson,6.0,200,3,0.5314423891368238,0.8090615476411348,0.6568627450980392,67,54,16,121,83,38,0.4578313253012048,0.857489352486826
IXMtest_L06_s5_w1610AE208-D6E8-4DC4-AC19-D26284AA8556,exact_task,deterministic,-6.0,100,-1,0.5169218836791619,0.79179304404824,0.6528497409326425,63,47,20,110,83,27,0.3253012048192771,0.8105059441526127
IXMtest_L06_s5_w1610AE208-D6E8-4DC4-AC19-D26284AA8556,exact_task,deterministic,-4.0,100,-1,0.5273997581299191,0.8107787326474877,0.6504854368932039,67,56,16,123,83,40,0.4819277108433735,0.8539765221001774
IXMtest_L06_s5_w1610AE208-D6E8-4DC4-AC19-D26284AA8556,exact_task,deterministic,-2.0,100,-1,0.5254507089340646,0.8229485367864394,0.6384976525821596,68,62,15,130,83,47,0.5662650602409639,0.869047884642557
IXMtest_L06_s5_w1610AE208-D6E8-4DC4-AC19-D26284AA8556,exact_task,deterministic,0.0,100,-1,0.5302880812420264,0.8305247154746443,0.6384976525821596,68,62,15,130,83,47,0.5662650602409639,0.8719893516556242
IXMtest_L06_s5_w1610AE208-D6E8-4DC4-AC19-D26284AA8556,exact_task,deterministic,2.0,100,-1,0.5269317241520121,0.8213935700016658,0.6415094339622641,68,61,15,129,83,46,0.5542168674698795,0.8681933085501858
IXMtest_L06_s5_w1610AE208-D6E8-4DC4-AC19-D26284AA8556,exact_task,deterministic,4.0,100,-1,0.527733922867009,0.8073541357293795,0.6536585365853659,67,55,16,122,83,39,0.46987951807228917,0.8525082879603688
IXMtest_L06_s5_w1610AE208-D6E8-4DC4-AC19-D26284AA8556,exact_task,deterministic,6.0,100,-1,0.508656240357698,0.7872060862678658,0.6461538461538462,63,49,20,112,83,29,0.3493975903614458,0.8215358449643851
IXMtest_L06_s5_w1610AE208-D6E8-4DC4-AC19-D26284AA8556,exact_task,poisson,-6.0,50,0,0.5267660912437808,0.7785292966176466,0.6766169154228856,68,50,15,118,83,35,0.42168674698795183,0.8448072051787222
IXMtest_L06_s5_w1610AE208-D6E8-4DC4-AC19-D26284AA8556,exact_task,poisson,-6.0,50,1,0.5236114045846144,0.7854171068769217,0.6666666666666666,67,51,16,118,83,35,0.42168674698795183,0.8429146152362033
IXMtest_L06_s5_w1610AE208-D6E8-4DC4-AC19-D26284AA8556,exact_task,poisson,-6.0,50,2,0.5309955320774863,0.7924706046914001,0.6700507614213198,66,48,17,114,83,31,0.37349397590361444,0.8459568761991711
IXMtest_L06_s5_w1610AE208-D6E8-4DC4-AC19-D26284AA8556,exact_task,poisson,-6.0,50,3,0.5285730364178869,0.7889729881825812,0.6699507389162561,68,52,15,120,83,37,0.4457831325301205,0.8462267039830225
IXMtest_L06_s5_w1610AE208-D6E8-4DC4-AC19-D26284AA8556,exact_task,poisson,-6.0,200,0,0.5372381858385731,0.8058572787578595,0.6666666666666666,67,51,16,118,83,35,0.42168674698795183,0.8635478833771846
IXMtest_L06_s5_w1610AE208-D6E8-4DC4-AC19-D26284AA8556,exact_task,poisson,-6.0,200,1,0.5249006716396735,0.795070134983623,0.6601941747572816,68,55,15,123,83,40,0.4819277108433735,0.8588028721931165
IXMtest_L06_s5_w1610AE208-D6E8-4DC4-AC19-D26284AA8556,exact_task,poisson,-6.0,200,2,0.5158699415295773,0.8011616516179042,0.6439024390243903,66,56,17,122,83,39,0.46987951807228917,0.8631171345595353
IXMtest_L06_s5_w1610AE208-D6E8-4DC4-AC19-D26284AA8556,exact_task,poisson,-6.0,200,3,0.5243257113796449,0.8063493894702115,0.6502463054187192,66,54,17,120,83,37,0.4457831325301205,0.8635982664135535
IXMtest_L06_s5_w1610AE208-D6E8-4DC4-AC19-D26284AA8556,exact_task,poisson,6.0,50,0,0.5293867383912737,0.7901294602854833,0.67,67,50,16,117,83,34,0.40963855421686746,0.8454362954082755
IXMtest_L06_s5_w1610AE208-D6E8-4DC4-AC19-D26284AA8556,exact_task,poisson,6.0,50,1,0.5109461959539141,0.785773316504883,0.6502463054187192,66,54,17,120,83,37,0.4457831325301205,0.8436243641655979
IXMtest_L06_s5_w1610AE208-D6E8-4DC4-AC19-D26284AA8556,exact_task,poisson,6.0,50,2,0.5097334411004122,0.7798160852655559,0.6536585365853659,67,55,16,122,83,39,0.46987951807228917,0.8470960658215574
IXMtest_L06_s5_w1610AE208-D6E8-4DC4-AC19-D26284AA8556,exact_task,poisson,6.0,50,3,0.5392575426702528,0.7811304110738221,0.6903553299492385,68,46,15,114,83,31,0.37349397590361444,0.8410840885381553
IXMtest_L06_s5_w1610AE208-D6E8-4DC4-AC19-D26284AA8556,exact_task,poisson,6.0,200,0,0.5256235643275547,0.804125602142901,0.6536585365853659,67,55,16,122,83,39,0.46987951807228917,0.8620417114660249
IXMtest_L06_s5_w1610AE208-D6E8-4DC4-AC19-D26284AA8556,exact_task,poisson,6.0,200,1,0.5188443661494443,0.8018503840491412,0.6470588235294118,66,55,17,121,83,38,0.4578313253012048,0.8659410709563999
IXMtest_L06_s5_w1610AE208-D6E8-4DC4-AC19-D26284AA8556,exact_task,poisson,6.0,200,2,0.5338154283603636,0.7967980290967192,0.6699507389162561,68,52,15,120,83,37,0.4457831325301205,0.8630988402309571
IXMtest_L06_s5_w1610AE208-D6E8-4DC4-AC19-D26284AA8556,exact_task,poisson,6.0,200,3,0.5316315989196786,0.7974473983795178,0.6666666666666666,68,53,15,121,83,38,0.4578313253012048,0.8624801271860095
IXMtest_L06_s5_w1610AE208-D6E8-4DC4-AC19-D26284AA8556,surrogate,deterministic,-6.0,100,-1,0.5278505700981965,0.8061717797863364,0.6547619047619048,55,30,28,85,83,2,0.024096385542168676,0.7225832286717996
IXMtest_L06_s5_w1610AE208-D6E8-4DC4-AC19-D26284AA8556,surrogate,deterministic,-4.0,100,-1,0.5065329481725478,0.8143491243697115,0.6220095693779905,65,61,18,126,83,43,0.5180722891566265,0.8512907913658118
IXMtest_L06_s5_w1610AE208-D6E8-4DC4-AC19-D26284AA8556,surrogate,deterministic,-2.0,100,-1,0.4996478722564172,0.8213908203003222,0.6082949308755761,66,68,17,134,83,51,0.6144578313253012,0.8697362894847366
IXMtest_L06_s5_w1610AE208-D6E8-4DC4-AC19-D26284AA8556,surrogate,deterministic,0.0,100,-1,0.534917640263807,0.8100181409709076,0.660377358490566,70,59,13,129,83,46,0.5542168674698795,0.8743127514997863
IXMtest_L06_s5_w1610AE208-D6E8-4DC4-AC19-D26284AA8556,surrogate,deterministic,2.0,100,-1,0.4999082152258125,0.8218188083636464,0.6082949308755761,66,68,17,134,83,51,0.6144578313253012,0.87004192671299
IXMtest_L06_s5_w1610AE208-D6E8-4DC4-AC19-D26284AA8556,surrogate,deterministic,4.0,100,-1,0.5066799554116522,0.8145854667771947,0.6220095693779905,65,61,18,126,83,43,0.5180722891566265,0.8513601972933064
IXMtest_L06_s5_w1610AE208-D6E8-4DC4-AC19-D26284AA8556,surrogate,deterministic,6.0,100,-1,0.5217362835120832,0.8115897743521294,0.6428571428571429,54,31,29,85,83,2,0.024096385542168676,0.7229097797084028
IXMtest_L06_s5_w1610AE208-D6E8-4DC4-AC19-D26284AA8556,surrogate,poisson,-6.0,50,0,0.5382897152293973,0.7836864971722107,0.6868686868686869,68,47,15,115,83,32,0.3855421686746988,0.8476964769647697
IXMtest_L06_s5_w1610AE208-D6E8-4DC4-AC19-D26284AA8556,surrogate,poisson,-6.0,50,1,0.5301128831021558,0.7873735469605548,0.6732673267326733,68,51,15,119,83,36,0.43373493975903615,0.8466892533631969
IXMtest_L06_s5_w1610AE208-D6E8-4DC4-AC19-D26284AA8556,surrogate,poisson,-6.0,50,2,0.5392896786058002,0.7815792443562323,0.69,69,48,14,117,83,34,0.40963855421686746,0.8490605026328728
IXMtest_L06_s5_w1610AE208-D6E8-4DC4-AC19-D26284AA8556,surrogate,poisson,-6.0,50,3,0.5551808028419121,0.7812187011418334,0.7106598984771574,70,44,13,114,83,31,0.37349397590361444,0.8233142758017535
IXMtest_L06_s5_w1610AE208-D6E8-4DC4-AC19-D26284AA8556,surrogate,poisson,-6.0,200,0,0.5356230542683791,0.7994961765917716,0.6699507389162561,68,52,15,120,83,37,0.4457831325301205,0.8520089770506045
IXMtest_L06_s5_w1610AE208-D6E8-4DC4-AC19-D26284AA8556,surrogate,poisson,-6.0,200,1,0.5479924142247845,0.7981628641969687,0.6865671641791045,69,49,14,118,83,35,0.42168674698795183,0.8657808837697539
IXMtest_L06_s5_w1610AE208-D6E8-4DC4-AC19-D26284AA8556,surrogate,poisson,-6.0,200,2,0.5402112136320161,0.7984003966179062,0.6766169154228856,68,50,15,118,83,35,0.42168674698795183,0.8600129804572005
IXMtest_L06_s5_w1610AE208-D6E8-4DC4-AC19-D26284AA8556,surrogate,poisson,-6.0,200,3,0.5287310895962749,0.804933897594329,0.6568627450980392,67,54,16,121,83,38,0.4578313253012048,0.8629531515448184
IXMtest_L06_s5_w1610AE208-D6E8-4DC4-AC19-D26284AA8556,surrogate,poisson,6.0,50,0,0.5240419913750115,0.7899737481921815,0.6633663366336634,67,52,16,119,83,36,0.43373493975903615,0.8359691618857031
IXMtest_L06_s5_w1610AE208-D6E8-4DC4-AC19-D26284AA8556,surrogate,poisson,6.0,50,1,0.5066067959289107,0.7825940802782426,0.6473429951690821,67,57,16,124,83,41,0.4939759036144578,0.843080079538508
IXMtest_L06_s5_w1610AE208-D6E8-4DC4-AC19-D26284AA8556,surrogate,poisson,6.0,50,2,0.5093004727459486,0.7793840567778911,0.6534653465346535,66,53,17,119,83,36,0.43373493975903615,0.8436327387945459
IXMtest_L06_s5_w1610AE208-D6E8-4DC4-AC19-D26284AA8556,surrogate,poisson,6.0,50,3,0.5182280071506591,0.7850767571013716,0.6600985221674877,67,53,16,120,83,37,0.4457831325301205,0.845614583925829
IXMtest_L06_s5_w1610AE208-D6E8-4DC4-AC19-D26284AA8556,surrogate,poisson,6.0,200,0,0.547577163586198,0.8015259930754493,0.6831683168316832,69,50,14,119,83,36,0.43373493975903615,0.8582089552238806
IXMtest_L06_s5_w1610AE208-D6E8-4DC4-AC19-D26284AA8556,surrogate,poisson,6.0,200,1,0.5376310106229084,0.7985401775428492,0.6732673267326733,68,51,15,119,83,36,0.43373493975903615,0.845397973950796
IXMtest_L06_s5_w1610AE208-D6E8-4DC4-AC19-D26284AA8556,surrogate,poisson,6.0,200,2,0.5222293976473463,0.8110380796795909,0.6439024390243903,66,56,17,122,83,39,0.46987951807228917,0.8680232306783301
IXMtest_L06_s5_w1610AE208-D6E8-4DC4-AC19-D26284AA8556,surrogate,poisson,6.0,200,3,0.5409242825367219,0.7994542705138317,0.6766169154228856,68,50,15,118,83,35,0.42168674698795183,0.8571490521172874
IXMtest_M12_s7_w193E9BA0F-274A-4EE8-A0F0-6A58471A333A,clear,deterministic,-6.0,100,-1,0.45740483895402945,0.8452045937194023,0.5411764705882353,46,34,44,80,90,10,0.1111111111111111,0.6625923450209649
IXMtest_M12_s7_w193E9BA0F-274A-4EE8-A0F0-6A58471A333A,clear,deterministic,-4.0,100,-1,0.5408681199744468,0.8440820660207277,0.6407766990291263,66,50,24,116,90,26,0.28888888888888886,0.8079063547074303
IXMtest_M12_s7_w193E9BA0F-274A-4EE8-A0F0-6A58471A333A,clear,deterministic,-2.0,100,-1,0.5516868493965184,0.8430707487256653,0.6543778801843319,71,56,19,127,90,37,0.4111111111111111,0.8472979265386616
IXMtest_M12_s7_w193E9BA0F-274A-4EE8-A0F0-6A58471A333A,clear,deterministic,0.0,100,-1,0.5572156112049458,0.8358234168074187,0.6666666666666666,73,56,17,129,90,39,0.43333333333333335,0.8541461949994541
IXMtest_M12_s7_w193E9BA0F-274A-4EE8-A0F0-6A58471A333A,clear,deterministic,2.0,100,-1,0.5516868493965184,0.8430707487256653,0.6543778801843319,71,56,19,127,90,37,0.4111111111111111,0.8472979265386616
IXMtest_M12_s7_w193E9BA0F-274A-4EE8-A0F0-6A58471A333A,clear,deterministic,4.0,100,-1,0.5408681199744468,0.8440820660207277,0.6407766990291263,66,50,24,116,90,26,0.28888888888888886,0.8079063547074303
IXMtest_M12_s7_w193E9BA0F-274A-4EE8-A0F0-6A58471A333A,clear,deterministic,6.0,100,-1,0.45740483895402945,0.8452045937194023,0.5411764705882353,46,34,44,80,90,10,0.1111111111111111,0.6625923450209649
IXMtest_M12_s7_w193E9BA0F-274A-4EE8-A0F0-6A58471A333A,clear,poisson,-6.0,50,0,0.579824650153096,0.8109709633898031,0.714975845410628,74,43,16,117,90,27,0.3,0.8338202850158011
IXMtest_M12_s7_w193E9BA0F-274A-4EE8-A0F0-6A58471A333A,clear,poisson,-6.0,50,1,0.5643137468209058,0.8151198565190862,0.6923076923076923,72,46,18,118,90,28,0.3111111111111111,0.8251768633581517
IXMtest_M12_s7_w193E9BA0F-274A-4EE8-A0F0-6A58471A333A,clear,poisson,-6.0,50,2,0.5533711278922445,0.8108424165643305,0.6824644549763034,72,49,18,121,90,31,0.34444444444444444,0.8225939272561976
IXMtest_M12_s7_w193E9BA0F-274A-4EE8-A0F0-6A58471A333A,clear,poisson,-6.0,50,3,0.5653895417512671,0.8054864704401613,0.7019230769230769,73,45,17,118,90,28,0.3111111111111111,0.8265212361593125
IXMtest_M12_s7_w193E9BA0F-274A-4EE8-A0F0-6A58471A333A,clear,poisson,-6.0,200,0,0.5710832967317311,0.8407615201883818,0.6792452830188679,72,50,18,122,90,32,0.35555555555555557,0.8353878373363024
IXMtest_M12_s7_w193E9BA0F-274A-4EE8-A0F0-6A58471A333A,clear,poisson,-6.0,200,1,0.5624721536578532,0.839747158982147,0.6698113207547169,71,51,19,122,90,32,0.35555555555555557,0.836419060689637
IXMtest_M12_s7_w193E9BA0F-274A-4EE8-A0F0-6A58471A333A,clear,poisson,-6.0,200,2,0.5635834139282915,0.8414062236112521,0.6698113207547169,71,51,19,122,90,32,0.35555555555555557,0.8396590150057206
IXMtest_M12_s7_w193E9BA0F-274A-4EE8-A0F0-6A58471A333A,clear,poisson,-6.0,200,3,0.5667253629565359,0.8343456732415667,0.6792452830188679,72,50,18,122,90,32,0.35555555555555557,0.8337561350404367
IXMtest_M12_s7_w193E9BA0F-274A-4EE8-A0F0-6A58471A333A,clear,poisson,6.0,50,0,0.5685804325173777,0.8029277729468373,0.7081339712918661,74,45,16,119,90,29,0.32222222222222224,0.8165983674388121
IXMtest_M12_s7_w193E9BA0F-274A-4EE8-A0F0-6A58471A333A,clear,poisson,6.0,50,1,0.590088333079406,0.8143218996495803,0.7246376811594203,75,42,15,117,90,27,0.3,0.8339801922785469
IXMtest_M12_s7_w193E9BA0F-274A-4EE8-A0F0-6A58471A333A,clear,poisson,6.0,50,2,0.533332071706494,0.8154570081889148,0.6540284360189573,69,52,21,121,90,31,0.34444444444444444,0.8191975622143219
IXMtest_M12_s7_w193E9BA0F-274A-4EE8-A0F0-6A58471A333A,clear,poisson,6.0,50,3,0.5542072062285986,0.7976090197749426,0.6948356807511737,74,49,16,123,90,33,0.36666666666666664,0.8265384209415242
IXMtest_M12_s7_w193E9BA0F-274A-4EE8-A0F0-6A58471A333A,clear,poisson,6.0,200,0,0.5620937437227062,0.8314303292565027,0.676056338028169,72,51,18,123,90,33,0.36666666666666664,0.8365919211614977
IXMtest_M12_s7_w193E9BA0F-274A-4EE8-A0F0-6A58471A333A,clear,poisson,6.0,200,1,0.5598495785322215,0.831998679207607,0.6728971962616822,72,52,18,124,90,34,0.37777777777777777,0.8452197011039299
IXMtest_M12_s7_w193E9BA0F-274A-4EE8-A0F0-6A58471A333A,clear,poisson,6.0,200,2,0.5759488914414981,0.828899418088102,0.6948356807511737,74,49,16,123,90,33,0.36666666666666664,0.8413154238073182
IXMtest_M12_s7_w193E9BA0F-274A-4EE8-A0F0-6A58471A333A,clear,poisson,6.0,200,3,0.5761960166411324,0.8327216404882118,0.6919431279620853,73,48,17,121,90,31,0.34444444444444444,0.8414281247713258
IXMtest_M12_s7_w193E9BA0F-274A-4EE8-A0F0-6A58471A333A,cubic,deterministic,-6.0,100,-1,0.45740483895402945,0.8452045937194023,0.5411764705882353,46,34,44,80,90,10,0.1111111111111111,0.6625923450209649
IXMtest_M12_s7_w193E9BA0F-274A-4EE8-A0F0-6A58471A333A,cubic,deterministic,-4.0,100,-1,0.5408681199744468,0.8440820660207277,0.6407766990291263,66,50,24,116,90,26,0.28888888888888886,0.8079063547074303
IXMtest_M12_s7_w193E9BA0F-274A-4EE8-A0F0-6A58471A333A,cubic,deterministic,-2.0,100,-1,0.5516868493965184,0.8430707487256653,0.6543778801843319,71,56,19,127,90,37,0.4111111111111111,0.8472979265386616
IXMtest_M12_s7_w193E9BA0F-274A-4EE8-A0F0-6A58471A333A,cubic,deterministic,0.0,100,-1,0.5572156112049458,0.8358234168074187,0.6666666666666666,73,56,17,129,90,39,0.43333333333333335,0.8541461949994541
IXMtest_M12_s7_w193E9BA0F-274A-4EE8-A0F0-6A58471A333A,cubic,deterministic,2.0,100,-1,0.5516868493965184,0.8430707487256653,0.6543778801843319,71,56,19,127,90,37,0.4111111111111111,0.8472979265386616
IXMtest_M12_s7_w193E9BA0F-274A-4EE8-A0F0-6A58471A333A,cubic,deterministic,4.0,100,-1,0.5408681199744468,0.8440820660207277,0.6407766990291263,66,50,24,116,90,26,0.28888888888888886,0.8079063547074303
IXMtest_M12_s7_w193E9BA0F-274A-4EE8-A0F0-6A58471A333A,cubic,deterministic,6.0,100,-1,0.45740483895402945,0.8452045937194023,0.5411764705882353,46,34,44,80,90,10,0.1111111111111111,0.6625923450209649
IXMtest_M12_s7_w193E9BA0F-274A-4EE8-A0F0-6A58471A333A,cubic,poisson,-6.0,50,0,0.579824650153096,0.8109709633898031,0.714975845410628,74,43,16,117,90,27,0.3,0.8338202850158011
IXMtest_M12_s7_w193E9BA0F-274A-4EE8-A0F0-6A58471A333A,cubic,poisson,-6.0,50,1,0.5643137468209058,0.8151198565190862,0.6923076923076923,72,46,18,118,90,28,0.3111111111111111,0.8251768633581517
IXMtest_M12_s7_w193E9BA0F-274A-4EE8-A0F0-6A58471A333A,cubic,poisson,-6.0,50,2,0.5533711278922445,0.8108424165643305,0.6824644549763034,72,49,18,121,90,31,0.34444444444444444,0.8225939272561976
IXMtest_M12_s7_w193E9BA0F-274A-4EE8-A0F0-6A58471A333A,cubic,poisson,-6.0,50,3,0.5653895417512671,0.8054864704401613,0.7019230769230769,73,45,17,118,90,28,0.3111111111111111,0.8265212361593125
IXMtest_M12_s7_w193E9BA0F-274A-4EE8-A0F0-6A58471A333A,cubic,poisson,-6.0,200,0,0.5710832967317311,0.8407615201883818,0.6792452830188679,72,50,18,122,90,32,0.35555555555555557,0.8353878373363024
IXMtest_M12_s7_w193E9BA0F-274A-4EE8-A0F0-6A58471A333A,cubic,poisson,-6.0,200,1,0.5624721536578532,0.839747158982147,0.6698113207547169,71,51,19,122,90,32,0.35555555555555557,0.836419060689637
IXMtest_M12_s7_w193E9BA0F-274A-4EE8-A0F0-6A58471A333A,cubic,poisson,-6.0,200,2,0.5635834139282915,0.8414062236112521,0.6698113207547169,71,51,19,122,90,32,0.35555555555555557,0.8396590150057206
IXMtest_M12_s7_w193E9BA0F-274A-4EE8-A0F0-6A58471A333A,cubic,poisson,-6.0,200,3,0.5667253629565359,0.8343456732415667,0.6792452830188679,72,50,18,122,90,32,0.35555555555555557,0.8337561350404367
IXMtest_M12_s7_w193E9BA0F-274A-4EE8-A0F0-6A58471A333A,cubic,poisson,6.0,50,0,0.5685804325173777,0.8029277729468373,0.7081339712918661,74,45,16,119,90,29,0.32222222222222224,0.8165983674388121
IXMtest_M12_s7_w193E9BA0F-274A-4EE8-A0F0-6A58471A333A,cubic,poisson,6.0,50,1,0.590088333079406,0.8143218996495803,0.7246376811594203,75,42,15,117,90,27,0.3,0.8339801922785469
IXMtest_M12_s7_w193E9BA0F-274A-4EE8-A0F0-6A58471A333A,cubic,poisson,6.0,50,2,0.533332071706494,0.8154570081889148,0.6540284360189573,69,52,21,121,90,31,0.34444444444444444,0.8191975622143219
IXMtest_M12_s7_w193E9BA0F-274A-4EE8-A0F0-6A58471A333A,cubic,poisson,6.0,50,3,0.5542072062285986,0.7976090197749426,0.6948356807511737,74,49,16,123,90,33,0.36666666666666664,0.8265384209415242
IXMtest_M12_s7_w193E9BA0F-274A-4EE8-A0F0-6A58471A333A,cubic,poisson,6.0,200,0,0.5620937437227062,0.8314303292565027,0.676056338028169,72,51,18,123,90,33,0.36666666666666664,0.8365919211614977
IXMtest_M12_s7_w193E9BA0F-274A-4EE8-A0F0-6A58471A333A,cubic,poisson,6.0,200,1,0.5598495785322215,0.831998679207607,0.6728971962616822,72,52,18,124,90,34,0.37777777777777777,0.8452197011039299
IXMtest_M12_s7_w193E9BA0F-274A-4EE8-A0F0-6A58471A333A,cubic,poisson,6.0,200,2,0.5759488914414981,0.828899418088102,0.6948356807511737,74,49,16,123,90,33,0.36666666666666664,0.8413154238073182
IXMtest_M12_s7_w193E9BA0F-274A-4EE8-A0F0-6A58471A333A,cubic,poisson,6.0,200,3,0.5761960166411324,0.8327216404882118,0.6919431279620853,73,48,17,121,90,31,0.34444444444444444,0.8414281247713258
IXMtest_M12_s7_w193E9BA0F-274A-4EE8-A0F0-6A58471A333A,image_fidelity,deterministic,-6.0,100,-1,0.4570841481626634,0.8446120129092693,0.5411764705882353,46,34,44,80,90,10,0.1111111111111111,0.6623618958349606
IXMtest_M12_s7_w193E9BA0F-274A-4EE8-A0F0-6A58471A333A,image_fidelity,deterministic,-4.0,100,-1,0.5404642510497703,0.843451785729187,0.6407766990291263,66,50,24,116,90,26,0.28888888888888886,0.8075764221971337
IXMtest_M12_s7_w193E9BA0F-274A-4EE8-A0F0-6A58471A333A,image_fidelity,deterministic,-2.0,100,-1,0.5471194679393496,0.8480351753059919,0.6451612903225806,70,57,20,127,90,37,0.4111111111111111,0.847434879070914
IXMtest_M12_s7_w193E9BA0F-274A-4EE8-A0F0-6A58471A333A,image_fidelity,deterministic,0.0,100,-1,0.5575270669442791,0.8362906004164187,0.6666666666666666,73,56,17,129,90,39,0.43333333333333335,0.854360451229416
IXMtest_M12_s7_w193E9BA0F-274A-4EE8-A0F0-6A58471A333A,image_fidelity,deterministic,2.0,100,-1,0.5471504415524984,0.8480831844063725,0.6451612903225806,70,57,20,127,90,37,0.4111111111111111,0.847399128934177
IXMtest_M12_s7_w193E9BA0F-274A-4EE8-A0F0-6A58471A333A,image_fidelity,deterministic,4.0,100,-1,0.5402907336151516,0.8431809933691001,0.6407766990291263,66,50,24,116,90,26,0.28888888888888886,0.8075999252089117
IXMtest_M12_s7_w193E9BA0F-274A-4EE8-A0F0-6A58471A333A,image_fidelity,deterministic,6.0,100,-1,0.4580512117517381,0.8381362598010527,0.5465116279069767,47,35,43,82,90,8,0.08888888888888889,0.6699385021433685
IXMtest_M12_s7_w193E9BA0F-274A-4EE8-A0F0-6A58471A333A,image_fidelity,poisson,-6.0,50,0,0.544968979540091,0.8023154421006896,0.6792452830188679,72,50,18,122,90,32,0.35555555555555557,0.8164143998086404
IXMtest_M12_s7_w193E9BA0F-274A-4EE8-A0F0-6A58471A333A,image_fidelity,poisson,-6.0,50,1,0.5776397261134961,0.8196239357015823,0.7047619047619048,74,46,16,120,90,30,0.3333333333333333,0.8324313712659097
IXMtest_M12_s7_w193E9BA0F-274A-4EE8-A0F0-6A58471A333A,image_fidelity,poisson,-6.0,50,2,0.576252070899001,0.8105945797312615,0.7109004739336493,75,46,15,121,90,31,0.34444444444444444,0.8283772024522216
IXMtest_M12_s7_w193E9BA0F-274A-4EE8-A0F0-6A58471A333A,image_fidelity,poisson,-6.0,50,3,0.5801754914149803,0.8146299708224037,0.7121951219512195,73,42,17,115,90,25,0.2777777777777778,0.8273523254025057
IXMtest_M12_s7_w193E9BA0F-274A-4EE8-A0F0-6A58471A333A,image_fidelity,poisson,-6.0,200,0,0.562273100011086,0.8316956270997314,0.676056338028169,72,51,18,123,90,33,0.36666666666666664,0.8324539044655567
IXMtest_M12_s7_w193E9BA0F-274A-4EE8-A0F0-6A58471A333A,image_fidelity,poisson,-6.0,200,1,0.5763002373292312,0.8328722607977245,0.6919431279620853,73,48,17,121,90,31,0.34444444444444444,0.8431065175226505
IXMtest_M12_s7_w193E9BA0F-274A-4EE8-A0F0-6A58471A333A,image_fidelity,poisson,-6.0,200,2,0.5764978438475704,0.8367225650287654,0.6889952153110048,72,47,18,119,90,29,0.32222222222222224,0.8368311438641461
IXMtest_M12_s7_w193E9BA0F-274A-4EE8-A0F0-6A58471A333A,image_fidelity,poisson,-6.0,200,3,0.573694072147486,0.8295306178348785,0.6915887850467289,74,50,16,124,90,34,0.37777777777777777,0.8393672001367647
IXMtest_M12_s7_w193E9BA0F-274A-4EE8-A0F0-6A58471A333A,image_fidelity,poisson,6.0,50,0,0.5817740088032061,0.8106051189324671,0.7177033492822966,75,44,15,119,90,29,0.32222222222222224,0.8267549511329619
IXMtest_M12_s7_w193E9BA0F-274A-4EE8-A0F0-6A58471A333A,image_fidelity,poisson,6.0,50,1,0.5780117791588852,0.8053630789613802,0.7177033492822966,75,44,15,119,90,29,0.32222222222222224,0.8201841679271821
IXMtest_M12_s7_w193E9BA0F-274A-4EE8-A0F0-6A58471A333A,image_fidelity,poisson,6.0,50,2,0.5686307293598026,0.8178935148325928,0.6952380952380952,73,47,17,120,90,30,0.3333333333333333,0.8303208979127581
IXMtest_M12_s7_w193E9BA0F-274A-4EE8-A0F0-6A58471A333A,image_fidelity,poisson,6.0,50,3,0.5611140479248311,0.8143946945575674,0.6889952153110048,72,47,18,119,90,29,0.32222222222222224,0.8287953686325306
IXMtest_M12_s7_w193E9BA0F-274A-4EE8-A0F0-6A58471A333A,image_fidelity,poisson,6.0,200,0,0.5694255029028928,0.8343665355035443,0.6824644549763034,72,49,18,121,90,31,0.34444444444444444,0.8370788388377718
IXMtest_M12_s7_w193E9BA0F-274A-4EE8-A0F0-6A58471A333A,image_fidelity,poisson,6.0,200,1,0.5590813874572577,0.8233047828993862,0.6790697674418604,73,52,17,125,90,35,0.3888888888888889,0.8371527823640519
IXMtest_M12_s7_w193E9BA0F-274A-4EE8-A0F0-6A58471A333A,image_fidelity,poisson,6.0,200,2,0.5712222667432296,0.8294460311614019,0.6886792452830188,73,49,17,122,90,32,0.35555555555555557,0.8461034188203977
IXMtest_M12_s7_w193E9BA0F-274A-4EE8-A0F0-6A58471A333A,image_fidelity,poisson,6.0,200,3,0.5814718925235008,0.8256900873833711,0.704225352112676,75,48,15,123,90,33,0.36666666666666664,0.8378972300809264
IXMtest_M12_s7_w193E9BA0F-274A-4EE8-A0F0-6A58471A333A,exact_task,deterministic,-6.0,100,-1,0.5327234419967058,0.8110118072188656,0.6568627450980392,67,47,23,114,90,24,0.26666666666666666,0.7925172281637995
IXMtest_M12_s7_w193E9BA0F-274A-4EE8-A0F0-6A58471A333A,exact_task,deterministic,-4.0,100,-1,0.5619733926295488,0.8389459932826836,0.6698564593301436,70,49,20,119,90,29,0.32222222222222224,0.8282753256581483
IXMtest_M12_s7_w193E9BA0F-274A-4EE8-A0F0-6A58471A333A,exact_task,deterministic,-2.0,100,-1,0.5652154819079082,0.8557840042971848,0.6604651162790698,71,54,19,125,90,35,0.3888888888888889,0.8467754757806397
IXMtest_M12_s7_w193E9BA0F-274A-4EE8-A0F0-6A58471A333A,exact_task,deterministic,0.0,100,-1,0.5601888687577772,0.864291397511999,0.6481481481481481,70,56,20,126,90,36,0.4,0.850724286949006
IXMtest_M12_s7_w193E9BA0F-274A-4EE8-A0F0-6A58471A333A,exact_task,deterministic,2.0,100,-1,0.5642055253168964,0.8542548446699487,0.6604651162790698,71,54,19,125,90,35,0.3888888888888889,0.8461187593299054
IXMtest_M12_s7_w193E9BA0F-274A-4EE8-A0F0-6A58471A333A,exact_task,deterministic,4.0,100,-1,0.5556407433635435,0.8374299774979119,0.6635071090047393,70,51,20,121,90,31,0.34444444444444444,0.830717238297397
IXMtest_M12_s7_w193E9BA0F-274A-4EE8-A0F0-6A58471A333A,exact_task,deterministic,6.0,100,-1,0.53166506069972,0.8094005401697228,0.6568627450980392,67,47,23,114,90,24,0.26666666666666666,0.797355466925371
IXMtest_M12_s7_w193E9BA0F-274A-4EE8-A0F0-6A58471A333A,exact_task,poisson,-6.0,50,0,0.564729807304523,0.8084145871688035,0.6985645933014354,73,46,17,119,90,29,0.32222222222222224,0.8223246765360375
IXMtest_M12_s7_w193E9BA0F-274A-4EE8-A0F0-6A58471A333A,exact_task,poisson,-6.0,50,1,0.5578763613662099,0.8024249033349595,0.6952380952380952,73,47,17,120,90,30,0.3333333333333333,0.8267600124637854
IXMtest_M12_s7_w193E9BA0F-274A-4EE8-A0F0-6A58471A333A,exact_task,poisson,-6.0,50,2,0.5871373395693383,0.8034510962527788,0.7307692307692307,76,42,14,118,90,28,0.3111111111111111,0.827694322624174
IXMtest_M12_s7_w193E9BA0F-274A-4EE8-A0F0-6A58471A333A,exact_task,poisson,-6.0,50,3,0.5968927271092646,0.8023168474780373,0.7439613526570048,77,40,13,117,90,27,0.3,0.8303342930262316
IXMtest_M12_s7_w193E9BA0F-274A-4EE8-A0F0-6A58471A333A,exact_task,poisson,-6.0,200,0,0.5472619709009295,0.8208929563513943,0.6666666666666666,71,52,19,123,90,33,0.36666666666666664,0.8368155073695585
IXMtest_M12_s7_w193E9BA0F-274A-4EE8-A0F0-6A58471A333A,exact_task,poisson,-6.0,200,1,0.5570113054315672,0.8277806900163568,0.6728971962616822,72,52,18,124,90,34,0.37777777777777777,0.8342011438026513
IXMtest_M12_s7_w193E9BA0F-274A-4EE8-A0F0-6A58471A333A,exact_task,poisson,-6.0,200,2,0.5829761482843219,0.8200531152532794,0.7109004739336493,75,46,15,121,90,31,0.34444444444444444,0.8361512974444772
IXMtest_M12_s7_w193E9BA0F-274A-4EE8-A0F0-6A58471A333A,exact_task,poisson,-6.0,200,3,0.559784157010657,0.8060891860953461,0.6944444444444444,75,51,15,126,90,36,0.4,0.8378053348579539
IXMtest_M12_s7_w193E9BA0F-274A-4EE8-A0F0-6A58471A333A,exact_task,poisson,6.0,50,0,0.5903013603852716,0.8038972473667844,0.7342995169082126,76,41,14,117,90,27,0.3,0.8271148311112582
IXMtest_M12_s7_w193E9BA0F-274A-4EE8-A0F0-6A58471A333A,exact_task,poisson,6.0,50,1,0.5793786709499784,0.8103471951800374,0.714975845410628,74,43,16,117,90,27,0.3,0.8251666116793137
IXMtest_M12_s7_w193E9BA0F-274A-4EE8-A0F0-6A58471A333A,exact_task,poisson,6.0,50,2,0.5574631002455593,0.8056487270672125,0.6919431279620853,73,48,17,121,90,31,0.34444444444444444,0.8279422791070888
IXMtest_M12_s7_w193E9BA0F-274A-4EE8-A0F0-6A58471A333A,exact_task,poisson,6.0,50,3,0.537673287396947,0.7880964623489497,0.6822429906542056,73,51,17,124,90,34,0.37777777777777777,0.8247632113553017
IXMtest_M12_s7_w193E9BA0F-274A-4EE8-A0F0-6A58471A333A,exact_task,poisson,6.0,200,0,0.5582268941878402,0.814399510013767,0.6854460093896714,73,50,17,123,90,33,0.36666666666666664,0.8374609233604264
IXMtest_M12_s7_w193E9BA0F-274A-4EE8-A0F0-6A58471A333A,exact_task,poisson,6.0,200,1,0.5719356588235261,0.8121486355294072,0.704225352112676,75,48,15,123,90,33,0.36666666666666664,0.8355234182415776
IXMtest_M12_s7_w193E9BA0F-274A-4EE8-A0F0-6A58471A333A,exact_task,poisson,6.0,200,2,0.5695690798929153,0.8093876398478269,0.7037037037037037,76,50,14,126,90,36,0.4,0.8389780076773674
IXMtest_M12_s7_w193E9BA0F-274A-4EE8-A0F0-6A58471A333A,exact_task,poisson,6.0,200,3,0.571491503804175,0.8115179354019286,0.704225352112676,75,48,15,123,90,33,0.36666666666666664,0.8358046684655891
IXMtest_M12_s7_w193E9BA0F-274A-4EE8-A0F0-6A58471A333A,surrogate,deterministic,-6.0,100,-1,0.46570524573930344,0.8343885652829187,0.5581395348837209,48,34,42,82,90,8,0.08888888888888889,0.670823648480586
IXMtest_M12_s7_w193E9BA0F-274A-4EE8-A0F0-6A58471A333A,surrogate,deterministic,-4.0,100,-1,0.539715867690471,0.8422838541230078,0.6407766990291263,66,50,24,116,90,26,0.28888888888888886,0.8072131806309022
IXMtest_M12_s7_w193E9BA0F-274A-4EE8-A0F0-6A58471A333A,surrogate,deterministic,-2.0,100,-1,0.5579748002622086,0.8408370253951338,0.663594470046083,72,55,18,127,90,37,0.4111111111111111,0.8484566295089151
IXMtest_M12_s7_w193E9BA0F-274A-4EE8-A0F0-6A58471A333A,surrogate,deterministic,0.0,100,-1,0.5645032088571575,0.8353121806737669,0.6757990867579908,74,55,16,129,90,39,0.43333333333333335,0.8561562504265222
IXMtest_M12_s7_w193E9BA0F-274A-4EE8-A0F0-6A58471A333A,surrogate,deterministic,2.0,100,-1,0.5580361795749239,0.840929520609434,0.663594470046083,72,55,18,127,90,37,0.4111111111111111,0.8485952382582734
IXMtest_M12_s7_w193E9BA0F-274A-4EE8-A0F0-6A58471A333A,surrogate,deterministic,4.0,100,-1,0.5399207150915446,0.8426035402186227,0.6407766990291263,66,50,24,116,90,26,0.28888888888888886,0.807663044258459
IXMtest_M12_s7_w193E9BA0F-274A-4EE8-A0F0-6A58471A333A,surrogate,deterministic,6.0,100,-1,0.4632230260819138,0.8347664949184489,0.5549132947976878,48,35,42,83,90,7,0.07777777777777778,0.6755807094187348
IXMtest_M12_s7_w193E9BA0F-274A-4EE8-A0F0-6A58471A333A,surrogate,poisson,-6.0,50,0,0.5799426096803006,0.8080533694878855,0.7177033492822966,75,44,15,119,90,29,0.32222222222222224,0.8304927259212064
IXMtest_M12_s7_w193E9BA0F-274A-4EE8-A0F0-6A58471A333A,surrogate,poisson,-6.0,50,1,0.569312809990395,0.8008333527198223,0.7109004739336493,75,46,15,121,90,31,0.34444444444444444,0.8289741602406632
IXMtest_M12_s7_w193E9BA0F-274A-4EE8-A0F0-6A58471A333A,surrogate,poisson,-6.0,50,2,0.5833098266544916,0.8119042181812518,0.7184466019417476,74,42,16,116,90,26,0.28888888888888886,0.8252894480048527
IXMtest_M12_s7_w193E9BA0F-274A-4EE8-A0F0-6A58471A333A,surrogate,poisson,-6.0,50,3,0.5684219968643754,0.8142261036165377,0.6981132075471698,74,48,16,122,90,32,0.35555555555555557,0.8389066932856992
IXMtest_M12_s7_w193E9BA0F-274A-4EE8-A0F0-6A58471A333A,surrogate,poisson,-6.0,200,0,0.5810284091902722,0.8283580698591043,0.7014218009478673,74,47,16,121,90,31,0.34444444444444444,0.8385539299981482
IXMtest_M12_s7_w193E9BA0F-274A-4EE8-A0F0-6A58471A333A,surrogate,poisson,-6.0,200,1,0.5577130157209425,0.8212897149315248,0.6790697674418604,73,52,17,125,90,35,0.3888888888888889,0.8396230781947429
IXMtest_M12_s7_w193E9BA0F-274A-4EE8-A0F0-6A58471A333A,surrogate,poisson,-6.0,200,2,0.5722258422188439,0.8309032777424309,0.6886792452830188,73,49,17,122,90,32,0.35555555555555557,0.8388107450690074
IXMtest_M12_s7_w193E9BA0F-274A-4EE8-A0F0-6A58471A333A,surrogate,poisson,-6.0,200,3,0.5628415663687505,0.8249869534446068,0.6822429906542056,73,51,17,124,90,34,0.37777777777777777,0.8380257623554154
IXMtest_M12_s7_w193E9BA0F-274A-4EE8-A0F0-6A58471A333A,surrogate,poisson,6.0,50,0,0.5752935883195591,0.8117156109166381,0.7087378640776699,73,43,17,116,90,26,0.28888888888888886,0.8225274069753569
IXMtest_M12_s7_w193E9BA0F-274A-4EE8-A0F0-6A58471A333A,surrogate,poisson,6.0,50,1,0.5596919802311531,0.8123307213077153,0.6889952153110048,72,47,18,119,90,29,0.32222222222222224,0.8244569674841918
IXMtest_M12_s7_w193E9BA0F-274A-4EE8-A0F0-6A58471A333A,surrogate,poisson,6.0,50,2,0.5747719196567741,0.7978741779446008,0.7203791469194313,76,45,14,121,90,31,0.34444444444444444,0.8213830580995332
IXMtest_M12_s7_w193E9BA0F-274A-4EE8-A0F0-6A58471A333A,surrogate,poisson,6.0,50,3,0.5712737597140174,0.8105911455401599,0.7047619047619048,74,46,16,120,90,30,0.3333333333333333,0.8305644351382042
IXMtest_M12_s7_w193E9BA0F-274A-4EE8-A0F0-6A58471A333A,surrogate,poisson,6.0,200,0,0.5715935777362056,0.8226312976879175,0.6948356807511737,74,49,16,123,90,33,0.36666666666666664,0.8372712761045369
IXMtest_M12_s7_w193E9BA0F-274A-4EE8-A0F0-6A58471A333A,surrogate,poisson,6.0,200,1,0.5551295739949417,0.8249842280202605,0.6728971962616822,72,52,18,124,90,34,0.37777777777777777,0.8432788263814524
IXMtest_M12_s7_w193E9BA0F-274A-4EE8-A0F0-6A58471A333A,surrogate,poisson,6.0,200,2,0.5549022299752925,0.8323533449629388,0.6666666666666666,71,52,19,123,90,33,0.36666666666666664,0.8406842825143219
IXMtest_M12_s7_w193E9BA0F-274A-4EE8-A0F0-6A58471A333A,surrogate,poisson,6.0,200,3,0.54969917610793,0.8207314087722565,0.6697674418604651,72,53,18,125,90,35,0.3888888888888889,0.8416317728694939
IXMtest_N11_s4_w142A84EA3-47C3-4B49-B6CA-BBC6685BBE1E,clear,deterministic,-6.0,100,-1,0.4772658708269025,0.828196658199625,0.576271186440678,17,9,16,26,33,7,0.21212121212121213,0.6053907488683103
IXMtest_N11_s4_w142A84EA3-47C3-4B49-B6CA-BBC6685BBE1E,clear,deterministic,-4.0,100,-1,0.5659878460178708,0.8385005126190678,0.675,27,20,6,47,33,14,0.42424242424242425,0.804298503262571
IXMtest_N11_s4_w142A84EA3-47C3-4B49-B6CA-BBC6685BBE1E,clear,deterministic,-2.0,100,-1,0.6435578029255847,0.8473511071853532,0.759493670886076,30,16,3,46,33,13,0.3939393939393939,0.8583005287170787
IXMtest_N11_s4_w142A84EA3-47C3-4B49-B6CA-BBC6685BBE1E,clear,deterministic,0.0,100,-1,0.6290005455268222,0.8386673940357628,0.75,30,17,3,47,33,14,0.42424242424242425,0.8566689112618457
IXMtest_N11_s4_w142A84EA3-47C3-4B49-B6CA-BBC6685BBE1E,clear,deterministic,2.0,100,-1,0.6435578029255847,0.8473511071853532,0.759493670886076,30,16,3,46,33,13,0.3939393939393939,0.8583005287170787
IXMtest_N11_s4_w142A84EA3-47C3-4B49-B6CA-BBC6685BBE1E,clear,deterministic,4.0,100,-1,0.5659878460178708,0.8385005126190678,0.675,27,20,6,47,33,14,0.42424242424242425,0.804298503262571
IXMtest_N11_s4_w142A84EA3-47C3-4B49-B6CA-BBC6685BBE1E,clear,deterministic,6.0,100,-1,0.4772658708269025,0.828196658199625,0.576271186440678,17,9,16,26,33,7,0.21212121212121213,0.6053907488683103
IXMtest_N11_s4_w142A84EA3-47C3-4B49-B6CA-BBC6685BBE1E,clear,poisson,-6.0,50,0,0.629726175495569,0.814301089002891,0.7733333333333333,29,13,4,42,33,9,0.2727272727272727,0.8023996246397211
IXMtest_N11_s4_w142A84EA3-47C3-4B49-B6CA-BBC6685BBE1E,clear,poisson,-6.0,50,1,0.6496267100029843,0.7917325528161372,0.8205128205128205,32,13,1,45,33,12,0.36363636363636365,0.8231541299479628
IXMtest_N11_s4_w142A84EA3-47C3-4B49-B6CA-BBC6685BBE1E,clear,poisson,-6.0,50,2,0.6623240348200143,0.8011984292177593,0.8266666666666667,31,11,2,42,33,9,0.2727272727272727,0.8116334793026523
IXMtest_N11_s4_w142A84EA3-47C3-4B49-B6CA-BBC6685BBE1E,clear,poisson,-6.0,50,3,0.6710506004191277,0.8276290738502575,0.8108108108108109,30,11,3,41,33,8,0.24242424242424243,0.8183811073836649
IXMtest_N11_s4_w142A84EA3-47C3-4B49-B6CA-BBC6685BBE1E,clear,poisson,-6.0,200,0,0.6363116198884089,0.8337876398537771,0.7631578947368421,29,14,4,43,33,10,0.30303030303030304,0.8107167004732928
IXMtest_N11_s4_w142A84EA3-47C3-4B49-B6CA-BBC6685BBE1E,clear,poisson,-6.0,200,1,0.6731166958882498,0.8142540676067539,0.8266666666666667,31,11,2,42,33,9,0.2727272727272727,0.8184367391486861
IXMtest_N11_s4_w142A84EA3-47C3-4B49-B6CA-BBC6685BBE1E,clear,poisson,-6.0,200,2,0.6600967070150449,0.825120883768806,0.8,30,12,3,42,33,9,0.2727272727272727,0.8010615494539145
IXMtest_N11_s4_w142A84EA3-47C3-4B49-B6CA-BBC6685BBE1E,clear,poisson,-6.0,200,3,0.6516645288969931,0.8314340541099567,0.7837837837837838,29,12,4,41,33,8,0.24242424242424243,0.8044264008085376
IXMtest_N11_s4_w142A84EA3-47C3-4B49-B6CA-BBC6685BBE1E,clear,poisson,6.0,50,0,0.6503889461800331,0.8129861827250413,0.8,30,12,3,42,33,9,0.2727272727272727,0.808360160797985
IXMtest_N11_s4_w142A84EA3-47C3-4B49-B6CA-BBC6685BBE1E,clear,poisson,6.0,50,1,0.6570825973762625,0.8270177518701235,0.7945205479452054,29,11,4,40,33,7,0.21212121212121213,0.8224958425022257
IXMtest_N11_s4_w142A84EA3-47C3-4B49-B6CA-BBC6685BBE1E,clear,poisson,6.0,50,2,0.6275578555307519,0.8223171900058129,0.7631578947368421,29,14,4,43,33,10,0.30303030303030304,0.8065995102953017
IXMtest_N11_s4_w142A84EA3-47C3-4B49-B6CA-BBC6685BBE1E,clear,poisson,6.0,50,3,0.6797214761917822,0.8112804715837401,0.8378378378378378,31,10,2,41,33,8,0.24242424242424243,0.8039553024102624
IXMtest_N11_s4_w142A84EA3-47C3-4B49-B6CA-BBC6685BBE1E,clear,poisson,6.0,200,0,0.6391119782131749,0.8201937053735745,0.7792207792207793,30,14,3,44,33,11,0.3333333333333333,0.8186509582676512
IXMtest_N11_s4_w142A84EA3-47C3-4B49-B6CA-BBC6685BBE1E,clear,poisson,6.0,200,1,0.6312947461858283,0.8342109146027016,0.7567567567567568,28,13,5,41,33,8,0.24242424242424243,0.7805740432612313
IXMtest_N11_s4_w142A84EA3-47C3-4B49-B6CA-BBC6685BBE1E,clear,poisson,6.0,200,2,0.6466845919000638,0.8191338164067474,0.7894736842105263,30,13,3,43,33,10,0.30303030303030304,0.8231791037369108
IXMtest_N11_s4_w142A84EA3-47C3-4B49-B6CA-BBC6685BBE1E,clear,poisson,6.0,200,3,0.6297596148238619,0.8360601783006443,0.7532467532467533,29,15,4,44,33,11,0.3333333333333333,0.8093613034895781
IXMtest_N11_s4_w142A84EA3-47C3-4B49-B6CA-BBC6685BBE1E,cubic,deterministic,-6.0,100,-1,0.4772658708269025,0.828196658199625,0.576271186440678,17,9,16,26,33,7,0.21212121212121213,0.6053907488683103
IXMtest_N11_s4_w142A84EA3-47C3-4B49-B6CA-BBC6685BBE1E,cubic,deterministic,-4.0,100,-1,0.5659878460178708,0.8385005126190678,0.675,27,20,6,47,33,14,0.42424242424242425,0.804298503262571
IXMtest_N11_s4_w142A84EA3-47C3-4B49-B6CA-BBC6685BBE1E,cubic,deterministic,-2.0,100,-1,0.6435578029255847,0.8473511071853532,0.759493670886076,30,16,3,46,33,13,0.3939393939393939,0.8583005287170787
IXMtest_N11_s4_w142A84EA3-47C3-4B49-B6CA-BBC6685BBE1E,cubic,deterministic,0.0,100,-1,0.6290005455268222,0.8386673940357628,0.75,30,17,3,47,33,14,0.42424242424242425,0.8566689112618457
IXMtest_N11_s4_w142A84EA3-47C3-4B49-B6CA-BBC6685BBE1E,cubic,deterministic,2.0,100,-1,0.6435578029255847,0.8473511071853532,0.759493670886076,30,16,3,46,33,13,0.3939393939393939,0.8583005287170787
IXMtest_N11_s4_w142A84EA3-47C3-4B49-B6CA-BBC6685BBE1E,cubic,deterministic,4.0,100,-1,0.5659878460178708,0.8385005126190678,0.675,27,20,6,47,33,14,0.42424242424242425,0.804298503262571
IXMtest_N11_s4_w142A84EA3-47C3-4B49-B6CA-BBC6685BBE1E,cubic,deterministic,6.0,100,-1,0.4772658708269025,0.828196658199625,0.576271186440678,17,9,16,26,33,7,0.21212121212121213,0.6053907488683103
IXMtest_N11_s4_w142A84EA3-47C3-4B49-B6CA-BBC6685BBE1E,cubic,poisson,-6.0,50,0,0.629726175495569,0.814301089002891,0.7733333333333333,29,13,4,42,33,9,0.2727272727272727,0.8023996246397211
IXMtest_N11_s4_w142A84EA3-47C3-4B49-B6CA-BBC6685BBE1E,cubic,poisson,-6.0,50,1,0.6496267100029843,0.7917325528161372,0.8205128205128205,32,13,1,45,33,12,0.36363636363636365,0.8231541299479628
IXMtest_N11_s4_w142A84EA3-47C3-4B49-B6CA-BBC6685BBE1E,cubic,poisson,-6.0,50,2,0.6623240348200143,0.8011984292177593,0.8266666666666667,31,11,2,42,33,9,0.2727272727272727,0.8116334793026523
IXMtest_N11_s4_w142A84EA3-47C3-4B49-B6CA-BBC6685BBE1E,cubic,poisson,-6.0,50,3,0.6710506004191277,0.8276290738502575,0.8108108108108109,30,11,3,41,33,8,0.24242424242424243,0.8183811073836649
IXMtest_N11_s4_w142A84EA3-47C3-4B49-B6CA-BBC6685BBE1E,cubic,poisson,-6.0,200,0,0.6363116198884089,0.8337876398537771,0.7631578947368421,29,14,4,43,33,10,0.30303030303030304,0.8107167004732928
IXMtest_N11_s4_w142A84EA3-47C3-4B49-B6CA-BBC6685BBE1E,cubic,poisson,-6.0,200,1,0.6731166958882498,0.8142540676067539,0.8266666666666667,31,11,2,42,33,9,0.2727272727272727,0.8184367391486861
IXMtest_N11_s4_w142A84EA3-47C3-4B49-B6CA-BBC6685BBE1E,cubic,poisson,-6.0,200,2,0.6600967070150449,0.825120883768806,0.8,30,12,3,42,33,9,0.2727272727272727,0.8010615494539145
IXMtest_N11_s4_w142A84EA3-47C3-4B49-B6CA-BBC6685BBE1E,cubic,poisson,-6.0,200,3,0.6516645288969931,0.8314340541099567,0.7837837837837838,29,12,4,41,33,8,0.24242424242424243,0.8044264008085376
IXMtest_N11_s4_w142A84EA3-47C3-4B49-B6CA-BBC6685BBE1E,cubic,poisson,6.0,50,0,0.6503889461800331,0.8129861827250413,0.8,30,12,3,42,33,9,0.2727272727272727,0.808360160797985
IXMtest_N11_s4_w142A84EA3-47C3-4B49-B6CA-BBC6685BBE1E,cubic,poisson,6.0,50,1,0.6570825973762625,0.8270177518701235,0.7945205479452054,29,11,4,40,33,7,0.21212121212121213,0.8224958425022257
IXMtest_N11_s4_w142A84EA3-47C3-4B49-B6CA-BBC6685BBE1E,cubic,poisson,6.0,50,2,0.6275578555307519,0.8223171900058129,0.7631578947368421,29,14,4,43,33,10,0.30303030303030304,0.8065995102953017
IXMtest_N11_s4_w142A84EA3-47C3-4B49-B6CA-BBC6685BBE1E,cubic,poisson,6.0,50,3,0.6797214761917822,0.8112804715837401,0.8378378378378378,31,10,2,41,33,8,0.24242424242424243,0.8039553024102624
IXMtest_N11_s4_w142A84EA3-47C3-4B49-B6CA-BBC6685BBE1E,cubic,poisson,6.0,200,0,0.6391119782131749,0.8201937053735745,0.7792207792207793,30,14,3,44,33,11,0.3333333333333333,0.8186509582676512
IXMtest_N11_s4_w142A84EA3-47C3-4B49-B6CA-BBC6685BBE1E,cubic,poisson,6.0,200,1,0.6312947461858283,0.8342109146027016,0.7567567567567568,28,13,5,41,33,8,0.24242424242424243,0.7805740432612313
IXMtest_N11_s4_w142A84EA3-47C3-4B49-B6CA-BBC6685BBE1E,cubic,poisson,6.0,200,2,0.6466845919000638,0.8191338164067474,0.7894736842105263,30,13,3,43,33,10,0.30303030303030304,0.8231791037369108
IXMtest_N11_s4_w142A84EA3-47C3-4B49-B6CA-BBC6685BBE1E,cubic,poisson,6.0,200,3,0.6297596148238619,0.8360601783006443,0.7532467532467533,29,15,4,44,33,11,0.3333333333333333,0.8093613034895781
IXMtest_N11_s4_w142A84EA3-47C3-4B49-B6CA-BBC6685BBE1E,image_fidelity,deterministic,-6.0,100,-1,0.4986057517456869,0.8310095862428115,0.6,18,9,15,27,33,6,0.18181818181818182,0.6258848006513037
IXMtest_N11_s4_w142A84EA3-47C3-4B49-B6CA-BBC6685BBE1E,image_fidelity,deterministic,-4.0,100,-1,0.5654394302841934,0.8376880448654717,0.675,27,20,6,47,33,14,0.42424242424242425,0.8038750285704239
IXMtest_N11_s4_w142A84EA3-47C3-4B49-B6CA-BBC6685BBE1E,image_fidelity,deterministic,-2.0,100,-1,0.6432385002515658,0.8469306919978951,0.759493670886076,30,16,3,46,33,13,0.3939393939393939,0.8577543628580836
IXMtest_N11_s4_w142A84EA3-47C3-4B49-B6CA-BBC6685BBE1E,image_fidelity,deterministic,0.0,100,-1,0.629159718864916,0.8388796251532213,0.75,30,17,3,47,33,14,0.42424242424242425,0.8567909344719987
IXMtest_N11_s4_w142A84EA3-47C3-4B49-B6CA-BBC6685BBE1E,image_fidelity,deterministic,2.0,100,-1,0.6431717538299244,0.8468428092094005,0.759493670886076,30,16,3,46,33,13,0.3939393939393939,0.8572558193170025
IXMtest_N11_s4_w142A84EA3-47C3-4B49-B6CA-BBC6685BBE1E,image_fidelity,deterministic,4.0,100,-1,0.5720872192302743,0.8369424133183643,0.6835443037974683,27,19,6,46,33,13,0.3939393939393939,0.8038004750593825
IXMtest_N11_s4_w142A84EA3-47C3-4B49-B6CA-BBC6685BBE1E,image_fidelity,deterministic,6.0,100,-1,0.47649520638186066,0.8268593287214641,0.576271186440678,17,9,16,26,33,7,0.21212121212121213,0.6052891574569768
IXMtest_N11_s4_w142A84EA3-47C3-4B49-B6CA-BBC6685BBE1E,image_fidelity,poisson,-6.0,50,0,0.6373274769219746,0.8072814707678345,0.7894736842105263,30,13,3,43,33,10,0.30303030303030304,0.8278574354772634
IXMtest_N11_s4_w142A84EA3-47C3-4B49-B6CA-BBC6685BBE1E,image_fidelity,poisson,-6.0,50,1,0.6342705513296764,0.8201774370642367,0.7733333333333333,29,13,4,42,33,9,0.2727272727272727,0.8065329969459567
IXMtest_N11_s4_w142A84EA3-47C3-4B49-B6CA-BBC6685BBE1E,image_fidelity,poisson,-6.0,50,2,0.6572829494936636,0.8057016800244908,0.8157894736842105,31,12,2,43,33,10,0.30303030303030304,0.825295443124159
IXMtest_N11_s4_w142A84EA3-47C3-4B49-B6CA-BBC6685BBE1E,image_fidelity,poisson,-6.0,50,3,0.63379566740658,0.8133711065051109,0.7792207792207793,30,14,3,44,33,11,0.3333333333333333,0.792365510224177
IXMtest_N11_s4_w142A84EA3-47C3-4B49-B6CA-BBC6685BBE1E,image_fidelity,poisson,-6.0,200,0,0.6594472106410468,0.8243090133013085,0.8,30,12,3,42,33,9,0.2727272727272727,0.8062511515720004
IXMtest_N11_s4_w142A84EA3-47C3-4B49-B6CA-BBC6685BBE1E,image_fidelity,poisson,-6.0,200,1,0.6522513546719005,0.8261850492510739,0.7894736842105263,30,13,3,43,33,10,0.30303030303030304,0.8144691174983995
IXMtest_N11_s4_w142A84EA3-47C3-4B49-B6CA-BBC6685BBE1E,image_fidelity,poisson,-6.0,200,2,0.6678981721530686,0.8237410789887847,0.8108108108108109,30,11,3,41,33,8,0.24242424242424243,0.7965482681886902
IXMtest_N11_s4_w142A84EA3-47C3-4B49-B6CA-BBC6685BBE1E,image_fidelity,poisson,-6.0,200,3,0.6685488856977502,0.8414494595850994,0.7945205479452054,29,11,4,40,33,7,0.21212121212121213,0.8155109997215261
IXMtest_N11_s4_w142A84EA3-47C3-4B49-B6CA-BBC6685BBE1E,image_fidelity,poisson,6.0,50,0,0.6580959363587078,0.7960837939823079,0.8266666666666667,31,11,2,42,33,9,0.2727272727272727,0.7991408531060173
IXMtest_N11_s4_w142A84EA3-47C3-4B49-B6CA-BBC6685BBE1E,image_fidelity,poisson,6.0,50,1,0.6301933965359026,0.8149052541412533,0.7733333333333333,29,13,4,42,33,9,0.2727272727272727,0.8071829855537721
IXMtest_N11_s4_w142A84EA3-47C3-4B49-B6CA-BBC6685BBE1E,image_fidelity,poisson,6.0,50,2,0.6450775250956021,0.834151972106382,0.7733333333333333,29,13,4,42,33,9,0.2727272727272727,0.8274216004773586
IXMtest_N11_s4_w142A84EA3-47C3-4B49-B6CA-BBC6685BBE1E,image_fidelity,poisson,6.0,50,3,0.6515872048584715,0.8144840060730894,0.8,30,12,3,42,33,9,0.2727272727272727,0.8023214854823288
IXMtest_N11_s4_w142A84EA3-47C3-4B49-B6CA-BBC6685BBE1E,image_fidelity,poisson,6.0,200,0,0.6948449751947008,0.8069167453873944,0.8611111111111112,31,8,2,39,33,6,0.18181818181818182,0.8111445416442025
IXMtest_N11_s4_w142A84EA3-47C3-4B49-B6CA-BBC6685BBE1E,image_fidelity,poisson,6.0,200,1,0.6571330005086727,0.8384110696145135,0.7837837837837838,29,12,4,41,33,8,0.24242424242424243,0.8148361127084531
IXMtest_N11_s4_w142A84EA3-47C3-4B49-B6CA-BBC6685BBE1E,image_fidelity,poisson,6.0,200,2,0.6321267031112633,0.8283039558009656,0.7631578947368421,29,14,4,43,33,10,0.30303030303030304,0.8166508420368798
IXMtest_N11_s4_w142A84EA3-47C3-4B49-B6CA-BBC6685BBE1E,image_fidelity,poisson,6.0,200,3,0.6553756564280346,0.8139342829832044,0.8051948051948052,31,13,2,44,33,11,0.3333333333333333,0.8248940295074426
IXMtest_N11_s4_w142A84EA3-47C3-4B49-B6CA-BBC6685BBE1E,exact_task,deterministic,-6.0,100,-1,0.5988445209978018,0.8095490746822136,0.7397260273972602,27,13,6,40,33,7,0.21212121212121213,0.7648544266191325
IXMtest_N11_s4_w142A84EA3-47C3-4B49-B6CA-BBC6685BBE1E,exact_task,deterministic,-4.0,100,-1,0.6112582549000228,0.8404801004875314,0.7272727272727273,28,16,5,44,33,11,0.3333333333333333,0.8344707568416024
IXMtest_N11_s4_w142A84EA3-47C3-4B49-B6CA-BBC6685BBE1E,exact_task,deterministic,-2.0,100,-1,0.6497472640968138,0.844671443325858,0.7692307692307693,30,15,3,45,33,12,0.36363636363636365,0.8602582784784684
IXMtest_N11_s4_w142A84EA3-47C3-4B49-B6CA-BBC6685BBE1E,exact_task,deterministic,0.0,100,-1,0.6537990066945821,0.8499387087029568,0.7692307692307693,30,15,3,45,33,12,0.36363636363636365,0.8626476906552094
IXMtest_N11_s4_w142A84EA3-47C3-4B49-B6CA-BBC6685BBE1E,exact_task,deterministic,2.0,100,-1,0.6409990070139913,0.8439820259017552,0.759493670886076,30,16,3,46,33,13,0.3939393939393939,0.8544385772641228
IXMtest_N11_s4_w142A84EA3-47C3-4B49-B6CA-BBC6685BBE1E,exact_task,deterministic,4.0,100,-1,0.6028118383919635,0.8396307749030919,0.717948717948718,28,17,5,45,33,12,0.36363636363636365,0.8331258420451251
IXMtest_N11_s4_w142A84EA3-47C3-4B49-B6CA-BBC6685BBE1E,exact_task,deterministic,6.0,100,-1,0.6068230690329159,0.8090974253772212,0.75,27,12,6,39,33,6,0.18181818181818182,0.764711336955917
IXMtest_N11_s4_w142A84EA3-47C3-4B49-B6CA-BBC6685BBE1E,exact_task,poisson,-6.0,50,0,0.6372644465976259,0.7965805582470324,0.8,30,12,3,42,33,9,0.2727272727272727,0.7984584302473642
IXMtest_N11_s4_w142A84EA3-47C3-4B49-B6CA-BBC6685BBE1E,exact_task,poisson,-6.0,50,1,0.6143535364924257,0.7986595974401535,0.7692307692307693,30,15,3,45,33,12,0.36363636363636365,0.8075909682153221
IXMtest_N11_s4_w142A84EA3-47C3-4B49-B6CA-BBC6685BBE1E,exact_task,poisson,-6.0,50,2,0.6333303886681232,0.802218492312956,0.7894736842105263,30,13,3,43,33,10,0.30303030303030304,0.8087366394476532
IXMtest_N11_s4_w142A84EA3-47C3-4B49-B6CA-BBC6685BBE1E,exact_task,poisson,-6.0,50,3,0.630790338771722,0.7990010957775145,0.7894736842105263,30,13,3,43,33,10,0.30303030303030304,0.8248476900346952
IXMtest_N11_s4_w142A84EA3-47C3-4B49-B6CA-BBC6685BBE1E,exact_task,poisson,-6.0,200,0,0.6466947332416576,0.8031531364452845,0.8051948051948052,31,13,2,44,33,11,0.3333333333333333,0.8196116536833611
IXMtest_N11_s4_w142A84EA3-47C3-4B49-B6CA-BBC6685BBE1E,exact_task,poisson,-6.0,200,1,0.6315420799503282,0.8104790026029212,0.7792207792207793,30,14,3,44,33,11,0.3333333333333333,0.8175259256824494
IXMtest_N11_s4_w142A84EA3-47C3-4B49-B6CA-BBC6685BBE1E,exact_task,poisson,-6.0,200,2,0.6361654325116224,0.8105978898131962,0.7848101265822784,31,15,2,46,33,13,0.3939393939393939,0.8369616697424507
IXMtest_N11_s4_w142A84EA3-47C3-4B49-B6CA-BBC6685BBE1E,exact_task,poisson,-6.0,200,3,0.6499534206576821,0.8072002159780891,0.8051948051948052,31,13,2,44,33,11,0.3333333333333333,0.824837630387719
IXMtest_N11_s4_w142A84EA3-47C3-4B49-B6CA-BBC6685BBE1E,exact_task,poisson,6.0,50,0,0.6248063030085624,0.7961241602851037,0.7848101265822784,31,15,2,46,33,13,0.3939393939393939,0.8156185052448983
IXMtest_N11_s4_w142A84EA3-47C3-4B49-B6CA-BBC6685BBE1E,exact_task,poisson,6.0,50,1,0.6576756234977361,0.8220945293721702,0.8,30,12,3,42,33,9,0.2727272727272727,0.7945209995384717
IXMtest_N11_s4_w142A84EA3-47C3-4B49-B6CA-BBC6685BBE1E,exact_task,poisson,6.0,50,2,0.6264939835755289,0.8040006122552621,0.7792207792207793,30,14,3,44,33,11,0.3333333333333333,0.8296133394603821
IXMtest_N11_s4_w142A84EA3-47C3-4B49-B6CA-BBC6685BBE1E,exact_task,poisson,6.0,50,3,0.6400250803719846,0.8106984351378471,0.7894736842105263,30,13,3,43,33,10,0.30303030303030304,0.8250659587368697
IXMtest_N11_s4_w142A84EA3-47C3-4B49-B6CA-BBC6685BBE1E,exact_task,poisson,6.0,200,0,0.627636925772827,0.822420799288532,0.7631578947368421,29,14,4,43,33,10,0.30303030303030304,0.8070152084927951
IXMtest_N11_s4_w142A84EA3-47C3-4B49-B6CA-BBC6685BBE1E,exact_task,poisson,6.0,200,1,0.6599205567115919,0.8089348759690481,0.8157894736842105,31,12,2,43,33,10,0.30303030303030304,0.8344260380694993
IXMtest_N11_s4_w142A84EA3-47C3-4B49-B6CA-BBC6685BBE1E,exact_task,poisson,6.0,200,2,0.6258872993051977,0.8136534890967569,0.7692307692307693,30,15,3,45,33,12,0.36363636363636365,0.8236648250460405
IXMtest_N11_s4_w142A84EA3-47C3-4B49-B6CA-BBC6685BBE1E,exact_task,poisson,6.0,200,3,0.6386534123218988,0.8034671961469049,0.7948717948717948,31,14,2,45,33,12,0.36363636363636365,0.8114957243914849
IXMtest_N11_s4_w142A84EA3-47C3-4B49-B6CA-BBC6685BBE1E,surrogate,deterministic,-6.0,100,-1,0.5159837742427434,0.812674444432321,0.6349206349206349,20,10,13,30,33,3,0.09090909090909091,0.6674659923264736
IXMtest_N11_s4_w142A84EA3-47C3-4B49-B6CA-BBC6685BBE1E,surrogate,deterministic,-4.0,100,-1,0.5790511248659808,0.8364071803619723,0.6923076923076923,27,18,6,45,33,12,0.36363636363636365,0.8034857775357099
IXMtest_N11_s4_w142A84EA3-47C3-4B49-B6CA-BBC6685BBE1E,surrogate,deterministic,-2.0,100,-1,0.6443387319181721,0.8483793303589268,0.759493670886076,30,16,3,46,33,13,0.3939393939393939,0.8583432186635034
IXMtest_N11_s4_w142A84EA3-47C3-4B49-B6CA-BBC6685BBE1E,surrogate,deterministic,0.0,100,-1,0.6437211741655454,0.8306079666652199,0.775,31,16,2,47,33,14,0.42424242424242425,0.8583162217659137
IXMtest_N11_s4_w142A84EA3-47C3-4B49-B6CA-BBC6685BBE1E,surrogate,deterministic,2.0,100,-1,0.6444618198591157,0.8485413961478356,0.759493670886076,30,16,3,46,33,13,0.3939393939393939,0.8585222778803058
IXMtest_N11_s4_w142A84EA3-47C3-4B49-B6CA-BBC6685BBE1E,surrogate,deterministic,4.0,100,-1,0.5842113673798794,0.834587667685542,0.7,28,19,5,47,33,14,0.42424242424242425,0.8190416796590791
IXMtest_N11_s4_w142A84EA3-47C3-4B49-B6CA-BBC6685BBE1E,surrogate,deterministic,6.0,100,-1,0.5386166841728203,0.8079250262592303,0.6666666666666666,21,9,12,30,33,3,0.09090909090909091,0.6713702674539771
IXMtest_N11_s4_w142A84EA3-47C3-4B49-B6CA-BBC6685BBE1E,surrogate,poisson,-6.0,50,0,0.6570130108398835,0.810316046702523,0.8108108108108109,30,11,3,41,33,8,0.24242424242424243,0.816329955030539
IXMtest_N11_s4_w142A84EA3-47C3-4B49-B6CA-BBC6685BBE1E,surrogate,poisson,-6.0,50,1,0.6490618838124905,0.8113273547656131,0.8,30,12,3,42,33,9,0.2727272727272727,0.8038280680839791
IXMtest_N11_s4_w142A84EA3-47C3-4B49-B6CA-BBC6685BBE1E,surrogate,poisson,-6.0,50,2,0.6396917716970122,0.8209377736778323,0.7792207792207793,30,14,3,44,33,11,0.3333333333333333,0.8000454589732766
IXMtest_N11_s4_w142A84EA3-47C3-4B49-B6CA-BBC6685BBE1E,surrogate,poisson,-6.0,50,3,0.6509767083075585,0.8137208853844482,0.8,30,12,3,42,33,9,0.2727272727272727,0.799184846156416
IXMtest_N11_s4_w142A84EA3-47C3-4B49-B6CA-BBC6685BBE1E,surrogate,poisson,-6.0,200,0,0.6421476445263943,0.8133870164000995,0.7894736842105263,30,13,3,43,33,10,0.30303030303030304,0.8261181695243501
IXMtest_N11_s4_w142A84EA3-47C3-4B49-B6CA-BBC6685BBE1E,surrogate,poisson,-6.0,200,1,0.6437577094327434,0.8261557271053539,0.7792207792207793,30,14,3,44,33,11,0.3333333333333333,0.8205937043432062
IXMtest_N11_s4_w142A84EA3-47C3-4B49-B6CA-BBC6685BBE1E,surrogate,poisson,-6.0,200,2,0.6730097431434171,0.8141246892863917,0.8266666666666667,31,11,2,42,33,9,0.2727272727272727,0.8019655518337783
IXMtest_N11_s4_w142A84EA3-47C3-4B49-B6CA-BBC6685BBE1E,surrogate,poisson,-6.0,200,3,0.6293059087760585,0.8354578444095949,0.7532467532467533,29,15,4,44,33,11,0.3333333333333333,0.8228328275498087
IXMtest_N11_s4_w142A84EA3-47C3-4B49-B6CA-BBC6685BBE1E,surrogate,poisson,6.0,50,0,0.6571103628552963,0.805490122209718,0.8157894736842105,31,12,2,43,33,10,0.30303030303030304,0.8016086238256546
IXMtest_N11_s4_w142A84EA3-47C3-4B49-B6CA-BBC6685BBE1E,surrogate,poisson,6.0,50,1,0.6140525238214988,0.815207660935438,0.7532467532467533,29,15,4,44,33,11,0.3333333333333333,0.8171606396964604
IXMtest_N11_s4_w142A84EA3-47C3-4B49-B6CA-BBC6685BBE1E,surrogate,poisson,6.0,50,2,0.6409133798318591,0.8225055041175526,0.7792207792207793,30,14,3,44,33,11,0.3333333333333333,0.834478734439834
IXMtest_N11_s4_w142A84EA3-47C3-4B49-B6CA-BBC6685BBE1E,surrogate,poisson,6.0,50,3,0.6414312726074631,0.8124796119694533,0.7894736842105263,30,13,3,43,33,10,0.30303030303030304,0.822871952701061
IXMtest_N11_s4_w142A84EA3-47C3-4B49-B6CA-BBC6685BBE1E,surrogate,poisson,6.0,200,0,0.6381852787792517,0.8190044411000397,0.7792207792207793,30,14,3,44,33,11,0.3333333333333333,0.8153297386976358
IXMtest_N11_s4_w142A84EA3-47C3-4B49-B6CA-BBC6685BBE1E,surrogate,poisson,6.0,200,1,0.6475578510478847,0.8373592901481267,0.7733333333333333,29,13,4,42,33,9,0.2727272727272727,0.8090813551970908
IXMtest_N11_s4_w142A84EA3-47C3-4B49-B6CA-BBC6685BBE1E,surrogate,poisson,6.0,200,2,0.6430483777821834,0.8145279451907655,0.7894736842105263,30,13,3,43,33,10,0.30303030303030304,0.8120640337230893
IXMtest_N11_s4_w142A84EA3-47C3-4B49-B6CA-BBC6685BBE1E,surrogate,poisson,6.0,200,3,0.6251030568867747,0.8260290394575237,0.7567567567567568,28,13,5,41,33,8,0.24242424242424243,0.7599222869830696
IXMtest_O01_s6_w11A23978B-BAAD-4287-B1F6-FFBCF45C5E2F,clear,deterministic,-6.0,100,-1,0.45762109640445925,0.8075666407137516,0.5666666666666667,17,8,18,25,35,10,0.2857142857142857,0.5732174563124942
IXMtest_O01_s6_w11A23978B-BAAD-4287-B1F6-FFBCF45C5E2F,clear,deterministic,-4.0,100,-1,0.6144207891286637,0.8338567852460436,0.7368421052631579,28,13,7,41,35,6,0.17142857142857143,0.8627558279522819
IXMtest_O01_s6_w11A23978B-BAAD-4287-B1F6-FFBCF45C5E2F,clear,deterministic,-2.0,100,-1,0.6053404454711897,0.8431527633348714,0.717948717948718,28,15,7,43,35,8,0.22857142857142856,0.8888495763086667
IXMtest_O01_s6_w11A23978B-BAAD-4287-B1F6-FFBCF45C5E2F,clear,deterministic,0.0,100,-1,0.6362693185618131,0.8447023711941313,0.7532467532467533,29,13,6,42,35,7,0.2,0.8903009443120643
IXMtest_O01_s6_w11A23978B-BAAD-4287-B1F6-FFBCF45C5E2F,clear,deterministic,2.0,100,-1,0.6053404454711897,0.8431527633348714,0.717948717948718,28,15,7,43,35,8,0.22857142857142856,0.8888495763086667
IXMtest_O01_s6_w11A23978B-BAAD-4287-B1F6-FFBCF45C5E2F,clear,deterministic,4.0,100,-1,0.6144207891286637,0.8338567852460436,0.7368421052631579,28,13,7,41,35,6,0.17142857142857143,0.8627558279522819
IXMtest_O01_s6_w11A23978B-BAAD-4287-B1F6-FFBCF45C5E2F,clear,deterministic,6.0,100,-1,0.45762109640445925,0.8075666407137516,0.5666666666666667,17,8,18,25,35,10,0.2857142857142857,0.5732174563124942
IXMtest_O01_s6_w11A23978B-BAAD-4287-B1F6-FFBCF45C5E2F,clear,poisson,-6.0,50,0,0.6030621407658638,0.8201645114415749,0.7352941176470589,25,8,10,33,35,2,0.05714285714285714,0.7562783196375087
IXMtest_O01_s6_w11A23978B-BAAD-4287-B1F6-FFBCF45C5E2F,clear,poisson,-6.0,50,1,0.6066160330444436,0.8249978049404433,0.7352941176470589,25,8,10,33,35,2,0.05714285714285714,0.7426535023660689
IXMtest_O01_s6_w11A23978B-BAAD-4287-B1F6-FFBCF45C5E2F,clear,poisson,-6.0,50,2,0.6011591753797425,0.8158588808725077,0.7368421052631579,28,13,7,41,35,6,0.17142857142857143,0.8152637163049147
IXMtest_O01_s6_w11A23978B-BAAD-4287-B1F6-FFBCF45C5E2F,clear,poisson,-6.0,50,3,0.5020600958743062,0.805388070465033,0.6233766233766234,24,18,11,42,35,7,0.2,0.8079900671925212
IXMtest_O01_s6_w11A23978B-BAAD-4287-B1F6-FFBCF45C5E2F,clear,poisson,-6.0,200,0,0.6337009490344306,0.8303667608037367,0.7631578947368421,29,12,6,41,35,6,0.17142857142857143,0.8717085656183163
IXMtest_O01_s6_w11A23978B-BAAD-4287-B1F6-FFBCF45C5E2F,clear,poisson,-6.0,200,1,0.6373534879609418,0.8351528462936479,0.7631578947368421,29,12,6,41,35,6,0.17142857142857143,0.8561738916515841
IXMtest_O01_s6_w11A23978B-BAAD-4287-B1F6-FFBCF45C5E2F,clear,poisson,-6.0,200,2,0.6332100789318916,0.829723551703858,0.7631578947368421,29,12,6,41,35,6,0.17142857142857143,0.8546867017809643
IXMtest_O01_s6_w11A23978B-BAAD-4287-B1F6-FFBCF45C5E2F,clear,poisson,-6.0,200,3,0.6470584467367653,0.8367135087113343,0.7733333333333333,29,11,6,40,35,5,0.14285714285714285,0.8651568005949746
IXMtest_O01_s6_w11A23978B-BAAD-4287-B1F6-FFBCF45C5E2F,clear,poisson,6.0,50,0,0.5776500532249239,0.8022917405901722,0.72,27,13,8,40,35,5,0.14285714285714285,0.8112385362918665
IXMtest_O01_s6_w11A23978B-BAAD-4287-B1F6-FFBCF45C5E2F,clear,poisson,6.0,50,1,0.583609986854244,0.8213770185356026,0.7105263157894737,27,14,8,41,35,6,0.17142857142857143,0.8321975842797908
IXMtest_O01_s6_w11A23978B-BAAD-4287-B1F6-FFBCF45C5E2F,clear,poisson,6.0,50,2,0.5676040372654027,0.8287018944074879,0.684931506849315,25,13,10,38,35,3,0.08571428571428572,0.7860454681423871
IXMtest_O01_s6_w11A23978B-BAAD-4287-B1F6-FFBCF45C5E2F,clear,poisson,6.0,50,3,0.6020073057013772,0.8249729744796649,0.7297297297297297,27,12,8,39,35,4,0.11428571428571428,0.814514822614612
IXMtest_O01_s6_w11A23978B-BAAD-4287-B1F6-FFBCF45C5E2F,clear,poisson,6.0,200,0,0.6170443543010952,0.8374173379800577,0.7368421052631579,28,13,7,41,35,6,0.17142857142857143,0.8449526926086647
IXMtest_O01_s6_w11A23978B-BAAD-4287-B1F6-FFBCF45C5E2F,clear,poisson,6.0,200,1,0.6246969219892454,0.8366476633784536,0.7466666666666667,28,12,7,40,35,5,0.14285714285714285,0.8438315052341991
IXMtest_O01_s6_w11A23978B-BAAD-4287-B1F6-FFBCF45C5E2F,clear,poisson,6.0,200,2,0.6259022159816116,0.838261896403944,0.7466666666666667,28,12,7,40,35,5,0.14285714285714285,0.8556941306242994
IXMtest_O01_s6_w11A23978B-BAAD-4287-B1F6-FFBCF45C5E2F,clear,poisson,6.0,200,3,0.6360316235670737,0.8334207481223724,0.7631578947368421,29,12,6,41,35,6,0.17142857142857143,0.8564229074889868
IXMtest_O01_s6_w11A23978B-BAAD-4287-B1F6-FFBCF45C5E2F,cubic,deterministic,-6.0,100,-1,0.45762109640445925,0.8075666407137516,0.5666666666666667,17,8,18,25,35,10,0.2857142857142857,0.5732174563124942
IXMtest_O01_s6_w11A23978B-BAAD-4287-B1F6-FFBCF45C5E2F,cubic,deterministic,-4.0,100,-1,0.6144207891286637,0.8338567852460436,0.7368421052631579,28,13,7,41,35,6,0.17142857142857143,0.8627558279522819
IXMtest_O01_s6_w11A23978B-BAAD-4287-B1F6-FFBCF45C5E2F,cubic,deterministic,-2.0,100,-1,0.6053404454711897,0.8431527633348714,0.717948717948718,28,15,7,43,35,8,0.22857142857142856,0.8888495763086667
IXMtest_O01_s6_w11A23978B-BAAD-4287-B1F6-FFBCF45C5E2F,cubic,deterministic,0.0,100,-1,0.6362693185618131,0.8447023711941313,0.7532467532467533,29,13,6,42,35,7,0.2,0.8903009443120643
IXMtest_O01_s6_w11A23978B-BAAD-4287-B1F6-FFBCF45C5E2F,cubic,deterministic,2.0,100,-1,0.6053404454711897,0.8431527633348714,0.717948717948718,28,15,7,43,35,8,0.22857142857142856,0.8888495763086667
IXMtest_O01_s6_w11A23978B-BAAD-4287-B1F6-FFBCF45C5E2F,cubic,deterministic,4.0,100,-1,0.6144207891286637,0.8338567852460436,0.7368421052631579,28,13,7,41,35,6,0.17142857142857143,0.8627558279522819
IXMtest_O01_s6_w11A23978B-BAAD-4287-B1F6-FFBCF45C5E2F,cubic,deterministic,6.0,100,-1,0.45762109640445925,0.8075666407137516,0.5666666666666667,17,8,18,25,35,10,0.2857142857142857,0.5732174563124942
IXMtest_O01_s6_w11A23978B-BAAD-4287-B1F6-FFBCF45C5E2F,cubic,poisson,-6.0,50,0,0.6030621407658638,0.8201645114415749,0.7352941176470589,25,8,10,33,35,2,0.05714285714285714,0.7562783196375087
IXMtest_O01_s6_w11A23978B-BAAD-4287-B1F6-FFBCF45C5E2F,cubic,poisson,-6.0,50,1,0.6066160330444436,0.8249978049404433,0.7352941176470589,25,8,10,33,35,2,0.05714285714285714,0.7426535023660689
IXMtest_O01_s6_w11A23978B-BAAD-4287-B1F6-FFBCF45C5E2F,cubic,poisson,-6.0,50,2,0.6011591753797425,0.8158588808725077,0.7368421052631579,28,13,7,41,35,6,0.17142857142857143,0.8152637163049147
IXMtest_O01_s6_w11A23978B-BAAD-4287-B1F6-FFBCF45C5E2F,cubic,poisson,-6.0,50,3,0.5020600958743062,0.805388070465033,0.6233766233766234,24,18,11,42,35,7,0.2,0.8079900671925212
IXMtest_O01_s6_w11A23978B-BAAD-4287-B1F6-FFBCF45C5E2F,cubic,poisson,-6.0,200,0,0.6337009490344306,0.8303667608037367,0.7631578947368421,29,12,6,41,35,6,0.17142857142857143,0.8717085656183163
IXMtest_O01_s6_w11A23978B-BAAD-4287-B1F6-FFBCF45C5E2F,cubic,poisson,-6.0,200,1,0.6373534879609418,0.8351528462936479,0.7631578947368421,29,12,6,41,35,6,0.17142857142857143,0.8561738916515841
IXMtest_O01_s6_w11A23978B-BAAD-4287-B1F6-FFBCF45C5E2F,cubic,poisson,-6.0,200,2,0.6332100789318916,0.829723551703858,0.7631578947368421,29,12,6,41,35,6,0.17142857142857143,0.8546867017809643
IXMtest_O01_s6_w11A23978B-BAAD-4287-B1F6-FFBCF45C5E2F,cubic,poisson,-6.0,200,3,0.6470584467367653,0.8367135087113343,0.7733333333333333,29,11,6,40,35,5,0.14285714285714285,0.8651568005949746
IXMtest_O01_s6_w11A23978B-BAAD-4287-B1F6-FFBCF45C5E2F,cubic,poisson,6.0,50,0,0.5776500532249239,0.8022917405901722,0.72,27,13,8,40,35,5,0.14285714285714285,0.8112385362918665
IXMtest_O01_s6_w11A23978B-BAAD-4287-B1F6-FFBCF45C5E2F,cubic,poisson,6.0,50,1,0.583609986854244,0.8213770185356026,0.7105263157894737,27,14,8,41,35,6,0.17142857142857143,0.8321975842797908
IXMtest_O01_s6_w11A23978B-BAAD-4287-B1F6-FFBCF45C5E2F,cubic,poisson,6.0,50,2,0.5676040372654027,0.8287018944074879,0.684931506849315,25,13,10,38,35,3,0.08571428571428572,0.7860454681423871
IXMtest_O01_s6_w11A23978B-BAAD-4287-B1F6-FFBCF45C5E2F,cubic,poisson,6.0,50,3,0.6020073057013772,0.8249729744796649,0.7297297297297297,27,12,8,39,35,4,0.11428571428571428,0.814514822614612
IXMtest_O01_s6_w11A23978B-BAAD-4287-B1F6-FFBCF45C5E2F,cubic,poisson,6.0,200,0,0.6170443543010952,0.8374173379800577,0.7368421052631579,28,13,7,41,35,6,0.17142857142857143,0.8449526926086647
IXMtest_O01_s6_w11A23978B-BAAD-4287-B1F6-FFBCF45C5E2F,cubic,poisson,6.0,200,1,0.6246969219892454,0.8366476633784536,0.7466666666666667,28,12,7,40,35,5,0.14285714285714285,0.8438315052341991
IXMtest_O01_s6_w11A23978B-BAAD-4287-B1F6-FFBCF45C5E2F,cubic,poisson,6.0,200,2,0.6259022159816116,0.838261896403944,0.7466666666666667,28,12,7,40,35,5,0.14285714285714285,0.8556941306242994
IXMtest_O01_s6_w11A23978B-BAAD-4287-B1F6-FFBCF45C5E2F,cubic,poisson,6.0,200,3,0.6360316235670737,0.8334207481223724,0.7631578947368421,29,12,6,41,35,6,0.17142857142857143,0.8564229074889868
IXMtest_O01_s6_w11A23978B-BAAD-4287-B1F6-FFBCF45C5E2F,image_fidelity,deterministic,-6.0,100,-1,0.45732290863129854,0.8070404269964092,0.5666666666666667,17,8,18,25,35,10,0.2857142857142857,0.57280396326502
IXMtest_O01_s6_w11A23978B-BAAD-4287-B1F6-FFBCF45C5E2F,image_fidelity,deterministic,-4.0,100,-1,0.6141067829268853,0.8334306339722014,0.7368421052631579,28,13,7,41,35,6,0.17142857142857143,0.8624074141642646
IXMtest_O01_s6_w11A23978B-BAAD-4287-B1F6-FFBCF45C5E2F,image_fidelity,deterministic,-2.0,100,-1,0.6051139249527913,0.8428372526128164,0.717948717948718,28,15,7,43,35,8,0.22857142857142856,0.8889046111396077
IXMtest_O01_s6_w11A23978B-BAAD-4287-B1F6-FFBCF45C5E2F,image_fidelity,deterministic,0.0,100,-1,0.6364676793119023,0.8449657121899392,0.7532467532467533,29,13,6,42,35,7,0.2,0.8904656006212714
IXMtest_O01_s6_w11A23978B-BAAD-4287-B1F6-FFBCF45C5E2F,image_fidelity,deterministic,2.0,100,-1,0.6052509585934642,0.8430281208980395,0.717948717948718,28,15,7,43,35,8,0.22857142857142856,0.8888456435205662
IXMtest_O01_s6_w11A23978B-BAAD-4287-B1F6-FFBCF45C5E2F,image_fidelity,deterministic,4.0,100,-1,0.6140110663482744,0.8333007329012295,0.7368421052631579,28,13,7,41,35,6,0.17142857142857143,0.8623873298543955
IXMtest_O01_s6_w11A23978B-BAAD-4287-B1F6-FFBCF45C5E2F,image_fidelity,deterministic,6.0,100,-1,0.4573226448432711,0.8070399614881255,0.5666666666666667,17,8,18,25,35,10,0.2857142857142857,0.57280396326502
IXMtest_O01_s6_w11A23978B-BAAD-4287-B1F6-FFBCF45C5E2F,image_fidelity,poisson,-6.0,50,0,0.5631605849780607,0.8109512423684073,0.6944444444444444,25,12,10,37,35,2,0.05714285714285714,0.7831304967464886
IXMtest_O01_s6_w11A23978B-BAAD-4287-B1F6-FFBCF45C5E2F,image_fidelity,poisson,-6.0,50,1,0.581157055262979,0.8136198773681705,0.7142857142857143,25,10,10,35,35,0,0.0,0.7585157799472397
IXMtest_O01_s6_w11A23978B-BAAD-4287-B1F6-FFBCF45C5E2F,image_fidelity,poisson,-6.0,50,2,0.5899858271027965,0.8282493342020026,0.7123287671232876,26,12,9,38,35,3,0.08571428571428572,0.7858410385728962
IXMtest_O01_s6_w11A23978B-BAAD-4287-B1F6-FFBCF45C5E2F,image_fidelity,poisson,-6.0,50,3,0.5642363840861011,0.8228447267922308,0.6857142857142857,24,11,11,35,35,0,0.0,0.7502603061972157
IXMtest_O01_s6_w11A23978B-BAAD-4287-B1F6-FFBCF45C5E2F,image_fidelity,poisson,-6.0,200,0,0.6230030961425246,0.8232540913311933,0.7567567567567568,28,11,7,39,35,4,0.11428571428571428,0.8409744452281482
IXMtest_O01_s6_w11A23978B-BAAD-4287-B1F6-FFBCF45C5E2F,image_fidelity,poisson,-6.0,200,1,0.6272679373829563,0.8400909875664594,0.7466666666666667,28,12,7,40,35,5,0.14285714285714285,0.8519322934429466
IXMtest_O01_s6_w11A23978B-BAAD-4287-B1F6-FFBCF45C5E2F,image_fidelity,poisson,-6.0,200,2,0.6255148386585879,0.8304248720122633,0.7532467532467533,29,13,6,42,35,7,0.2,0.8616241622421447
IXMtest_O01_s6_w11A23978B-BAAD-4287-B1F6-FFBCF45C5E2F,image_fidelity,poisson,-6.0,200,3,0.6457941413073838,0.8350786310009274,0.7733333333333333,29,11,6,40,35,5,0.14285714285714285,0.8631014713973838
IXMtest_O01_s6_w11A23978B-BAAD-4287-B1F6-FFBCF45C5E2F,image_fidelity,poisson,6.0,50,0,0.5070397533718503,0.8156726467286287,0.6216216216216216,23,16,12,39,35,4,0.11428571428571428,0.7733293422135747
IXMtest_O01_s6_w11A23978B-BAAD-4287-B1F6-FFBCF45C5E2F,image_fidelity,poisson,6.0,50,1,0.5633329278483483,0.8332632891090151,0.676056338028169,24,12,11,36,35,1,0.02857142857142857,0.7803496582713438
IXMtest_O01_s6_w11A23978B-BAAD-4287-B1F6-FFBCF45C5E2F,image_fidelity,poisson,6.0,50,2,0.5951751208737353,0.8266321123246323,0.72,27,13,8,40,35,5,0.14285714285714285,0.8245249995489075
IXMtest_O01_s6_w11A23978B-BAAD-4287-B1F6-FFBCF45C5E2F,image_fidelity,poisson,6.0,50,3,0.606407664224888,0.8197733238595708,0.7397260273972602,27,11,8,38,35,3,0.08571428571428572,0.8025022341376229
IXMtest_O01_s6_w11A23978B-BAAD-4287-B1F6-FFBCF45C5E2F,image_fidelity,poisson,6.0,200,0,0.6420298947563804,0.8412805517497399,0.7631578947368421,29,12,6,41,35,6,0.17142857142857143,0.8518105751030445
IXMtest_O01_s6_w11A23978B-BAAD-4287-B1F6-FFBCF45C5E2F,image_fidelity,poisson,6.0,200,1,0.6189833920271898,0.8400488891797576,0.7368421052631579,28,13,7,41,35,6,0.17142857142857143,0.8683744331065759
IXMtest_O01_s6_w11A23978B-BAAD-4287-B1F6-FFBCF45C5E2F,image_fidelity,poisson,6.0,200,2,0.6372997292458189,0.835082403839349,0.7631578947368421,29,12,6,41,35,6,0.17142857142857143,0.8673659101273371
IXMtest_O01_s6_w11A23978B-BAAD-4287-B1F6-FFBCF45C5E2F,image_fidelity,poisson,6.0,200,3,0.6358695357820721,0.8402561722834524,0.7567567567567568,28,11,7,39,35,4,0.11428571428571428,0.8561166505843251
IXMtest_O01_s6_w11A23978B-BAAD-4287-B1F6-FFBCF45C5E2F,exact_task,deterministic,-6.0,100,-1,0.5625205757236748,0.798779217527618,0.704225352112676,25,11,10,36,35,1,0.02857142857142857,0.7917415068466693
IXMtest_O01_s6_w11A23978B-BAAD-4287-B1F6-FFBCF45C5E2F,exact_task,deterministic,-4.0,100,-1,0.6330707468492857,0.8295409786300985,0.7631578947368421,29,12,6,41,35,6,0.17142857142857143,0.8686613491175516
IXMtest_O01_s6_w11A23978B-BAAD-4287-B1F6-FFBCF45C5E2F,exact_task,deterministic,-2.0,100,-1,0.6506879822306422,0.8526256318884277,0.7631578947368421,29,12,6,41,35,6,0.17142857142857143,0.8826727432580338
IXMtest_O01_s6_w11A23978B-BAAD-4287-B1F6-FFBCF45C5E2F,exact_task,deterministic,0.0,100,-1,0.6253196244664297,0.8598144836413409,0.7272727272727273,28,14,7,42,35,7,0.2,0.8867007443278629
IXMtest_O01_s6_w11A23978B-BAAD-4287-B1F6-FFBCF45C5E2F,exact_task,deterministic,2.0,100,-1,0.6419070746450868,0.8521869784081324,0.7532467532467533,29,13,6,42,35,7,0.2,0.8922272791921491
IXMtest_O01_s6_w11A23978B-BAAD-4287-B1F6-FFBCF45C5E2F,exact_task,deterministic,4.0,100,-1,0.633475577664492,0.8300714465948515,0.7631578947368421,29,12,6,41,35,6,0.17142857142857143,0.8688873651160273
IXMtest_O01_s6_w11A23978B-BAAD-4287-B1F6-FFBCF45C5E2F,exact_task,deterministic,6.0,100,-1,0.5619946221927169,0.7980323635136579,0.704225352112676,25,11,10,36,35,1,0.02857142857142857,0.7915333307630027
IXMtest_O01_s6_w11A23978B-BAAD-4287-B1F6-FFBCF45C5E2F,exact_task,poisson,-6.0,50,0,0.626577851297381,0.8056000945252041,0.7777777777777778,28,9,7,37,35,2,0.05714285714285714,0.7939262472885033
IXMtest_O01_s6_w11A23978B-BAAD-4287-B1F6-FFBCF45C5E2F,exact_task,poisson,-6.0,50,1,0.5861242101486929,0.8088514100051961,0.7246376811594203,25,9,10,34,35,1,0.02857142857142857,0.7680103241478783
IXMtest_O01_s6_w11A23978B-BAAD-4287-B1F6-FFBCF45C5E2F,exact_task,poisson,-6.0,50,2,0.5451546667587928,0.8068289068030132,0.6756756756756757,25,14,10,39,35,4,0.11428571428571428,0.8004008381160609
IXMtest_O01_s6_w11A23978B-BAAD-4287-B1F6-FFBCF45C5E2F,exact_task,poisson,-6.0,50,3,0.5850847212267465,0.8101173063139566,0.7222222222222222,26,11,9,37,35,2,0.05714285714285714,0.79196155851896
IXMtest_O01_s6_w11A23978B-BAAD-4287-B1F6-FFBCF45C5E2F,exact_task,poisson,-6.0,200,0,0.6320091817524598,0.8281499622963266,0.7631578947368421,29,12,6,41,35,6,0.17142857142857143,0.8702682837192208
IXMtest_O01_s6_w11A23978B-BAAD-4287-B1F6-FFBCF45C5E2F,exact_task,poisson,-6.0,200,1,0.590817858650812,0.8205803592372389,0.72,27,13,8,40,35,5,0.14285714285714285,0.8444213692351762
IXMtest_O01_s6_w11A23978B-BAAD-4287-B1F6-FFBCF45C5E2F,exact_task,poisson,-6.0,200,2,0.6335203179876991,0.8301300718459506,0.7631578947368421,29,12,6,41,35,6,0.17142857142857143,0.8649217968297436
IXMtest_O01_s6_w11A23978B-BAAD-4287-B1F6-FFBCF45C5E2F,exact_task,poisson,-6.0,200,3,0.6181443762415473,0.827871932466358,0.7466666666666667,28,12,7,40,35,5,0.14285714285714285,0.8533660688869912
IXMtest_O01_s6_w11A23978B-BAAD-4287-B1F6-FFBCF45C5E2F,exact_task,poisson,6.0,50,0,0.5890905960851143,0.7930065716530385,0.7428571428571429,26,9,9,35,35,0,0.0,0.7718381820261563
IXMtest_O01_s6_w11A23978B-BAAD-4287-B1F6-FFBCF45C5E2F,exact_task,poisson,6.0,50,1,0.6142300062564263,0.8189733416752352,0.75,27,10,8,37,35,2,0.05714285714285714,0.810908691834943
IXMtest_O01_s6_w11A23978B-BAAD-4287-B1F6-FFBCF45C5E2F,exact_task,poisson,6.0,50,2,0.6051170228916943,0.8180285679832164,0.7397260273972602,27,11,8,38,35,3,0.08571428571428572,0.7945866671617131
IXMtest_O01_s6_w11A23978B-BAAD-4287-B1F6-FFBCF45C5E2F,exact_task,poisson,6.0,50,3,0.6258345232268803,0.7984785296342956,0.7837837837837838,29,10,6,39,35,4,0.11428571428571428,0.8182377197424582
IXMtest_O01_s6_w11A23978B-BAAD-4287-B1F6-FFBCF45C5E2F,exact_task,poisson,6.0,200,0,0.6217857809313088,0.8147537819099908,0.7631578947368421,29,12,6,41,35,6,0.17142857142857143,0.8601520738140183
IXMtest_O01_s6_w11A23978B-BAAD-4287-B1F6-FFBCF45C5E2F,exact_task,poisson,6.0,200,1,0.593884169640705,0.8271958077138392,0.717948717948718,28,15,7,43,35,8,0.22857142857142856,0.8579273909038773
IXMtest_O01_s6_w11A23978B-BAAD-4287-B1F6-FFBCF45C5E2F,exact_task,poisson,6.0,200,2,0.6132340711534722,0.8141210944623682,0.7532467532467533,29,13,6,42,35,7,0.2,0.8618157543391188
IXMtest_O01_s6_w11A23978B-BAAD-4287-B1F6-FFBCF45C5E2F,exact_task,poisson,6.0,200,3,0.6308158276064603,0.8265862568636376,0.7631578947368421,29,12,6,41,35,6,0.17142857142857143,0.8645436431642605
IXMtest_O01_s6_w11A23978B-BAAD-4287-B1F6-FFBCF45C5E2F,surrogate,deterministic,-6.0,100,-1,0.45567691125784365,0.8041357257491358,0.5666666666666667,17,8,18,25,35,10,0.2857142857142857,0.5729006387839791
IXMtest_O01_s6_w11A23978B-BAAD-4287-B1F6-FFBCF45C5E2F,surrogate,deterministic,-4.0,100,-1,0.61351296470572,0.8326247378149058,0.7368421052631579,28,13,7,41,35,6,0.17142857142857143,0.8619696748797201
IXMtest_O01_s6_w11A23978B-BAAD-4287-B1F6-FFBCF45C5E2F,surrogate,deterministic,-2.0,100,-1,0.6067216830894862,0.8450766300174986,0.717948717948718,28,15,7,43,35,8,0.22857142857142856,0.8898876404494382
IXMtest_O01_s6_w11A23978B-BAAD-4287-B1F6-FFBCF45C5E2F,surrogate,deterministic,0.0,100,-1,0.6215159454304953,0.8358317886823902,0.7435897435897436,29,14,6,43,35,8,0.22857142857142856,0.8918427509753041
IXMtest_O01_s6_w11A23978B-BAAD-4287-B1F6-FFBCF45C5E2F,surrogate,deterministic,2.0,100,-1,0.607023473045,0.8454969803126786,0.717948717948718,28,15,7,43,35,8,0.22857142857142856,0.8901077513756436
IXMtest_O01_s6_w11A23978B-BAAD-4287-B1F6-FFBCF45C5E2F,surrogate,deterministic,4.0,100,-1,0.6138492661224324,0.833081146880444,0.7368421052631579,28,13,7,41,35,6,0.17142857142857143,0.8621538349346412
IXMtest_O01_s6_w11A23978B-BAAD-4287-B1F6-FFBCF45C5E2F,surrogate,deterministic,6.0,100,-1,0.4560660558284615,0.8048224514619908,0.5666666666666667,17,8,18,25,35,10,0.2857142857142857,0.5726613335821069
IXMtest_O01_s6_w11A23978B-BAAD-4287-B1F6-FFBCF45C5E2F,surrogate,poisson,-6.0,50,0,0.5537643401508465,0.8075729960533179,0.6857142857142857,24,11,11,35,35,0,0.0,0.72700986617173
IXMtest_O01_s6_w11A23978B-BAAD-4287-B1F6-FFBCF45C5E2F,surrogate,poisson,-6.0,50,1,0.630498169220449,0.8289883336046644,0.7605633802816901,27,9,8,36,35,1,0.02857142857142857,0.7980161973400698
IXMtest_O01_s6_w11A23978B-BAAD-4287-B1F6-FFBCF45C5E2F,surrogate,poisson,-6.0,50,2,0.5762157612145329,0.8199993524976045,0.7027027027027027,26,13,9,39,35,4,0.11428571428571428,0.8040772571179389
IXMtest_O01_s6_w11A23978B-BAAD-4287-B1F6-FFBCF45C5E2F,surrogate,poisson,-6.0,50,3,0.5711055471182472,0.822391987850276,0.6944444444444444,25,12,10,37,35,2,0.05714285714285714,0.785950936231992
IXMtest_O01_s6_w11A23978B-BAAD-4287-B1F6-FFBCF45C5E2F,surrogate,poisson,-6.0,200,0,0.6101311103720535,0.8389302767615735,0.7272727272727273,28,14,7,42,35,7,0.2,0.8736504840844187
IXMtest_O01_s6_w11A23978B-BAAD-4287-B1F6-FFBCF45C5E2F,surrogate,poisson,-6.0,200,1,0.6343014523827747,0.838184062077238,0.7567567567567568,28,11,7,39,35,4,0.11428571428571428,0.8491056852227266
IXMtest_O01_s6_w11A23978B-BAAD-4287-B1F6-FFBCF45C5E2F,surrogate,poisson,-6.0,200,2,0.6113399480145946,0.8296756437340926,0.7368421052631579,28,13,7,41,35,6,0.17142857142857143,0.8457783851901812
IXMtest_O01_s6_w11A23978B-BAAD-4287-B1F6-FFBCF45C5E2F,surrogate,poisson,-6.0,200,3,0.6336776981481423,0.8303362941251521,0.7631578947368421,29,12,6,41,35,6,0.17142857142857143,0.8629087886237818
IXMtest_O01_s6_w11A23978B-BAAD-4287-B1F6-FFBCF45C5E2F,surrogate,poisson,6.0,50,0,0.5807468607350789,0.8246605422438119,0.704225352112676,25,11,10,36,35,1,0.02857142857142857,0.7844496345965494
IXMtest_O01_s6_w11A23978B-BAAD-4287-B1F6-FFBCF45C5E2F,surrogate,poisson,6.0,50,1,0.54010672138309,0.810160082074635,0.6666666666666666,25,15,10,40,35,5,0.14285714285714285,0.7928540888219657
IXMtest_O01_s6_w11A23978B-BAAD-4287-B1F6-FFBCF45C5E2F,surrogate,poisson,6.0,50,2,0.59747328670489,0.807695369064018,0.7397260273972602,27,11,8,38,35,3,0.08571428571428572,0.8114598540145985
IXMtest_O01_s6_w11A23978B-BAAD-4287-B1F6-FFBCF45C5E2F,surrogate,poisson,6.0,50,3,0.5841529014289873,0.8200608039291553,0.7123287671232876,26,12,9,38,35,3,0.08571428571428572,0.7970638392526136
IXMtest_O01_s6_w11A23978B-BAAD-4287-B1F6-FFBCF45C5E2F,surrogate,poisson,6.0,200,0,0.6399707820408258,0.8385824040534959,0.7631578947368421,29,12,6,41,35,6,0.17142857142857143,0.8698273886136432
IXMtest_O01_s6_w11A23978B-BAAD-4287-B1F6-FFBCF45C5E2F,surrogate,poisson,6.0,200,1,0.613233298949386,0.8322451914313096,0.7368421052631579,28,13,7,41,35,6,0.17142857142857143,0.8499627567126592
IXMtest_O01_s6_w11A23978B-BAAD-4287-B1F6-FFBCF45C5E2F,surrogate,poisson,6.0,200,2,0.6458279484653274,0.8351223471534406,0.7733333333333333,29,11,6,40,35,5,0.14285714285714285,0.8624710274420991
IXMtest_O01_s6_w11A23978B-BAAD-4287-B1F6-FFBCF45C5E2F,surrogate,poisson,6.0,200,3,0.5956924014197018,0.8383818982943951,0.7105263157894737,27,14,8,41,35,6,0.17142857142857143,0.8502775911453729
IXMtest_O02_s4_w1814603DA-DD56-44EF-98C5-AFF3B636F986,clear,deterministic,-6.0,100,-1,0.5441897353093725,0.8162846029640588,0.6666666666666666,24,16,8,40,32,8,0.25,0.6592944242762729
IXMtest_O02_s4_w1814603DA-DD56-44EF-98C5-AFF3B636F986,clear,deterministic,-4.0,100,-1,0.5885096783772218,0.8500695354337648,0.6923076923076923,27,19,5,46,32,14,0.4375,0.7461330554560552
IXMtest_O02_s4_w1814603DA-DD56-44EF-98C5-AFF3B636F986,clear,deterministic,-2.0,100,-1,0.624024325106631,0.8499641669555835,0.7341772151898734,29,18,3,47,32,15,0.46875,0.7737511931275851
IXMtest_O02_s4_w1814603DA-DD56-44EF-98C5-AFF3B636F986,clear,deterministic,0.0,100,-1,0.6403254460573621,0.8537672614098161,0.75,30,18,2,48,32,16,0.5,0.7775610220297854
IXMtest_O02_s4_w1814603DA-DD56-44EF-98C5-AFF3B636F986,clear,deterministic,2.0,100,-1,0.624024325106631,0.8499641669555835,0.7341772151898734,29,18,3,47,32,15,0.46875,0.7737511931275851
IXMtest_O02_s4_w1814603DA-DD56-44EF-98C5-AFF3B636F986,clear,deterministic,4.0,100,-1,0.5885096783772218,0.8500695354337648,0.6923076923076923,27,19,5,46,32,14,0.4375,0.7461330554560552
IXMtest_O02_s4_w1814603DA-DD56-44EF-98C5-AFF3B636F986,clear,deterministic,6.0,100,-1,0.5441897353093725,0.8162846029640588,0.6666666666666666,24,16,8,40,32,8,0.25,0.6592944242762729
IXMtest_O02_s4_w1814603DA-DD56-44EF-98C5-AFF3B636F986,clear,poisson,-6.0,50,0,0.6172214647230906,0.8266358902541392,0.7466666666666667,28,15,4,43,32,11,0.34375,0.7381686510760084
IXMtest_O02_s4_w1814603DA-DD56-44EF-98C5-AFF3B636F986,clear,poisson,-6.0,50,1,0.5981351935933799,0.8010739199911338,0.7466666666666667,28,15,4,43,32,11,0.34375,0.7447054537390505
IXMtest_O02_s4_w1814603DA-DD56-44EF-98C5-AFF3B636F986,clear,poisson,-6.0,50,2,0.5926561151972044,0.8206007748884369,0.7222222222222222,26,14,6,40,32,8,0.25,0.6982493652278497
IXMtest_O02_s4_w1814603DA-DD56-44EF-98C5-AFF3B636F986,clear,poisson,-6.0,50,3,0.5375995331912354,0.7956473091230285,0.6756756756756757,25,17,7,42,32,10,0.3125,0.6835526315789474
IXMtest_O02_s4_w1814603DA-DD56-44EF-98C5-AFF3B636F986,clear,poisson,-6.0,200,0,0.6245281656881644,0.8398827055806348,0.7435897435897436,29,17,3,46,32,14,0.4375,0.7717312748912091
IXMtest_O02_s4_w1814603DA-DD56-44EF-98C5-AFF3B636F986,clear,poisson,-6.0,200,1,0.6254030725559554,0.8410593044718021,0.7435897435897436,29,17,3,46,32,14,0.4375,0.7742739738676763
IXMtest_O02_s4_w1814603DA-DD56-44EF-98C5-AFF3B636F986,clear,poisson,-6.0,200,2,0.6325693839061238,0.8397903889788195,0.7532467532467533,29,16,3,45,32,13,0.40625,0.7698739624961574
IXMtest_O02_s4_w1814603DA-DD56-44EF-98C5-AFF3B636F986,clear,poisson,-6.0,200,3,0.6270178287004992,0.8432308730799817,0.7435897435897436,29,17,3,46,32,14,0.4375,0.7720090293453724
IXMtest_O02_s4_w1814603DA-DD56-44EF-98C5-AFF3B636F986,clear,poisson,6.0,50,0,0.5931702185827475,0.8128628921319133,0.7297297297297297,27,15,5,42,32,10,0.3125,0.7349841598241417
IXMtest_O02_s4_w1814603DA-DD56-44EF-98C5-AFF3B636F986,clear,poisson,6.0,50,1,0.6241538459897867,0.8247747250579325,0.7567567567567568,28,14,4,42,32,10,0.3125,0.7556462972635044
IXMtest_O02_s4_w1814603DA-DD56-44EF-98C5-AFF3B636F986,clear,poisson,6.0,50,2,0.5529466417913387,0.81878637342179,0.6753246753246753,26,19,6,45,32,13,0.40625,0.7212550100200401
IXMtest_O02_s4_w1814603DA-DD56-44EF-98C5-AFF3B636F986,clear,poisson,6.0,50,3,0.5794019574603892,0.8154546067961034,0.7105263157894737,27,17,5,44,32,12,0.375,0.7478358698709334
IXMtest_O02_s4_w1814603DA-DD56-44EF-98C5-AFF3B636F986,clear,poisson,6.0,200,0,0.6123302452842377,0.8340360237492204,0.7341772151898734,29,18,3,47,32,15,0.46875,0.7669145038875922
IXMtest_O02_s4_w1814603DA-DD56-44EF-98C5-AFF3B636F986,clear,poisson,6.0,200,1,0.5831502830851722,0.8330718329788175,0.7,28,20,4,48,32,16,0.5,0.7730223279367758
IXMtest_O02_s4_w1814603DA-DD56-44EF-98C5-AFF3B636F986,clear,poisson,6.0,200,2,0.6323762257149494,0.8395339548284674,0.7532467532467533,29,16,3,45,32,13,0.40625,0.7714695760867888
IXMtest_O02_s4_w1814603DA-DD56-44EF-98C5-AFF3B636F986,clear,poisson,6.0,200,3,0.614684838693919,0.8372431423589586,0.7341772151898734,29,18,3,47,32,15,0.46875,0.7684880538728821
IXMtest_O02_s4_w1814603DA-DD56-44EF-98C5-AFF3B636F986,cubic,deterministic,-6.0,100,-1,0.5441897353093725,0.8162846029640588,0.6666666666666666,24,16,8,40,32,8,0.25,0.6592944242762729
IXMtest_O02_s4_w1814603DA-DD56-44EF-98C5-AFF3B636F986,cubic,deterministic,-4.0,100,-1,0.5885096783772218,0.8500695354337648,0.6923076923076923,27,19,5,46,32,14,0.4375,0.7461330554560552
IXMtest_O02_s4_w1814603DA-DD56-44EF-98C5-AFF3B636F986,cubic,deterministic,-2.0,100,-1,0.624024325106631,0.8499641669555835,0.7341772151898734,29,18,3,47,32,15,0.46875,0.7737511931275851
IXMtest_O02_s4_w1814603DA-DD56-44EF-98C5-AFF3B636F986,cubic,deterministic,0.0,100,-1,0.6403254460573621,0.8537672614098161,0.75,30,18,2,48,32,16,0.5,0.7775610220297854
IXMtest_O02_s4_w1814603DA-DD56-44EF-98C5-AFF3B636F986,cubic,deterministic,2.0,100,-1,0.624024325106631,0.8499641669555835,0.7341772151898734,29,18,3,47,32,15,0.46875,0.7737511931275851
IXMtest_O02_s4_w1814603DA-DD56-44EF-98C5-AFF3B636F986,cubic,deterministic,4.0,100,-1,0.5885096783772218,0.8500695354337648,0.6923076923076923,27,19,5,46,32,14,0.4375,0.7461330554560552
IXMtest_O02_s4_w1814603DA-DD56-44EF-98C5-AFF3B636F986,cubic,deterministic,6.0,100,-1,0.5441897353093725,0.8162846029640588,0.6666666666666666,24,16,8,40,32,8,0.25,0.6592944242762729
IXMtest_O02_s4_w1814603DA-DD56-44EF-98C5-AFF3B636F986,cubic,poisson,-6.0,50,0,0.6172214647230906,0.8266358902541392,0.7466666666666667,28,15,4,43,32,11,0.34375,0.7381686510760084
IXMtest_O02_s4_w1814603DA-DD56-44EF-98C5-AFF3B636F986,cubic,poisson,-6.0,50,1,0.5981351935933799,0.8010739199911338,0.7466666666666667,28,15,4,43,32,11,0.34375,0.7447054537390505
IXMtest_O02_s4_w1814603DA-DD56-44EF-98C5-AFF3B636F986,cubic,poisson,-6.0,50,2,0.5926561151972044,0.8206007748884369,0.7222222222222222,26,14,6,40,32,8,0.25,0.6982493652278497
IXMtest_O02_s4_w1814603DA-DD56-44EF-98C5-AFF3B636F986,cubic,poisson,-6.0,50,3,0.5375995331912354,0.7956473091230285,0.6756756756756757,25,17,7,42,32,10,0.3125,0.6835526315789474
IXMtest_O02_s4_w1814603DA-DD56-44EF-98C5-AFF3B636F986,cubic,poisson,-6.0,200,0,0.6245281656881644,0.8398827055806348,0.7435897435897436,29,17,3,46,32,14,0.4375,0.7717312748912091
IXMtest_O02_s4_w1814603DA-DD56-44EF-98C5-AFF3B636F986,cubic,poisson,-6.0,200,1,0.6254030725559554,0.8410593044718021,0.7435897435897436,29,17,3,46,32,14,0.4375,0.7742739738676763
IXMtest_O02_s4_w1814603DA-DD56-44EF-98C5-AFF3B636F986,cubic,poisson,-6.0,200,2,0.6325693839061238,0.8397903889788195,0.7532467532467533,29,16,3,45,32,13,0.40625,0.7698739624961574
IXMtest_O02_s4_w1814603DA-DD56-44EF-98C5-AFF3B636F986,cubic,poisson,-6.0,200,3,0.6270178287004992,0.8432308730799817,0.7435897435897436,29,17,3,46,32,14,0.4375,0.7720090293453724
IXMtest_O02_s4_w1814603DA-DD56-44EF-98C5-AFF3B636F986,cubic,poisson,6.0,50,0,0.5931702185827475,0.8128628921319133,0.7297297297297297,27,15,5,42,32,10,0.3125,0.7349841598241417
IXMtest_O02_s4_w1814603DA-DD56-44EF-98C5-AFF3B636F986,cubic,poisson,6.0,50,1,0.6241538459897867,0.8247747250579325,0.7567567567567568,28,14,4,42,32,10,0.3125,0.7556462972635044
IXMtest_O02_s4_w1814603DA-DD56-44EF-98C5-AFF3B636F986,cubic,poisson,6.0,50,2,0.5529466417913387,0.81878637342179,0.6753246753246753,26,19,6,45,32,13,0.40625,0.7212550100200401
IXMtest_O02_s4_w1814603DA-DD56-44EF-98C5-AFF3B636F986,cubic,poisson,6.0,50,3,0.5794019574603892,0.8154546067961034,0.7105263157894737,27,17,5,44,32,12,0.375,0.7478358698709334
IXMtest_O02_s4_w1814603DA-DD56-44EF-98C5-AFF3B636F986,cubic,poisson,6.0,200,0,0.6123302452842377,0.8340360237492204,0.7341772151898734,29,18,3,47,32,15,0.46875,0.7669145038875922
IXMtest_O02_s4_w1814603DA-DD56-44EF-98C5-AFF3B636F986,cubic,poisson,6.0,200,1,0.5831502830851722,0.8330718329788175,0.7,28,20,4,48,32,16,0.5,0.7730223279367758
IXMtest_O02_s4_w1814603DA-DD56-44EF-98C5-AFF3B636F986,cubic,poisson,6.0,200,2,0.6323762257149494,0.8395339548284674,0.7532467532467533,29,16,3,45,32,13,0.40625,0.7714695760867888
IXMtest_O02_s4_w1814603DA-DD56-44EF-98C5-AFF3B636F986,cubic,poisson,6.0,200,3,0.614684838693919,0.8372431423589586,0.7341772151898734,29,18,3,47,32,15,0.46875,0.7684880538728821
IXMtest_O02_s4_w1814603DA-DD56-44EF-98C5-AFF3B636F986,image_fidelity,deterministic,-6.0,100,-1,0.5543600170178156,0.8199908585055189,0.676056338028169,24,15,8,39,32,7,0.21875,0.6569609412816025
IXMtest_O02_s4_w1814603DA-DD56-44EF-98C5-AFF3B636F986,image_fidelity,deterministic,-4.0,100,-1,0.5878693453717433,0.849144609981407,0.6923076923076923,27,19,5,46,32,14,0.4375,0.7457660239708181
IXMtest_O02_s4_w1814603DA-DD56-44EF-98C5-AFF3B636F986,image_fidelity,deterministic,-2.0,100,-1,0.6239995749558582,0.8499304555433241,0.7341772151898734,29,18,3,47,32,15,0.46875,0.7739153952622619
IXMtest_O02_s4_w1814603DA-DD56-44EF-98C5-AFF3B636F986,image_fidelity,deterministic,0.0,100,-1,0.6403997306566653,0.8538663075422205,0.75,30,18,2,48,32,16,0.5,0.7776297424184748
IXMtest_O02_s4_w1814603DA-DD56-44EF-98C5-AFF3B636F986,image_fidelity,deterministic,2.0,100,-1,0.6240763666952163,0.8500350511883118,0.7341772151898734,29,18,3,47,32,15,0.46875,0.7738856542903503
IXMtest_O02_s4_w1814603DA-DD56-44EF-98C5-AFF3B636F986,image_fidelity,deterministic,4.0,100,-1,0.5882677529992494,0.8497200876655825,0.6923076923076923,27,19,5,46,32,14,0.4375,0.7460562944633468
IXMtest_O02_s4_w1814603DA-DD56-44EF-98C5-AFF3B636F986,image_fidelity,deterministic,6.0,100,-1,0.5462419155602478,0.8193628733403718,0.6666666666666666,24,16,8,40,32,8,0.25,0.6488715437575936
IXMtest_O02_s4_w1814603DA-DD56-44EF-98C5-AFF3B636F986,image_fidelity,poisson,-6.0,50,0,0.5495953630116815,0.8138239029211438,0.6753246753246753,26,19,6,45,32,13,0.40625,0.7221878715814507
IXMtest_O02_s4_w1814603DA-DD56-44EF-98C5-AFF3B636F986,image_fidelity,poisson,-6.0,50,1,0.6068422986081691,0.8235716909682295,0.7368421052631579,28,16,4,44,32,12,0.375,0.7468265711393194
IXMtest_O02_s4_w1814603DA-DD56-44EF-98C5-AFF3B636F986,image_fidelity,poisson,-6.0,50,2,0.5905171855470686,0.8119611301272193,0.7272727272727273,28,17,4,45,32,13,0.40625,0.7253591765559173
IXMtest_O02_s4_w1814603DA-DD56-44EF-98C5-AFF3B636F986,image_fidelity,poisson,-6.0,50,3,0.5953350082795459,0.8079546540936694,0.7368421052631579,28,16,4,44,32,12,0.375,0.7425554181333841
IXMtest_O02_s4_w1814603DA-DD56-44EF-98C5-AFF3B636F986,image_fidelity,poisson,-6.0,200,0,0.6255506982753836,0.8412578356117227,0.7435897435897436,29,17,3,46,32,14,0.4375,0.7742451263759916
IXMtest_O02_s4_w1814603DA-DD56-44EF-98C5-AFF3B636F986,image_fidelity,poisson,-6.0,200,1,0.5970612189477749,0.842282791015611,0.7088607594936709,28,19,4,47,32,15,0.46875,0.7726858783397904
IXMtest_O02_s4_w1814603DA-DD56-44EF-98C5-AFF3B636F986,image_fidelity,poisson,-6.0,200,2,0.6250889930869068,0.8406369217375642,0.7435897435897436,29,17,3,46,32,14,0.4375,0.7744423277822159
IXMtest_O02_s4_w1814603DA-DD56-44EF-98C5-AFF3B636F986,image_fidelity,poisson,-6.0,200,3,0.615043440334416,0.8377315825244632,0.7341772151898734,29,18,3,47,32,15,0.46875,0.7748074030876891
IXMtest_O02_s4_w1814603DA-DD56-44EF-98C5-AFF3B636F986,image_fidelity,poisson,6.0,50,0,0.5994436039693971,0.8135306053870389,0.7368421052631579,28,16,4,44,32,12,0.375,0.7480884545829499
IXMtest_O02_s4_w1814603DA-DD56-44EF-98C5-AFF3B636F986,image_fidelity,poisson,6.0,50,1,0.5677323787110142,0.820057880360354,0.6923076923076923,27,19,5,46,32,14,0.4375,0.7227167303955369
IXMtest_O02_s4_w1814603DA-DD56-44EF-98C5-AFF3B636F986,image_fidelity,poisson,6.0,50,2,0.5846771667942249,0.8120516205475345,0.72,27,16,5,43,32,11,0.34375,0.7237599910658732
IXMtest_O02_s4_w1814603DA-DD56-44EF-98C5-AFF3B636F986,image_fidelity,poisson,6.0,50,3,0.6023300814006436,0.810030109469831,0.7435897435897436,29,17,3,46,32,14,0.4375,0.7744082610183198
IXMtest_O02_s4_w1814603DA-DD56-44EF-98C5-AFF3B636F986,image_fidelity,poisson,6.0,200,0,0.6237356029360286,0.8388168453277626,0.7435897435897436,29,17,3,46,32,14,0.4375,0.7703776723553694
IXMtest_O02_s4_w1814603DA-DD56-44EF-98C5-AFF3B636F986,image_fidelity,poisson,6.0,200,1,0.6102569185843435,0.8312120097959161,0.7341772151898734,29,18,3,47,32,15,0.46875,0.7726815685667878
IXMtest_O02_s4_w1814603DA-DD56-44EF-98C5-AFF3B636F986,image_fidelity,poisson,6.0,200,2,0.6286459031569821,0.8454203525214588,0.7435897435897436,29,17,3,46,32,14,0.4375,0.7721338822485116
IXMtest_O02_s4_w1814603DA-DD56-44EF-98C5-AFF3B636F986,image_fidelity,poisson,6.0,200,3,0.6167580571280853,0.8294332492412182,0.7435897435897436,29,17,3,46,32,14,0.4375,0.7631607527966114
IXMtest_O02_s4_w1814603DA-DD56-44EF-98C5-AFF3B636F986,exact_task,deterministic,-6.0,100,-1,0.583284653722662,0.8020163988686603,0.7272727272727273,28,17,4,45,32,13,0.40625,0.7343778315952487
IXMtest_O02_s4_w1814603DA-DD56-44EF-98C5-AFF3B636F986,exact_task,deterministic,-4.0,100,-1,0.6173264887937204,0.8408412519776537,0.7341772151898734,29,18,3,47,32,15,0.46875,0.7676996443324455
IXMtest_O02_s4_w1814603DA-DD56-44EF-98C5-AFF3B636F986,exact_task,deterministic,-2.0,100,-1,0.6346746965108588,0.8644707073165147,0.7341772151898734,29,18,3,47,32,15,0.46875,0.7791535701812871
IXMtest_O02_s4_w1814603DA-DD56-44EF-98C5-AFF3B636F986,exact_task,deterministic,0.0,100,-1,0.6410271616079025,0.8731232028797293,0.7341772151898734,29,18,3,47,32,15,0.46875,0.7833962503568823
IXMtest_O02_s4_w1814603DA-DD56-44EF-98C5-AFF3B636F986,exact_task,deterministic,2.0,100,-1,0.6351912706774135,0.8651743169571667,0.7341772151898734,29,18,3,47,32,15,0.46875,0.7799442013822839
IXMtest_O02_s4_w1814603DA-DD56-44EF-98C5-AFF3B636F986,exact_task,deterministic,4.0,100,-1,0.6173374131320316,0.8408561316798362,0.7341772151898734,29,18,3,47,32,15,0.46875,0.7681574923547401
IXMtest_O02_s4_w1814603DA-DD56-44EF-98C5-AFF3B636F986,exact_task,deterministic,6.0,100,-1,0.5809478255213874,0.7988032600919076,0.7272727272727273,28,17,4,45,32,13,0.40625,0.7327424297340934
IXMtest_O02_s4_w1814603DA-DD56-44EF-98C5-AFF3B636F986,exact_task,poisson,-6.0,50,0,0.608999468963263,0.8264992793072855,0.7368421052631579,28,16,4,44,32,12,0.375,0.7390738854501293
IXMtest_O02_s4_w1814603DA-DD56-44EF-98C5-AFF3B636F986,exact_task,poisson,-6.0,50,1,0.5987920271480697,0.8126463225580945,0.7368421052631579,28,16,4,44,32,12,0.375,0.7292040456645655
IXMtest_O02_s4_w1814603DA-DD56-44EF-98C5-AFF3B636F986,exact_task,poisson,-6.0,50,2,0.6160393280333433,0.8140519691869178,0.7567567567567568,28,14,4,42,32,10,0.3125,0.741354443767828
IXMtest_O02_s4_w1814603DA-DD56-44EF-98C5-AFF3B636F986,exact_task,poisson,-6.0,50,3,0.5654468036683317,0.8255523333557642,0.684931506849315,25,16,7,41,32,9,0.28125,0.7026161062297681
IXMtest_O02_s4_w1814603DA-DD56-44EF-98C5-AFF3B636F986,exact_task,poisson,-6.0,200,0,0.6131842728579148,0.8246271255675406,0.7435897435897436,29,17,3,46,32,14,0.4375,0.7648557008703261
IXMtest_O02_s4_w1814603DA-DD56-44EF-98C5-AFF3B636F986,exact_task,poisson,-6.0,200,1,0.6199454821664054,0.8337197863617177,0.7435897435897436,29,17,3,46,32,14,0.4375,0.7697845075011248
IXMtest_O02_s4_w1814603DA-DD56-44EF-98C5-AFF3B636F986,exact_task,poisson,-6.0,200,2,0.6163898410656928,0.8289380621228283,0.7435897435897436,29,17,3,46,32,14,0.4375,0.7657572322551592
IXMtest_O02_s4_w1814603DA-DD56-44EF-98C5-AFF3B636F986,exact_task,poisson,-6.0,200,3,0.6024797376527067,0.8284096392724717,0.7272727272727273,28,17,4,45,32,13,0.40625,0.7414087715967344
IXMtest_O02_s4_w1814603DA-DD56-44EF-98C5-AFF3B636F986,exact_task,poisson,6.0,50,0,0.5741397358960613,0.8170450087751641,0.7027027027027027,26,16,6,42,32,10,0.3125,0.7101553792696519
IXMtest_O02_s4_w1814603DA-DD56-44EF-98C5-AFF3B636F986,exact_task,poisson,6.0,50,1,0.5764693160086538,0.822002543197525,0.7012987012987013,27,18,5,45,32,13,0.40625,0.752306983688315
IXMtest_O02_s4_w1814603DA-DD56-44EF-98C5-AFF3B636F986,exact_task,poisson,6.0,50,2,0.6008088592292594,0.8153834518111377,0.7368421052631579,28,16,4,44,32,12,0.375,0.7504321659517255
IXMtest_O02_s4_w1814603DA-DD56-44EF-98C5-AFF3B636F986,exact_task,poisson,6.0,50,3,0.5619258329128584,0.8012646135979646,0.7012987012987013,27,18,5,45,32,13,0.40625,0.7212612497606434
IXMtest_O02_s4_w1814603DA-DD56-44EF-98C5-AFF3B636F986,exact_task,poisson,6.0,200,0,0.6049122280507906,0.8317543135698371,0.7272727272727273,28,17,4,45,32,13,0.40625,0.7463912946924273
IXMtest_O02_s4_w1814603DA-DD56-44EF-98C5-AFF3B636F986,exact_task,poisson,6.0,200,1,0.6174703514509154,0.8303911622960587,0.7435897435897436,29,17,3,46,32,14,0.4375,0.7655772613646884
IXMtest_O02_s4_w1814603DA-DD56-44EF-98C5-AFF3B636F986,exact_task,poisson,6.0,200,2,0.6112925615129289,0.829611333481832,0.7368421052631579,28,16,4,44,32,12,0.375,0.7427512120924042
IXMtest_O02_s4_w1814603DA-DD56-44EF-98C5-AFF3B636F986,exact_task,poisson,6.0,200,3,0.6046350957194817,0.8313732566142873,0.7272727272727273,28,17,4,45,32,13,0.40625,0.7491134610797487
IXMtest_O02_s4_w1814603DA-DD56-44EF-98C5-AFF3B636F986,surrogate,deterministic,-6.0,100,-1,0.5228366493688315,0.8169322646387992,0.64,24,19,8,43,32,11,0.34375,0.6904200846902074
IXMtest_O02_s4_w1814603DA-DD56-44EF-98C5-AFF3B636F986,surrogate,deterministic,-4.0,100,-1,0.58375409189195,0.843200354955039,0.6923076923076923,27,19,5,46,32,14,0.4375,0.7428869746802401
IXMtest_O02_s4_w1814603DA-DD56-44EF-98C5-AFF3B636F986,surrogate,deterministic,-2.0,100,-1,0.624721623469617,0.8509139354155127,0.7341772151898734,29,18,3,47,32,15,0.46875,0.7742541172726549
IXMtest_O02_s4_w1814603DA-DD56-44EF-98C5-AFF3B636F986,surrogate,deterministic,0.0,100,-1,0.642467593691633,0.8566234582555107,0.75,30,18,2,48,32,16,0.5,0.7789961438976784
IXMtest_O02_s4_w1814603DA-DD56-44EF-98C5-AFF3B636F986,surrogate,deterministic,2.0,100,-1,0.6253864649805062,0.8518194954044825,0.7341772151898734,29,18,3,47,32,15,0.46875,0.7746234712215914
IXMtest_O02_s4_w1814603DA-DD56-44EF-98C5-AFF3B636F986,surrogate,deterministic,4.0,100,-1,0.584379070450993,0.8441031017625454,0.6923076923076923,27,19,5,46,32,14,0.4375,0.7428599421937001
IXMtest_O02_s4_w1814603DA-DD56-44EF-98C5-AFF3B636F986,surrogate,deterministic,6.0,100,-1,0.5226521463265486,0.8166439786352321,0.64,24,19,8,43,32,11,0.34375,0.6902162353775257
IXMtest_O02_s4_w1814603DA-DD56-44EF-98C5-AFF3B636F986,surrogate,poisson,-6.0,50,0,0.564644892111898,0.8051417906040027,0.7012987012987013,27,18,5,45,32,13,0.40625,0.7223577171809356
IXMtest_O02_s4_w1814603DA-DD56-44EF-98C5-AFF3B636F986,surrogate,poisson,-6.0,50,1,0.5887403764644557,0.8067923677475874,0.7297297297297297,27,15,5,42,32,10,0.3125,0.7120234411009416
IXMtest_O02_s4_w1814603DA-DD56-44EF-98C5-AFF3B636F986,surrogate,poisson,-6.0,50,2,0.6022232252913335,0.817302948609667,0.7368421052631579,28,16,4,44,32,12,0.375,0.7362847844028839
IXMtest_O02_s4_w1814603DA-DD56-44EF-98C5-AFF3B636F986,surrogate,poisson,-6.0,50,3,0.5970210453842584,0.8181399510821318,0.7297297297297297,27,15,5,42,32,10,0.3125,0.7244845360824742
IXMtest_O02_s4_w1814603DA-DD56-44EF-98C5-AFF3B636F986,surrogate,poisson,-6.0,200,0,0.6197606518544926,0.83347122145949,0.7435897435897436,29,17,3,46,32,14,0.4375,0.7701455558996594
IXMtest_O02_s4_w1814603DA-DD56-44EF-98C5-AFF3B636F986,surrogate,poisson,-6.0,200,1,0.6218185484861007,0.836238737619239,0.7435897435897436,29,17,3,46,32,14,0.4375,0.7682686279606722
IXMtest_O02_s4_w1814603DA-DD56-44EF-98C5-AFF3B636F986,surrogate,poisson,-6.0,200,2,0.6324933759166201,0.8396894818203406,0.7532467532467533,29,16,3,45,32,13,0.40625,0.7721935035876861
IXMtest_O02_s4_w1814603DA-DD56-44EF-98C5-AFF3B636F986,surrogate,poisson,-6.0,200,3,0.6090688144784967,0.8374696199079329,0.7272727272727273,28,17,4,45,32,13,0.40625,0.74586017282011
IXMtest_O02_s4_w1814603DA-DD56-44EF-98C5-AFF3B636F986,surrogate,poisson,6.0,50,0,0.5944876023855762,0.8174204532801673,0.7272727272727273,28,17,4,45,32,13,0.40625,0.7378190255220418
IXMtest_O02_s4_w1814603DA-DD56-44EF-98C5-AFF3B636F986,surrogate,poisson,6.0,50,1,0.5574504125103887,0.8063122038096694,0.691358024691358,28,21,4,49,32,17,0.53125,0.7419334975369458
IXMtest_O02_s4_w1814603DA-DD56-44EF-98C5-AFF3B636F986,surrogate,poisson,6.0,50,2,0.5611042450011282,0.8092849687516271,0.6933333333333334,26,17,6,43,32,11,0.34375,0.702079119812313
IXMtest_O02_s4_w1814603DA-DD56-44EF-98C5-AFF3B636F986,surrogate,poisson,6.0,50,3,0.5319573769107173,0.8286259140340021,0.6419753086419753,26,23,6,49,32,17,0.53125,0.7617628273365978
IXMtest_O02_s4_w1814603DA-DD56-44EF-98C5-AFF3B636F986,surrogate,poisson,6.0,200,0,0.6242860995700783,0.8395571683873467,0.7435897435897436,29,17,3,46,32,14,0.4375,0.7702909647779479
IXMtest_O02_s4_w1814603DA-DD56-44EF-98C5-AFF3B636F986,surrogate,poisson,6.0,200,1,0.5922500263981713,0.835495572954563,0.7088607594936709,28,19,4,47,32,15,0.46875,0.7712000494101662
IXMtest_O02_s4_w1814603DA-DD56-44EF-98C5-AFF3B636F986,surrogate,poisson,6.0,200,2,0.5999758625723637,0.8356806657257924,0.717948717948718,28,18,4,46,32,14,0.4375,0.7743802420228405
IXMtest_O02_s4_w1814603DA-DD56-44EF-98C5-AFF3B636F986,surrogate,poisson,6.0,200,3,0.5998059711457611,0.8354440312387387,0.717948717948718,28,18,4,46,32,14,0.4375,0.7581210635723372
IXMtest_O04_s2_w19A18B0D8-8E8B-4572-A5C0-5C678F3AD54C,clear,deterministic,-6.0,100,-1,0.704803168659402,0.8222703634359689,0.8571428571428571,48,8,8,56,56,0,0.0,0.8034545238126728
IXMtest_O04_s2_w19A18B0D8-8E8B-4572-A5C0-5C678F3AD54C,clear,deterministic,-4.0,100,-1,0.7237138874767911,0.8350544855501436,0.8666666666666667,52,12,4,64,56,8,0.14285714285714285,0.8637732983908496
IXMtest_O04_s2_w19A18B0D8-8E8B-4572-A5C0-5C678F3AD54C,clear,deterministic,-2.0,100,-1,0.7479502614979151,0.8396800105495462,0.8907563025210085,53,10,3,63,56,7,0.125,0.8770196287888904
IXMtest_O04_s2_w19A18B0D8-8E8B-4572-A5C0-5C678F3AD54C,clear,deterministic,0.0,100,-1,0.7425592967420892,0.8406331661231199,0.8833333333333333,53,11,3,64,56,8,0.14285714285714285,0.8775492872308159
IXMtest_O04_s2_w19A18B0D8-8E8B-4572-A5C0-5C678F3AD54C,clear,deterministic,2.0,100,-1,0.7479502614979151,0.8396800105495462,0.8907563025210085,53,10,3,63,56,7,0.125,0.8770196287888904
IXMtest_O04_s2_w19A18B0D8-8E8B-4572-A5C0-5C678F3AD54C,clear,deterministic,4.0,100,-1,0.7237138874767911,0.8350544855501436,0.8666666666666667,52,12,4,64,56,8,0.14285714285714285,0.8637732983908496
IXMtest_O04_s2_w19A18B0D8-8E8B-4572-A5C0-5C678F3AD54C,clear,deterministic,6.0,100,-1,0.704803168659402,0.8222703634359689,0.8571428571428571,48,8,8,56,56,0,0.0,0.8034545238126728
IXMtest_O04_s2_w19A18B0D8-8E8B-4572-A5C0-5C678F3AD54C,clear,poisson,-6.0,50,0,0.7287099092049215,0.8029303629202376,0.907563025210084,54,9,2,63,56,7,0.125,0.8563013809816449
IXMtest_O04_s2_w19A18B0D8-8E8B-4572-A5C0-5C678F3AD54C,clear,poisson,-6.0,50,1,0.7395871539284601,0.8149154751619143,0.907563025210084,54,9,2,63,56,7,0.125,0.8639486415647696
IXMtest_O04_s2_w19A18B0D8-8E8B-4572-A5C0-5C678F3AD54C,clear,poisson,-6.0,50,2,0.7221330132559444,0.809056431518234,0.8925619834710744,54,11,2,65,56,9,0.16071428571428573,0.8573570975370595
IXMtest_O04_s2_w19A18B0D8-8E8B-4572-A5C0-5C678F3AD54C,clear,poisson,-6.0,50,3,0.7151029041098177,0.8011801055304439,0.8925619834710744,54,11,2,65,56,9,0.16071428571428573,0.8610523150236534
IXMtest_O04_s2_w19A18B0D8-8E8B-4572-A5C0-5C678F3AD54C,clear,poisson,-6.0,200,0,0.7627572396885044,0.8333829100300326,0.9152542372881356,54,8,2,62,56,6,0.10714285714285714,0.8748235349021712
IXMtest_O04_s2_w19A18B0D8-8E8B-4572-A5C0-5C678F3AD54C,clear,poisson,-6.0,200,1,0.7578428016086062,0.8350304943650383,0.907563025210084,54,9,2,63,56,7,0.125,0.8710585061854711
IXMtest_O04_s2_w19A18B0D8-8E8B-4572-A5C0-5C678F3AD54C,clear,poisson,-6.0,200,2,0.7681048697958089,0.8392256910731987,0.9152542372881356,54,8,2,62,56,6,0.10714285714285714,0.8709139465183268
IXMtest_O04_s2_w19A18B0D8-8E8B-4572-A5C0-5C678F3AD54C,clear,poisson,-6.0,200,3,0.762344431974964,0.8329318793800533,0.9152542372881356,54,8,2,62,56,6,0.10714285714285714,0.867317164266206
IXMtest_O04_s2_w19A18B0D8-8E8B-4572-A5C0-5C678F3AD54C,clear,poisson,6.0,50,0,0.734460790132545,0.809266981720119,0.907563025210084,54,9,2,63,56,7,0.125,0.8636536708627075
IXMtest_O04_s2_w19A18B0D8-8E8B-4572-A5C0-5C678F3AD54C,clear,poisson,6.0,50,1,0.718419669405274,0.8220378909541116,0.8739495798319328,52,11,4,63,56,7,0.125,0.8622845672888355
IXMtest_O04_s2_w19A18B0D8-8E8B-4572-A5C0-5C678F3AD54C,clear,poisson,6.0,50,2,0.7310726854252418,0.8123029838058243,0.9,54,10,2,64,56,8,0.14285714285714285,0.8557951793334102
IXMtest_O04_s2_w19A18B0D8-8E8B-4572-A5C0-5C678F3AD54C,clear,poisson,6.0,50,3,0.7366234515167462,0.8200147856507175,0.8983050847457628,53,9,3,62,56,6,0.10714285714285714,0.8569656028124354
IXMtest_O04_s2_w19A18B0D8-8E8B-4572-A5C0-5C678F3AD54C,clear,poisson,6.0,200,0,0.7530725126774289,0.8297743426723522,0.907563025210084,54,9,2,63,56,7,0.125,0.8751079875785099
IXMtest_O04_s2_w19A18B0D8-8E8B-4572-A5C0-5C678F3AD54C,clear,poisson,6.0,200,1,0.745597652264958,0.837038873769151,0.8907563025210085,53,10,3,63,56,7,0.125,0.8743650207064841
IXMtest_O04_s2_w19A18B0D8-8E8B-4572-A5C0-5C678F3AD54C,clear,poisson,6.0,200,2,0.7601288301448474,0.8305111292323333,0.9152542372881356,54,8,2,62,56,6,0.10714285714285714,0.8732555827201797
IXMtest_O04_s2_w19A18B0D8-8E8B-4572-A5C0-5C678F3AD54C,clear,poisson,6.0,200,3,0.7494238287851208,0.8257540335687905,0.907563025210084,54,9,2,63,56,7,0.125,0.8723528860569715
IXMtest_O04_s2_w19A18B0D8-8E8B-4572-A5C0-5C678F3AD54C,cubic,deterministic,-6.0,100,-1,0.704803168659402,0.8222703634359689,0.8571428571428571,48,8,8,56,56,0,0.0,0.8034545238126728
IXMtest_O04_s2_w19A18B0D8-8E8B-4572-A5C0-5C678F3AD54C,cubic,deterministic,-4.0,100,-1,0.7237138874767911,0.8350544855501436,0.8666666666666667,52,12,4,64,56,8,0.14285714285714285,0.8637732983908496
IXMtest_O04_s2_w19A18B0D8-8E8B-4572-A5C0-5C678F3AD54C,cubic,deterministic,-2.0,100,-1,0.7479502614979151,0.8396800105495462,0.8907563025210085,53,10,3,63,56,7,0.125,0.8770196287888904
IXMtest_O04_s2_w19A18B0D8-8E8B-4572-A5C0-5C678F3AD54C,cubic,deterministic,0.0,100,-1,0.7425592967420892,0.8406331661231199,0.8833333333333333,53,11,3,64,56,8,0.14285714285714285,0.8775492872308159
IXMtest_O04_s2_w19A18B0D8-8E8B-4572-A5C0-5C678F3AD54C,cubic,deterministic,2.0,100,-1,0.7479502614979151,0.8396800105495462,0.8907563025210085,53,10,3,63,56,7,0.125,0.8770196287888904
IXMtest_O04_s2_w19A18B0D8-8E8B-4572-A5C0-5C678F3AD54C,cubic,deterministic,4.0,100,-1,0.7237138874767911,0.8350544855501436,0.8666666666666667,52,12,4,64,56,8,0.14285714285714285,0.8637732983908496
IXMtest_O04_s2_w19A18B0D8-8E8B-4572-A5C0-5C678F3AD54C,cubic,deterministic,6.0,100,-1,0.704803168659402,0.8222703634359689,0.8571428571428571,48,8,8,56,56,0,0.0,0.8034545238126728
IXMtest_O04_s2_w19A18B0D8-8E8B-4572-A5C0-5C678F3AD54C,cubic,poisson,-6.0,50,0,0.7287099092049215,0.8029303629202376,0.907563025210084,54,9,2,63,56,7,0.125,0.8563013809816449
IXMtest_O04_s2_w19A18B0D8-8E8B-4572-A5C0-5C678F3AD54C,cubic,poisson,-6.0,50,1,0.7395871539284601,0.8149154751619143,0.907563025210084,54,9,2,63,56,7,0.125,0.8639486415647696
IXMtest_O04_s2_w19A18B0D8-8E8B-4572-A5C0-5C678F3AD54C,cubic,poisson,-6.0,50,2,0.7221330132559444,0.809056431518234,0.8925619834710744,54,11,2,65,56,9,0.16071428571428573,0.8573570975370595
IXMtest_O04_s2_w19A18B0D8-8E8B-4572-A5C0-5C678F3AD54C,cubic,poisson,-6.0,50,3,0.7151029041098177,0.8011801055304439,0.8925619834710744,54,11,2,65,56,9,0.16071428571428573,0.8610523150236534
IXMtest_O04_s2_w19A18B0D8-8E8B-4572-A5C0-5C678F3AD54C,cubic,poisson,-6.0,200,0,0.7627572396885044,0.8333829100300326,0.9152542372881356,54,8,2,62,56,6,0.10714285714285714,0.8748235349021712
IXMtest_O04_s2_w19A18B0D8-8E8B-4572-A5C0-5C678F3AD54C,cubic,poisson,-6.0,200,1,0.7578428016086062,0.8350304943650383,0.907563025210084,54,9,2,63,56,7,0.125,0.8710585061854711
IXMtest_O04_s2_w19A18B0D8-8E8B-4572-A5C0-5C678F3AD54C,cubic,poisson,-6.0,200,2,0.7681048697958089,0.8392256910731987,0.9152542372881356,54,8,2,62,56,6,0.10714285714285714,0.8709139465183268
IXMtest_O04_s2_w19A18B0D8-8E8B-4572-A5C0-5C678F3AD54C,cubic,poisson,-6.0,200,3,0.762344431974964,0.8329318793800533,0.9152542372881356,54,8,2,62,56,6,0.10714285714285714,0.867317164266206
IXMtest_O04_s2_w19A18B0D8-8E8B-4572-A5C0-5C678F3AD54C,cubic,poisson,6.0,50,0,0.734460790132545,0.809266981720119,0.907563025210084,54,9,2,63,56,7,0.125,0.8636536708627075
IXMtest_O04_s2_w19A18B0D8-8E8B-4572-A5C0-5C678F3AD54C,cubic,poisson,6.0,50,1,0.718419669405274,0.8220378909541116,0.8739495798319328,52,11,4,63,56,7,0.125,0.8622845672888355
IXMtest_O04_s2_w19A18B0D8-8E8B-4572-A5C0-5C678F3AD54C,cubic,poisson,6.0,50,2,0.7310726854252418,0.8123029838058243,0.9,54,10,2,64,56,8,0.14285714285714285,0.8557951793334102
IXMtest_O04_s2_w19A18B0D8-8E8B-4572-A5C0-5C678F3AD54C,cubic,poisson,6.0,50,3,0.7366234515167462,0.8200147856507175,0.8983050847457628,53,9,3,62,56,6,0.10714285714285714,0.8569656028124354
IXMtest_O04_s2_w19A18B0D8-8E8B-4572-A5C0-5C678F3AD54C,cubic,poisson,6.0,200,0,0.7530725126774289,0.8297743426723522,0.907563025210084,54,9,2,63,56,7,0.125,0.8751079875785099
IXMtest_O04_s2_w19A18B0D8-8E8B-4572-A5C0-5C678F3AD54C,cubic,poisson,6.0,200,1,0.745597652264958,0.837038873769151,0.8907563025210085,53,10,3,63,56,7,0.125,0.8743650207064841
IXMtest_O04_s2_w19A18B0D8-8E8B-4572-A5C0-5C678F3AD54C,cubic,poisson,6.0,200,2,0.7601288301448474,0.8305111292323333,0.9152542372881356,54,8,2,62,56,6,0.10714285714285714,0.8732555827201797
IXMtest_O04_s2_w19A18B0D8-8E8B-4572-A5C0-5C678F3AD54C,cubic,poisson,6.0,200,3,0.7494238287851208,0.8257540335687905,0.907563025210084,54,9,2,63,56,7,0.125,0.8723528860569715
IXMtest_O04_s2_w19A18B0D8-8E8B-4572-A5C0-5C678F3AD54C,image_fidelity,deterministic,-6.0,100,-1,0.7060399376202413,0.8237132605569482,0.8571428571428571,48,8,8,56,56,0,0.0,0.8042360220526991
IXMtest_O04_s2_w19A18B0D8-8E8B-4572-A5C0-5C678F3AD54C,image_fidelity,deterministic,-4.0,100,-1,0.7301902725973669,0.8355061772989102,0.8739495798319328,52,11,4,63,56,7,0.125,0.8681449778007355
IXMtest_O04_s2_w19A18B0D8-8E8B-4572-A5C0-5C678F3AD54C,image_fidelity,deterministic,-2.0,100,-1,0.7482734390108665,0.840042823040501,0.8907563025210085,53,10,3,63,56,7,0.125,0.8771576315214489
IXMtest_O04_s2_w19A18B0D8-8E8B-4572-A5C0-5C678F3AD54C,image_fidelity,deterministic,0.0,100,-1,0.7427407716903824,0.8408386094608103,0.8833333333333333,53,11,3,64,56,8,0.14285714285714285,0.8776948741279952
IXMtest_O04_s2_w19A18B0D8-8E8B-4572-A5C0-5C678F3AD54C,image_fidelity,deterministic,2.0,100,-1,0.7484590946995185,0.8402512478230444,0.8907563025210085,53,10,3,63,56,7,0.125,0.8772547401131315
IXMtest_O04_s2_w19A18B0D8-8E8B-4572-A5C0-5C678F3AD54C,image_fidelity,deterministic,4.0,100,-1,0.7299316386813607,0.8352102404142492,0.8739495798319328,52,11,4,63,56,7,0.125,0.8677355449187267
IXMtest_O04_s2_w19A18B0D8-8E8B-4572-A5C0-5C678F3AD54C,image_fidelity,deterministic,6.0,100,-1,0.7090673775844596,0.8175980986433055,0.8672566371681416,49,8,7,57,56,1,0.017857142857142856,0.8104868913857678
IXMtest_O04_s2_w19A18B0D8-8E8B-4572-A5C0-5C678F3AD54C,image_fidelity,poisson,-6.0,50,0,0.7352496228862989,0.8101361585506441,0.907563025210084,54,9,2,63,56,7,0.125,0.8621100482343007
IXMtest_O04_s2_w19A18B0D8-8E8B-4572-A5C0-5C678F3AD54C,image_fidelity,poisson,-6.0,50,1,0.7446297412517477,0.8135769395157985,0.9152542372881356,54,8,2,62,56,6,0.10714285714285714,0.8606682379037849
IXMtest_O04_s2_w19A18B0D8-8E8B-4572-A5C0-5C678F3AD54C,image_fidelity,poisson,-6.0,50,2,0.7260455421223392,0.8150888633260224,0.8907563025210085,53,10,3,63,56,7,0.125,0.8559931014659384
IXMtest_O04_s2_w19A18B0D8-8E8B-4572-A5C0-5C678F3AD54C,image_fidelity,poisson,-6.0,50,3,0.7417382093200864,0.8172856195286137,0.907563025210084,54,9,2,63,56,7,0.125,0.8590113927853396
IXMtest_O04_s2_w19A18B0D8-8E8B-4572-A5C0-5C678F3AD54C,image_fidelity,poisson,-6.0,200,0,0.7694722665097109,0.8335949553855201,0.9230769230769231,54,7,2,61,56,5,0.08928571428571429,0.870978332239002
IXMtest_O04_s2_w19A18B0D8-8E8B-4572-A5C0-5C678F3AD54C,image_fidelity,poisson,-6.0,200,1,0.7602662525764856,0.8391618070891398,0.905982905982906,53,8,3,61,56,5,0.08928571428571429,0.8706814468255181
IXMtest_O04_s2_w19A18B0D8-8E8B-4572-A5C0-5C678F3AD54C,image_fidelity,poisson,-6.0,200,2,0.7542405747952294,0.8310613740799287,0.907563025210084,54,9,2,63,56,7,0.125,0.8694915254237288
IXMtest_O04_s2_w19A18B0D8-8E8B-4572-A5C0-5C678F3AD54C,image_fidelity,poisson,-6.0,200,3,0.7637792866685604,0.8344995909897235,0.9152542372881356,54,8,2,62,56,6,0.10714285714285714,0.8752836050123913
IXMtest_O04_s2_w19A18B0D8-8E8B-4572-A5C0-5C678F3AD54C,image_fidelity,poisson,6.0,50,0,0.7498190384792028,0.8192467272272772,0.9152542372881356,54,8,2,62,56,6,0.10714285714285714,0.8583417873282302
IXMtest_O04_s2_w19A18B0D8-8E8B-4572-A5C0-5C678F3AD54C,image_fidelity,poisson,6.0,50,1,0.7459010576298186,0.8233058843649884,0.905982905982906,53,8,3,61,56,5,0.08928571428571429,0.8704790342927907
IXMtest_O04_s2_w19A18B0D8-8E8B-4572-A5C0-5C678F3AD54C,image_fidelity,poisson,6.0,50,2,0.7150562377605303,0.8094976276534306,0.8833333333333333,53,11,3,64,56,8,0.14285714285714285,0.8611165750650853
IXMtest_O04_s2_w19A18B0D8-8E8B-4572-A5C0-5C678F3AD54C,image_fidelity,poisson,6.0,50,3,0.7346026787927493,0.809423322003122,0.907563025210084,54,9,2,63,56,7,0.125,0.8548350032172075
IXMtest_O04_s2_w19A18B0D8-8E8B-4572-A5C0-5C678F3AD54C,image_fidelity,poisson,6.0,200,0,0.762839319773683,0.8334725901230982,0.9152542372881356,54,8,2,62,56,6,0.10714285714285714,0.8737723148961077
IXMtest_O04_s2_w19A18B0D8-8E8B-4572-A5C0-5C678F3AD54C,image_fidelity,poisson,6.0,200,1,0.7585537352476943,0.8287901922150733,0.9152542372881356,54,8,2,62,56,6,0.10714285714285714,0.8703502309536338
IXMtest_O04_s2_w19A18B0D8-8E8B-4572-A5C0-5C678F3AD54C,image_fidelity,poisson,6.0,200,2,0.7590751131024249,0.8363883190665609,0.907563025210084,54,9,2,63,56,7,0.125,0.8711033681765389
IXMtest_O04_s2_w19A18B0D8-8E8B-4572-A5C0-5C678F3AD54C,image_fidelity,poisson,6.0,200,3,0.7371324280475916,0.8344895411859528,0.8833333333333333,53,11,3,64,56,8,0.14285714285714285,0.8683282279773508
IXMtest_O04_s2_w19A18B0D8-8E8B-4572-A5C0-5C678F3AD54C,exact_task,deterministic,-6.0,100,-1,0.7014326193709169,0.8026007856263377,0.8739495798319328,52,11,4,63,56,7,0.125,0.8430938550901865
IXMtest_O04_s2_w19A18B0D8-8E8B-4572-A5C0-5C678F3AD54C,exact_task,deterministic,-4.0,100,-1,0.736912393747178,0.8342404457515223,0.8833333333333333,53,11,3,64,56,8,0.14285714285714285,0.8691951493755365
IXMtest_O04_s2_w19A18B0D8-8E8B-4572-A5C0-5C678F3AD54C,exact_task,deterministic,-2.0,100,-1,0.7620387201076079,0.8554962989887296,0.8907563025210085,53,10,3,63,56,7,0.125,0.885314073101335
IXMtest_O04_s2_w19A18B0D8-8E8B-4572-A5C0-5C678F3AD54C,exact_task,deterministic,0.0,100,-1,0.7690232609358372,0.8633374344468361,0.8907563025210085,53,10,3,63,56,7,0.125,0.8896536628076661
IXMtest_O04_s2_w19A18B0D8-8E8B-4572-A5C0-5C678F3AD54C,exact_task,deterministic,2.0,100,-1,0.760554227642649,0.8538297461271248,0.8907563025210085,53,10,3,63,56,7,0.125,0.8844825909356157
IXMtest_O04_s2_w19A18B0D8-8E8B-4572-A5C0-5C678F3AD54C,exact_task,deterministic,4.0,100,-1,0.7346882263447828,0.8317225203903201,0.8833333333333333,53,11,3,64,56,8,0.14285714285714285,0.8678419423486168
IXMtest_O04_s2_w19A18B0D8-8E8B-4572-A5C0-5C678F3AD54C,exact_task,deterministic,6.0,100,-1,0.6998882002431384,0.8008336137397448,0.8739495798319328,52,11,4,63,56,7,0.125,0.842191432690663
IXMtest_O04_s2_w19A18B0D8-8E8B-4572-A5C0-5C678F3AD54C,exact_task,poisson,-6.0,50,0,0.7172670295969004,0.8120004108644154,0.8833333333333333,53,11,3,64,56,8,0.14285714285714285,0.8551636698939603
IXMtest_O04_s2_w19A18B0D8-8E8B-4572-A5C0-5C678F3AD54C,exact_task,poisson,-6.0,50,1,0.7410014103388816,0.8096126520369261,0.9152542372881356,54,8,2,62,56,6,0.10714285714285714,0.8532165368928439
IXMtest_O04_s2_w19A18B0D8-8E8B-4572-A5C0-5C678F3AD54C,exact_task,poisson,-6.0,50,2,0.7248324008829957,0.8137269406139291,0.8907563025210085,53,10,3,63,56,7,0.125,0.8541841654105925
IXMtest_O04_s2_w19A18B0D8-8E8B-4572-A5C0-5C678F3AD54C,exact_task,poisson,-6.0,50,3,0.7297389667370405,0.8108210741522673,0.9,54,10,2,64,56,8,0.14285714285714285,0.8539625176639563
IXMtest_O04_s2_w19A18B0D8-8E8B-4572-A5C0-5C678F3AD54C,exact_task,poisson,-6.0,200,0,0.7454901070371779,0.8214196549761497,0.907563025210084,54,9,2,63,56,7,0.125,0.8641216397145285
IXMtest_O04_s2_w19A18B0D8-8E8B-4572-A5C0-5C678F3AD54C,exact_task,poisson,-6.0,200,1,0.7320121313518733,0.8286929788889131,0.8833333333333333,53,11,3,64,56,8,0.14285714285714285,0.8646523226816679
IXMtest_O04_s2_w19A18B0D8-8E8B-4572-A5C0-5C678F3AD54C,exact_task,poisson,-6.0,200,2,0.7466068209650712,0.8226501082855877,0.907563025210084,54,9,2,63,56,7,0.125,0.8647643833069988
IXMtest_O04_s2_w19A18B0D8-8E8B-4572-A5C0-5C678F3AD54C,exact_task,poisson,-6.0,200,3,0.7549328433625345,0.8248340325627692,0.9152542372881356,54,8,2,62,56,6,0.10714285714285714,0.8702578515866445
IXMtest_O04_s2_w19A18B0D8-8E8B-4572-A5C0-5C678F3AD54C,exact_task,poisson,6.0,50,0,0.7344875935746391,0.8092965151424265,0.907563025210084,54,9,2,63,56,7,0.125,0.8622171762225286
IXMtest_O04_s2_w19A18B0D8-8E8B-4572-A5C0-5C678F3AD54C,exact_task,poisson,6.0,50,1,0.7228582037401277,0.8046912079371232,0.8983050847457628,53,9,3,62,56,6,0.10714285714285714,0.8545554271843527
IXMtest_O04_s2_w19A18B0D8-8E8B-4572-A5C0-5C678F3AD54C,exact_task,poisson,6.0,50,2,0.7310442469478357,0.8153955062110475,0.896551724137931,52,8,4,60,56,4,0.07142857142857142,0.850651559402747
IXMtest_O04_s2_w19A18B0D8-8E8B-4572-A5C0-5C678F3AD54C,exact_task,poisson,6.0,50,3,0.7326967098079082,0.8073232265476027,0.907563025210084,54,9,2,63,56,7,0.125,0.8555994517455454
IXMtest_O04_s2_w19A18B0D8-8E8B-4572-A5C0-5C678F3AD54C,exact_task,poisson,6.0,200,0,0.7366161777467074,0.8269558976590394,0.8907563025210085,53,10,3,63,56,7,0.125,0.8612090533542794
IXMtest_O04_s2_w19A18B0D8-8E8B-4572-A5C0-5C678F3AD54C,exact_task,poisson,6.0,200,1,0.7476911557249267,0.8238448845487618,0.907563025210084,54,9,2,63,56,7,0.125,0.864163125014515
IXMtest_O04_s2_w19A18B0D8-8E8B-4572-A5C0-5C678F3AD54C,exact_task,poisson,6.0,200,2,0.7486737316782881,0.8249275376825581,0.907563025210084,54,9,2,63,56,7,0.125,0.8653423686259923
IXMtest_O04_s2_w19A18B0D8-8E8B-4572-A5C0-5C678F3AD54C,exact_task,poisson,6.0,200,3,0.7545941647399397,0.8244639948084526,0.9152542372881356,54,8,2,62,56,6,0.10714285714285714,0.8685471243953168
IXMtest_O04_s2_w19A18B0D8-8E8B-4572-A5C0-5C678F3AD54C,surrogate,deterministic,-6.0,100,-1,0.707949318725982,0.8163089083268976,0.8672566371681416,49,8,7,57,56,1,0.017857142857142856,0.8113131313131313
IXMtest_O04_s2_w19A18B0D8-8E8B-4572-A5C0-5C678F3AD54C,surrogate,deterministic,-4.0,100,-1,0.7211804327731397,0.8321312685843919,0.8666666666666667,52,12,4,64,56,8,0.14285714285714285,0.8621423330887747
IXMtest_O04_s2_w19A18B0D8-8E8B-4572-A5C0-5C678F3AD54C,surrogate,deterministic,-2.0,100,-1,0.7496244486461161,0.8415595225366774,0.8907563025210085,53,10,3,63,56,7,0.125,0.8780304225899264
IXMtest_O04_s2_w19A18B0D8-8E8B-4572-A5C0-5C678F3AD54C,surrogate,deterministic,0.0,100,-1,0.74559982608771,0.8440752748162754,0.8833333333333333,53,11,3,64,56,8,0.14285714285714285,0.8794603317115783
IXMtest_O04_s2_w19A18B0D8-8E8B-4572-A5C0-5C678F3AD54C,surrogate,deterministic,2.0,100,-1,0.7500116514379443,0.8419942124633526,0.8907563025210085,53,10,3,63,56,7,0.125,0.8783063644860948
IXMtest_O04_s2_w19A18B0D8-8E8B-4572-A5C0-5C678F3AD54C,surrogate,deterministic,4.0,100,-1,0.7207918770524201,0.8316829350604847,0.8666666666666667,52,12,4,64,56,8,0.14285714285714285,0.8617500244690223
IXMtest_O04_s2_w19A18B0D8-8E8B-4572-A5C0-5C678F3AD54C,surrogate,deterministic,6.0,100,-1,0.7075818441412832,0.815885187632296,0.8672566371681416,49,8,7,57,56,1,0.017857142857142856,0.8110990859422879
IXMtest_O04_s2_w19A18B0D8-8E8B-4572-A5C0-5C678F3AD54C,surrogate,poisson,-6.0,50,0,0.714435333854549,0.8106093211041999,0.8813559322033898,52,10,4,62,56,6,0.10714285714285714,0.8520755686929701
IXMtest_O04_s2_w19A18B0D8-8E8B-4572-A5C0-5C678F3AD54C,surrogate,poisson,-6.0,50,1,0.7612255554179818,0.8246610183694801,0.9230769230769231,54,7,2,61,56,5,0.08928571428571429,0.8665182639185246
IXMtest_O04_s2_w19A18B0D8-8E8B-4572-A5C0-5C678F3AD54C,surrogate,poisson,-6.0,50,2,0.7038253870505763,0.8188737676261513,0.859504132231405,52,13,4,65,56,9,0.16071428571428573,0.8594117918648138
IXMtest_O04_s2_w19A18B0D8-8E8B-4572-A5C0-5C678F3AD54C,surrogate,poisson,-6.0,50,3,0.744089289081115,0.8129864454775145,0.9152542372881356,54,8,2,62,56,6,0.10714285714285714,0.8612482226871814
IXMtest_O04_s2_w19A18B0D8-8E8B-4572-A5C0-5C678F3AD54C,surrogate,poisson,-6.0,200,0,0.7510560157281714,0.8360812250558889,0.8983050847457628,53,9,3,62,56,6,0.10714285714285714,0.8700003507500205
IXMtest_O04_s2_w19A18B0D8-8E8B-4572-A5C0-5C678F3AD54C,surrogate,poisson,-6.0,200,1,0.7558745083586704,0.8258628887622511,0.9152542372881356,54,8,2,62,56,6,0.10714285714285714,0.8701509000023468
IXMtest_O04_s2_w19A18B0D8-8E8B-4572-A5C0-5C678F3AD54C,surrogate,poisson,-6.0,200,2,0.751999530893093,0.8285920757062784,0.907563025210084,54,9,2,63,56,7,0.125,0.8684253303299817
IXMtest_O04_s2_w19A18B0D8-8E8B-4572-A5C0-5C678F3AD54C,surrogate,poisson,-6.0,200,3,0.7426999156284856,0.8337857543376395,0.8907563025210085,53,10,3,63,56,7,0.125,0.8726244185231071
IXMtest_O04_s2_w19A18B0D8-8E8B-4572-A5C0-5C678F3AD54C,surrogate,poisson,6.0,50,0,0.7555584907740223,0.8185216983385241,0.9230769230769231,54,7,2,61,56,5,0.08928571428571429,0.8634123255572357
IXMtest_O04_s2_w19A18B0D8-8E8B-4572-A5C0-5C678F3AD54C,surrogate,poisson,6.0,50,1,0.7552627734364943,0.8182013378895355,0.9230769230769231,54,7,2,61,56,5,0.08928571428571429,0.8613231405244985
IXMtest_O04_s2_w19A18B0D8-8E8B-4572-A5C0-5C678F3AD54C,surrogate,poisson,6.0,50,2,0.7554243504138312,0.8113817097037446,0.9310344827586207,54,6,2,60,56,4,0.07142857142857142,0.8637997852173507
IXMtest_O04_s2_w19A18B0D8-8E8B-4572-A5C0-5C678F3AD54C,surrogate,poisson,6.0,50,3,0.7562600379981838,0.8192817078313658,0.9230769230769231,54,7,2,61,56,5,0.08928571428571429,0.8618311808118081
IXMtest_O04_s2_w19A18B0D8-8E8B-4572-A5C0-5C678F3AD54C,surrogate,poisson,6.0,200,0,0.7408705245643877,0.8317320039920957,0.8907563025210085,53,10,3,63,56,7,0.125,0.8647045775593355
IXMtest_O04_s2_w19A18B0D8-8E8B-4572-A5C0-5C678F3AD54C,surrogate,poisson,6.0,200,1,0.7476058048258367,0.8237508405025423,0.907563025210084,54,9,2,63,56,7,0.125,0.8711981081270926
IXMtest_O04_s2_w19A18B0D8-8E8B-4572-A5C0-5C678F3AD54C,surrogate,poisson,6.0,200,2,0.7491767410001567,0.8339892022454575,0.8983050847457628,53,9,3,62,56,6,0.10714285714285714,0.8682050560480278
IXMtest_O04_s2_w19A18B0D8-8E8B-4572-A5C0-5C678F3AD54C,surrogate,poisson,6.0,200,3,0.7604903158154867,0.8309060857984021,0.9152542372881356,54,8,2,62,56,6,0.10714285714285714,0.8665563762611552
IXMtest_P07_s8_w144364F25-950A-472C-A529-1A9AD0433B6C,clear,deterministic,-6.0,100,-1,0.4695140652766725,0.8075641922758767,0.5813953488372093,25,11,25,36,50,14,0.28,0.5967496821015414
IXMtest_P07_s8_w144364F25-950A-472C-A529-1A9AD0433B6C,clear,deterministic,-4.0,100,-1,0.5548394056091716,0.8176580714240422,0.6785714285714286,38,24,12,62,50,12,0.24,0.8566400969561366
IXMtest_P07_s8_w144364F25-950A-472C-A529-1A9AD0433B6C,clear,deterministic,-2.0,100,-1,0.5777401156716595,0.824336506507124,0.7008547008547008,41,26,9,67,50,17,0.34,0.8916130033361781
IXMtest_P07_s8_w144364F25-950A-472C-A529-1A9AD0433B6C,clear,deterministic,0.0,100,-1,0.587361495114241,0.8181106539091213,0.717948717948718,42,25,8,67,50,17,0.34,0.8924553971396653
IXMtest_P07_s8_w144364F25-950A-472C-A529-1A9AD0433B6C,clear,deterministic,2.0,100,-1,0.5777401156716595,0.824336506507124,0.7008547008547008,41,26,9,67,50,17,0.34,0.8916130033361781
IXMtest_P07_s8_w144364F25-950A-472C-A529-1A9AD0433B6C,clear,deterministic,4.0,100,-1,0.5548394056091716,0.8176580714240422,0.6785714285714286,38,24,12,62,50,12,0.24,0.8566400969561366
IXMtest_P07_s8_w144364F25-950A-472C-A529-1A9AD0433B6C,clear,deterministic,6.0,100,-1,0.4695140652766725,0.8075641922758767,0.5813953488372093,25,11,25,36,50,14,0.28,0.5967496821015414
IXMtest_P07_s8_w144364F25-950A-472C-A529-1A9AD0433B6C,clear,poisson,-6.0,50,0,0.5509384060621572,0.8034518421739791,0.6857142857142857,36,19,14,55,50,5,0.1,0.7930604297590038
IXMtest_P07_s8_w144364F25-950A-472C-A529-1A9AD0433B6C,clear,poisson,-6.0,50,1,0.5817748009833231,0.7781237963151947,0.7476635514018691,40,17,10,57,50,7,0.14,0.8088753148184025
IXMtest_P07_s8_w144364F25-950A-472C-A529-1A9AD0433B6C,clear,poisson,-6.0,50,2,0.5503980086472698,0.8026637626106018,0.6857142857142857,36,19,14,55,50,5,0.1,0.8057721944613085
IXMtest_P07_s8_w144364F25-950A-472C-A529-1A9AD0433B6C,clear,poisson,-6.0,50,3,0.5717094161300988,0.7973841856551378,0.7169811320754716,38,18,12,56,50,6,0.12,0.7912785530431571
IXMtest_P07_s8_w144364F25-950A-472C-A529-1A9AD0433B6C,clear,poisson,-6.0,200,0,0.6157963804052652,0.8064000219592758,0.7636363636363637,42,18,8,60,50,10,0.2,0.8531922999350111
IXMtest_P07_s8_w144364F25-950A-472C-A529-1A9AD0433B6C,clear,poisson,-6.0,200,1,0.5862674067480029,0.8007554823875163,0.7321428571428571,41,21,9,62,50,12,0.24,0.8591567910480638
IXMtest_P07_s8_w144364F25-950A-472C-A529-1A9AD0433B6C,clear,poisson,-6.0,200,2,0.6055472346119726,0.8123194610648413,0.7454545454545455,41,19,9,60,50,10,0.2,0.8601675041876047
IXMtest_P07_s8_w144364F25-950A-472C-A529-1A9AD0433B6C,clear,poisson,-6.0,200,3,0.5915314855609254,0.8114598583976798,0.7289719626168224,39,18,11,57,50,7,0.14,0.8350719692198468
IXMtest_P07_s8_w144364F25-950A-472C-A529-1A9AD0433B6C,clear,poisson,6.0,50,0,0.5649712096796392,0.8003758803794889,0.7058823529411765,36,16,14,52,50,2,0.04,0.769278194062411
IXMtest_P07_s8_w144364F25-950A-472C-A529-1A9AD0433B6C,clear,poisson,6.0,50,1,0.5369423416316461,0.7904984474021457,0.6792452830188679,36,20,14,56,50,6,0.12,0.7793266137679605
IXMtest_P07_s8_w144364F25-950A-472C-A529-1A9AD0433B6C,clear,poisson,6.0,50,2,0.5565568614267717,0.7908965925538335,0.7037037037037037,38,20,12,58,50,8,0.16,0.8117426809238862
IXMtest_P07_s8_w144364F25-950A-472C-A529-1A9AD0433B6C,clear,poisson,6.0,50,3,0.5585459143924427,0.7733712660818437,0.7222222222222222,39,19,11,58,50,8,0.16,0.8185040443515404
IXMtest_P07_s8_w144364F25-950A-472C-A529-1A9AD0433B6C,clear,poisson,6.0,200,0,0.6177494354976725,0.7973277597702517,0.7747747747747747,43,18,7,61,50,11,0.22,0.8580146234841172
IXMtest_P07_s8_w144364F25-950A-472C-A529-1A9AD0433B6C,clear,poisson,6.0,200,1,0.5871684672558581,0.8073566424768049,0.7272727272727273,40,20,10,60,50,10,0.2,0.8569451265794527
IXMtest_P07_s8_w144364F25-950A-472C-A529-1A9AD0433B6C,clear,poisson,6.0,200,2,0.5968291509729233,0.8006244708173361,0.7454545454545455,41,19,9,60,50,10,0.2,0.858020316560359
IXMtest_P07_s8_w144364F25-950A-472C-A529-1A9AD0433B6C,clear,poisson,6.0,200,3,0.5645998182050835,0.8316402727615421,0.6788990825688074,37,22,13,59,50,9,0.18,0.8479313778743437
IXMtest_P07_s8_w144364F25-950A-472C-A529-1A9AD0433B6C,cubic,deterministic,-6.0,100,-1,0.4695140652766725,0.8075641922758767,0.5813953488372093,25,11,25,36,50,14,0.28,0.5967496821015414
IXMtest_P07_s8_w144364F25-950A-472C-A529-1A9AD0433B6C,cubic,deterministic,-4.0,100,-1,0.5548394056091716,0.8176580714240422,0.6785714285714286,38,24,12,62,50,12,0.24,0.8566400969561366
IXMtest_P07_s8_w144364F25-950A-472C-A529-1A9AD0433B6C,cubic,deterministic,-2.0,100,-1,0.5777401156716595,0.824336506507124,0.7008547008547008,41,26,9,67,50,17,0.34,0.8916130033361781
IXMtest_P07_s8_w144364F25-950A-472C-A529-1A9AD0433B6C,cubic,deterministic,0.0,100,-1,0.587361495114241,0.8181106539091213,0.717948717948718,42,25,8,67,50,17,0.34,0.8924553971396653
IXMtest_P07_s8_w144364F25-950A-472C-A529-1A9AD0433B6C,cubic,deterministic,2.0,100,-1,0.5777401156716595,0.824336506507124,0.7008547008547008,41,26,9,67,50,17,0.34,0.8916130033361781
IXMtest_P07_s8_w144364F25-950A-472C-A529-1A9AD0433B6C,cubic,deterministic,4.0,100,-1,0.5548394056091716,0.8176580714240422,0.6785714285714286,38,24,12,62,50,12,0.24,0.8566400969561366
IXMtest_P07_s8_w144364F25-950A-472C-A529-1A9AD0433B6C,cubic,deterministic,6.0,100,-1,0.4695140652766725,0.8075641922758767,0.5813953488372093,25,11,25,36,50,14,0.28,0.5967496821015414
IXMtest_P07_s8_w144364F25-950A-472C-A529-1A9AD0433B6C,cubic,poisson,-6.0,50,0,0.5509384060621572,0.8034518421739791,0.6857142857142857,36,19,14,55,50,5,0.1,0.7930604297590038
IXMtest_P07_s8_w144364F25-950A-472C-A529-1A9AD0433B6C,cubic,poisson,-6.0,50,1,0.5817748009833231,0.7781237963151947,0.7476635514018691,40,17,10,57,50,7,0.14,0.8088753148184025
IXMtest_P07_s8_w144364F25-950A-472C-A529-1A9AD0433B6C,cubic,poisson,-6.0,50,2,0.5503980086472698,0.8026637626106018,0.6857142857142857,36,19,14,55,50,5,0.1,0.8057721944613085
IXMtest_P07_s8_w144364F25-950A-472C-A529-1A9AD0433B6C,cubic,poisson,-6.0,50,3,0.5717094161300988,0.7973841856551378,0.7169811320754716,38,18,12,56,50,6,0.12,0.7912785530431571
IXMtest_P07_s8_w144364F25-950A-472C-A529-1A9AD0433B6C,cubic,poisson,-6.0,200,0,0.6157963804052652,0.8064000219592758,0.7636363636363637,42,18,8,60,50,10,0.2,0.8531922999350111
IXMtest_P07_s8_w144364F25-950A-472C-A529-1A9AD0433B6C,cubic,poisson,-6.0,200,1,0.5862674067480029,0.8007554823875163,0.7321428571428571,41,21,9,62,50,12,0.24,0.8591567910480638
IXMtest_P07_s8_w144364F25-950A-472C-A529-1A9AD0433B6C,cubic,poisson,-6.0,200,2,0.6055472346119726,0.8123194610648413,0.7454545454545455,41,19,9,60,50,10,0.2,0.8601675041876047
IXMtest_P07_s8_w144364F25-950A-472C-A529-1A9AD0433B6C,cubic,poisson,-6.0,200,3,0.5915314855609254,0.8114598583976798,0.7289719626168224,39,18,11,57,50,7,0.14,0.8350719692198468
IXMtest_P07_s8_w144364F25-950A-472C-A529-1A9AD0433B6C,cubic,poisson,6.0,50,0,0.5649712096796392,0.8003758803794889,0.7058823529411765,36,16,14,52,50,2,0.04,0.769278194062411
IXMtest_P07_s8_w144364F25-950A-472C-A529-1A9AD0433B6C,cubic,poisson,6.0,50,1,0.5369423416316461,0.7904984474021457,0.6792452830188679,36,20,14,56,50,6,0.12,0.7793266137679605
IXMtest_P07_s8_w144364F25-950A-472C-A529-1A9AD0433B6C,cubic,poisson,6.0,50,2,0.5565568614267717,0.7908965925538335,0.7037037037037037,38,20,12,58,50,8,0.16,0.8117426809238862
IXMtest_P07_s8_w144364F25-950A-472C-A529-1A9AD0433B6C,cubic,poisson,6.0,50,3,0.5585459143924427,0.7733712660818437,0.7222222222222222,39,19,11,58,50,8,0.16,0.8185040443515404
IXMtest_P07_s8_w144364F25-950A-472C-A529-1A9AD0433B6C,cubic,poisson,6.0,200,0,0.6177494354976725,0.7973277597702517,0.7747747747747747,43,18,7,61,50,11,0.22,0.8580146234841172
IXMtest_P07_s8_w144364F25-950A-472C-A529-1A9AD0433B6C,cubic,poisson,6.0,200,1,0.5871684672558581,0.8073566424768049,0.7272727272727273,40,20,10,60,50,10,0.2,0.8569451265794527
IXMtest_P07_s8_w144364F25-950A-472C-A529-1A9AD0433B6C,cubic,poisson,6.0,200,2,0.5968291509729233,0.8006244708173361,0.7454545454545455,41,19,9,60,50,10,0.2,0.858020316560359
IXMtest_P07_s8_w144364F25-950A-472C-A529-1A9AD0433B6C,cubic,poisson,6.0,200,3,0.5645998182050835,0.8316402727615421,0.6788990825688074,37,22,13,59,50,9,0.18,0.8479313778743437
IXMtest_P07_s8_w144364F25-950A-472C-A529-1A9AD0433B6C,image_fidelity,deterministic,-6.0,100,-1,0.4686551375054972,0.8060868365094552,0.5813953488372093,25,11,25,36,50,14,0.28,0.5961854551093193
IXMtest_P07_s8_w144364F25-950A-472C-A529-1A9AD0433B6C,image_fidelity,deterministic,-4.0,100,-1,0.5545276105967243,0.8171985840372779,0.6785714285714286,38,24,12,62,50,12,0.24,0.8564305104097492
IXMtest_P07_s8_w144364F25-950A-472C-A529-1A9AD0433B6C,image_fidelity,deterministic,-2.0,100,-1,0.577680669012356,0.8242516862737275,0.7008547008547008,41,26,9,67,50,17,0.34,0.8915045719035743
IXMtest_P07_s8_w144364F25-950A-472C-A529-1A9AD0433B6C,image_fidelity,deterministic,0.0,100,-1,0.5876320248467394,0.8184874631793869,0.717948717948718,42,25,8,67,50,17,0.34,0.892669114719285
IXMtest_P07_s8_w144364F25-950A-472C-A529-1A9AD0433B6C,image_fidelity,deterministic,2.0,100,-1,0.5862091956549131,0.8165056653764863,0.717948717948718,42,25,8,67,50,17,0.34,0.8915390242280495
IXMtest_P07_s8_w144364F25-950A-472C-A529-1A9AD0433B6C,image_fidelity,deterministic,4.0,100,-1,0.5546410324774835,0.817365732072081,0.6785714285714286,38,24,12,62,50,12,0.24,0.8562570659331694
IXMtest_P07_s8_w144364F25-950A-472C-A529-1A9AD0433B6C,image_fidelity,deterministic,6.0,100,-1,0.46878203494470755,0.806305100104897,0.5813953488372093,25,11,25,36,50,14,0.28,0.5961103011880021
IXMtest_P07_s8_w144364F25-950A-472C-A529-1A9AD0433B6C,image_fidelity,poisson,-6.0,50,0,0.5564598811781274,0.7907587785162863,0.7037037037037037,38,20,12,58,50,8,0.16,0.8205778524180005
IXMtest_P07_s8_w144364F25-950A-472C-A529-1A9AD0433B6C,image_fidelity,poisson,-6.0,50,1,0.5609472061834065,0.7959386033683471,0.7047619047619048,37,18,13,55,50,5,0.1,0.8138967480326685
IXMtest_P07_s8_w144364F25-950A-472C-A529-1A9AD0433B6C,image_fidelity,poisson,-6.0,50,2,0.5897834122297348,0.7653141896790607,0.7706422018348624,42,17,8,59,50,9,0.18,0.8287096810409673
IXMtest_P07_s8_w144364F25-950A-472C-A529-1A9AD0433B6C,image_fidelity,poisson,-6.0,50,3,0.5525172592290069,0.7989100910473478,0.6915887850467289,37,20,13,57,50,7,0.14,0.798895053382442
IXMtest_P07_s8_w144364F25-950A-472C-A529-1A9AD0433B6C,image_fidelity,poisson,-6.0,200,0,0.5642713126028922,0.8235311048798967,0.6851851851851852,37,21,13,58,50,8,0.16,0.8256719794107125
IXMtest_P07_s8_w144364F25-950A-472C-A529-1A9AD0433B6C,image_fidelity,poisson,-6.0,200,1,0.5970568864830649,0.8134900078331759,0.7339449541284404,40,19,10,59,50,9,0.18,0.8477327398214968
IXMtest_P07_s8_w144364F25-950A-472C-A529-1A9AD0433B6C,image_fidelity,poisson,-6.0,200,2,0.6049747519158669,0.8143890891175132,0.7428571428571429,39,16,11,55,50,5,0.1,0.8331765334448354
IXMtest_P07_s8_w144364F25-950A-472C-A529-1A9AD0433B6C,image_fidelity,poisson,-6.0,200,3,0.5628756816561928,0.829100666223311,0.6788990825688074,37,22,13,59,50,9,0.18,0.8364336554000619
IXMtest_P07_s8_w144364F25-950A-472C-A529-1A9AD0433B6C,image_fidelity,poisson,6.0,50,0,0.5888362624567102,0.785115016608947,0.75,39,15,11,54,50,4,0.08,0.7963575775808206
IXMtest_P07_s8_w144364F25-950A-472C-A529-1A9AD0433B6C,image_fidelity,poisson,6.0,50,1,0.549272353445585,0.7942181326848324,0.6915887850467289,37,20,13,57,50,7,0.14,0.8081159685803925
IXMtest_P07_s8_w144364F25-950A-472C-A529-1A9AD0433B6C,image_fidelity,poisson,6.0,50,2,0.5290756975626034,0.7936135463439052,0.6666666666666666,35,20,15,55,50,5,0.1,0.7800525920360631
IXMtest_P07_s8_w144364F25-950A-472C-A529-1A9AD0433B6C,image_fidelity,poisson,6.0,50,3,0.5381502784139178,0.7922767987760457,0.6792452830188679,36,20,14,56,50,6,0.12,0.8021052876721899
IXMtest_P07_s8_w144364F25-950A-472C-A529-1A9AD0433B6C,image_fidelity,poisson,6.0,200,0,0.6065449400281626,0.806260956866704,0.7522935779816514,41,18,9,59,50,9,0.18,0.8579424908590259
IXMtest_P07_s8_w144364F25-950A-472C-A529-1A9AD0433B6C,image_fidelity,poisson,6.0,200,1,0.6047176724508811,0.7964574222523801,0.7592592592592593,41,17,9,58,50,8,0.16,0.8502958376726674
IXMtest_P07_s8_w144364F25-950A-472C-A529-1A9AD0433B6C,image_fidelity,poisson,6.0,200,2,0.6005685059095899,0.825781695625686,0.7272727272727273,40,20,10,60,50,10,0.2,0.8540827289820038
IXMtest_P07_s8_w144364F25-950A-472C-A529-1A9AD0433B6C,image_fidelity,poisson,6.0,200,3,0.5606310918410873,0.8040630132984015,0.6972477064220184,38,21,12,59,50,9,0.18,0.8324979256885009
IXMtest_P07_s8_w144364F25-950A-472C-A529-1A9AD0433B6C,exact_task,deterministic,-6.0,100,-1,0.5297038133823444,0.786988522739483,0.6730769230769231,35,19,15,54,50,4,0.08,0.7833795983694701
IXMtest_P07_s8_w144364F25-950A-472C-A529-1A9AD0433B6C,exact_task,deterministic,-4.0,100,-1,0.5796169925757793,0.8187090020132881,0.7079646017699115,40,23,10,63,50,13,0.26,0.8768824787296965
IXMtest_P07_s8_w144364F25-950A-472C-A529-1A9AD0433B6C,exact_task,deterministic,-2.0,100,-1,0.606808440563438,0.8235257407646659,0.7368421052631579,42,22,8,64,50,14,0.28,0.8853278679294152
IXMtest_P07_s8_w144364F25-950A-472C-A529-1A9AD0433B6C,exact_task,deterministic,0.0,100,-1,0.6115841441437575,0.8300070527665281,0.7368421052631579,42,22,8,64,50,14,0.28,0.8887888743867861
IXMtest_P07_s8_w144364F25-950A-472C-A529-1A9AD0433B6C,exact_task,deterministic,2.0,100,-1,0.6061065192458206,0.8225731332621852,0.7368421052631579,42,22,8,64,50,14,0.28,0.8849266650907822
IXMtest_P07_s8_w144364F25-950A-472C-A529-1A9AD0433B6C,exact_task,deterministic,4.0,100,-1,0.5782980438752672,0.8168459869738148,0.7079646017699115,40,23,10,63,50,13,0.26,0.8759947251148197
IXMtest_P07_s8_w144364F25-950A-472C-A529-1A9AD0433B6C,exact_task,deterministic,6.0,100,-1,0.5226431555536412,0.7839647333304618,0.6666666666666666,35,20,15,55,50,5,0.1,0.7867424760814661
IXMtest_P07_s8_w144364F25-950A-472C-A529-1A9AD0433B6C,exact_task,poisson,-6.0,50,0,0.5241321109904563,0.7939059916473089,0.6601941747572816,34,19,16,53,50,3,0.06,0.7767029663998855
IXMtest_P07_s8_w144364F25-950A-472C-A529-1A9AD0433B6C,exact_task,poisson,-6.0,50,1,0.5468686967598617,0.783352457520883,0.6981132075471698,37,19,13,56,50,6,0.12,0.796273596469723
IXMtest_P07_s8_w144364F25-950A-472C-A529-1A9AD0433B6C,exact_task,poisson,-6.0,50,2,0.5769519755308151,0.7971047030359945,0.7238095238095238,38,17,12,55,50,5,0.1,0.7809445002659732
IXMtest_P07_s8_w144364F25-950A-472C-A529-1A9AD0433B6C,exact_task,poisson,-6.0,50,3,0.5034720830296906,0.7839779578605183,0.6422018348623854,35,24,15,59,50,9,0.18,0.7814380035416496
IXMtest_P07_s8_w144364F25-950A-472C-A529-1A9AD0433B6C,exact_task,poisson,-6.0,200,0,0.5697017505904098,0.8020800962259717,0.7102803738317757,38,19,12,57,50,7,0.14,0.836184150668729
IXMtest_P07_s8_w144364F25-950A-472C-A529-1A9AD0433B6C,exact_task,poisson,-6.0,200,1,0.575546848639255,0.8116686326963852,0.7090909090909091,39,21,11,60,50,10,0.2,0.8485778118643502
IXMtest_P07_s8_w144364F25-950A-472C-A529-1A9AD0433B6C,exact_task,poisson,-6.0,200,2,0.5827044226442841,0.8142920777977817,0.7155963302752294,39,20,11,59,50,9,0.18,0.8400432315590382
IXMtest_P07_s8_w144364F25-950A-472C-A529-1A9AD0433B6C,exact_task,poisson,-6.0,200,3,0.5736379000378022,0.8089765256943365,0.7090909090909091,39,21,11,60,50,10,0.2,0.8554323377684276
IXMtest_P07_s8_w144364F25-950A-472C-A529-1A9AD0433B6C,exact_task,poisson,6.0,50,0,0.5697633030513286,0.7742937195312927,0.7358490566037735,39,17,11,56,50,6,0.12,0.7906960459362308
IXMtest_P07_s8_w144364F25-950A-472C-A529-1A9AD0433B6C,exact_task,poisson,6.0,50,1,0.551617586123145,0.7911357485187211,0.6972477064220184,38,21,12,59,50,9,0.18,0.8267316029630978
IXMtest_P07_s8_w144364F25-950A-472C-A529-1A9AD0433B6C,exact_task,poisson,6.0,50,2,0.5714365725748035,0.7857252872903547,0.7272727272727273,40,20,10,60,50,10,0.2,0.8404254144256574
IXMtest_P07_s8_w144364F25-950A-472C-A529-1A9AD0433B6C,exact_task,poisson,6.0,50,3,0.4992889475873249,0.7867583416527544,0.6346153846153846,33,21,17,54,50,4,0.08,0.7700848111025443
IXMtest_P07_s8_w144364F25-950A-472C-A529-1A9AD0433B6C,exact_task,poisson,6.0,200,0,0.5700828391932371,0.8112717326980682,0.7027027027027027,39,22,11,61,50,11,0.22,0.8481261888605849
IXMtest_P07_s8_w144364F25-950A-472C-A529-1A9AD0433B6C,exact_task,poisson,6.0,200,1,0.5898199464669146,0.7864265952892194,0.75,42,20,8,62,50,12,0.24,0.8562362274129572
IXMtest_P07_s8_w144364F25-950A-472C-A529-1A9AD0433B6C,exact_task,poisson,6.0,200,2,0.5865139504148988,0.801092224956935,0.7321428571428571,41,21,9,62,50,12,0.24,0.8691831084940898
IXMtest_P07_s8_w144364F25-950A-472C-A529-1A9AD0433B6C,exact_task,poisson,6.0,200,3,0.6002815066413788,0.8003753421885051,0.75,42,20,8,62,50,12,0.24,0.8708115097192698
IXMtest_P07_s8_w144364F25-950A-472C-A529-1A9AD0433B6C,surrogate,deterministic,-6.0,100,-1,0.4885059361188042,0.8051301539735847,0.6067415730337079,27,12,23,39,50,11,0.22,0.6368552724222132
IXMtest_P07_s8_w144364F25-950A-472C-A529-1A9AD0433B6C,surrogate,deterministic,-4.0,100,-1,0.5739064863955653,0.810642912033736,0.7079646017699115,40,23,10,63,50,13,0.26,0.8680259605996209
IXMtest_P07_s8_w144364F25-950A-472C-A529-1A9AD0433B6C,surrogate,deterministic,-2.0,100,-1,0.5790939580531489,0.8262682084416881,0.7008547008547008,41,26,9,67,50,17,0.34,0.892451555004044
IXMtest_P07_s8_w144364F25-950A-472C-A529-1A9AD0433B6C,surrogate,deterministic,0.0,100,-1,0.5896963351624758,0.821362752547734,0.717948717948718,42,25,8,67,50,17,0.34,0.8940486725663717
IXMtest_P07_s8_w144364F25-950A-472C-A529-1A9AD0433B6C,surrogate,deterministic,2.0,100,-1,0.5875178991747861,0.8183285024220236,0.717948717948718,42,25,8,67,50,17,0.34,0.8924594160341293
IXMtest_P07_s8_w144364F25-950A-472C-A529-1A9AD0433B6C,surrogate,deterministic,4.0,100,-1,0.5750850458998971,0.8123076273336046,0.7079646017699115,40,23,10,63,50,13,0.26,0.8685842944446998
IXMtest_P07_s8_w144364F25-950A-472C-A529-1A9AD0433B6C,surrogate,deterministic,6.0,100,-1,0.48848289378195964,0.8050921767887854,0.6067415730337079,27,12,23,39,50,11,0.22,0.6366633696010551
IXMtest_P07_s8_w144364F25-950A-472C-A529-1A9AD0433B6C,surrogate,poisson,-6.0,50,0,0.5256558644511563,0.7809744271845751,0.6730769230769231,35,19,15,54,50,4,0.08,0.7833619312466717
IXMtest_P07_s8_w144364F25-950A-472C-A529-1A9AD0433B6C,surrogate,poisson,-6.0,50,1,0.5425642173411167,0.8063107118819374,0.6728971962616822,36,21,14,57,50,7,0.14,0.8104158818224368
IXMtest_P07_s8_w144364F25-950A-472C-A529-1A9AD0433B6C,surrogate,poisson,-6.0,50,2,0.570241873611748,0.7953373500374381,0.7169811320754716,38,18,12,56,50,6,0.12,0.8169258127764352
IXMtest_P07_s8_w144364F25-950A-472C-A529-1A9AD0433B6C,surrogate,poisson,-6.0,50,3,0.5606031804002878,0.795450458676084,0.7047619047619048,37,18,13,55,50,5,0.1,0.8014861138353967
IXMtest_P07_s8_w144364F25-950A-472C-A529-1A9AD0433B6C,surrogate,poisson,-6.0,200,0,0.5786073568928594,0.8085666910425855,0.7155963302752294,39,20,11,59,50,9,0.18,0.8346250284932756
IXMtest_P07_s8_w144364F25-950A-472C-A529-1A9AD0433B6C,surrogate,poisson,-6.0,200,1,0.6110525798760501,0.7929134667439222,0.7706422018348624,42,17,8,59,50,9,0.18,0.8420575263879914
IXMtest_P07_s8_w144364F25-950A-472C-A529-1A9AD0433B6C,surrogate,poisson,-6.0,200,2,0.614545997510531,0.8047626157876001,0.7636363636363637,42,18,8,60,50,10,0.2,0.8500072926366808
IXMtest_P07_s8_w144364F25-950A-472C-A529-1A9AD0433B6C,surrogate,poisson,-6.0,200,3,0.6146352973354403,0.8048795560345051,0.7636363636363637,42,18,8,60,50,10,0.2,0.8603208603877993
IXMtest_P07_s8_w144364F25-950A-472C-A529-1A9AD0433B6C,surrogate,poisson,6.0,50,0,0.5302381288540916,0.7666956728025379,0.6915887850467289,37,20,13,57,50,7,0.14,0.7915919295654111
IXMtest_P07_s8_w144364F25-950A-472C-A529-1A9AD0433B6C,surrogate,poisson,6.0,50,1,0.5324140973620349,0.7764372253196342,0.6857142857142857,36,19,14,55,50,5,0.1,0.7873549552976983
IXMtest_P07_s8_w144364F25-950A-472C-A529-1A9AD0433B6C,surrogate,poisson,6.0,50,2,0.5562470864853073,0.7892695146075307,0.7047619047619048,37,18,13,55,50,5,0.1,0.8037971763403156
IXMtest_P07_s8_w144364F25-950A-472C-A529-1A9AD0433B6C,surrogate,poisson,6.0,50,3,0.5133960007734649,0.7934301830135367,0.6470588235294118,33,19,17,52,50,2,0.04,0.7605266965706844
IXMtest_P07_s8_w144364F25-950A-472C-A529-1A9AD0433B6C,surrogate,poisson,6.0,200,0,0.5896086982489616,0.8033418513642101,0.7339449541284404,40,19,10,59,50,9,0.18,0.8482879956692381
IXMtest_P07_s8_w144364F25-950A-472C-A529-1A9AD0433B6C,surrogate,poisson,6.0,200,1,0.619401033677494,0.7963727575853495,0.7777777777777778,42,16,8,58,50,8,0.16,0.84888546225538
IXMtest_P07_s8_w144364F25-950A-472C-A529-1A9AD0433B6C,surrogate,poisson,6.0,200,2,0.5700710921651829,0.8039464120278221,0.7090909090909091,39,21,11,60,50,10,0.2,0.8509153330999356
IXMtest_P07_s8_w144364F25-950A-472C-A529-1A9AD0433B6C,surrogate,poisson,6.0,200,3,0.5963730169437501,0.8104556384107373,0.7358490566037735,39,17,11,56,50,6,0.12,0.8414808001839503
IXMtest_P07_s8_w19D682C29-5685-4A33-8CAA-F0797DD7F021,clear,deterministic,-6.0,100,-1,0.5761418316880319,0.8001969884555998,0.72,18,7,7,25,25,0,0.0,0.6940496467763103
IXMtest_P07_s8_w19D682C29-5685-4A33-8CAA-F0797DD7F021,clear,deterministic,-4.0,100,-1,0.6845027026147781,0.8184271444307128,0.8363636363636363,23,7,2,30,25,5,0.2,0.8450868456212802
IXMtest_P07_s8_w19D682C29-5685-4A33-8CAA-F0797DD7F021,clear,deterministic,-2.0,100,-1,0.6751504487367126,0.836599469086796,0.8070175438596491,23,9,2,32,25,7,0.28,0.8569704576173006
IXMtest_P07_s8_w19D682C29-5685-4A33-8CAA-F0797DD7F021,clear,deterministic,0.0,100,-1,0.6757075302760244,0.8372897657768128,0.8070175438596491,23,9,2,32,25,7,0.28,0.8568732305756527
IXMtest_P07_s8_w19D682C29-5685-4A33-8CAA-F0797DD7F021,clear,deterministic,2.0,100,-1,0.6751504487367126,0.836599469086796,0.8070175438596491,23,9,2,32,25,7,0.28,0.8569704576173006
IXMtest_P07_s8_w19D682C29-5685-4A33-8CAA-F0797DD7F021,clear,deterministic,4.0,100,-1,0.6845027026147781,0.8184271444307128,0.8363636363636363,23,7,2,30,25,5,0.2,0.8450868456212802
IXMtest_P07_s8_w19D682C29-5685-4A33-8CAA-F0797DD7F021,clear,deterministic,6.0,100,-1,0.5761418316880319,0.8001969884555998,0.72,18,7,7,25,25,0,0.0,0.6940496467763103
IXMtest_P07_s8_w19D682C29-5685-4A33-8CAA-F0797DD7F021,clear,poisson,-6.0,50,0,0.6501443461866072,0.7979044248653815,0.8148148148148148,22,7,3,29,25,4,0.16,0.8119447765042308
IXMtest_P07_s8_w19D682C29-5685-4A33-8CAA-F0797DD7F021,clear,poisson,-6.0,50,1,0.6464796121376081,0.7934067967143371,0.8148148148148148,22,7,3,29,25,4,0.16,0.8208143740520359
IXMtest_P07_s8_w19D682C29-5685-4A33-8CAA-F0797DD7F021,clear,poisson,-6.0,50,2,0.598303956873093,0.7834932768576218,0.7636363636363637,21,9,4,30,25,5,0.2,0.8112339295032971
IXMtest_P07_s8_w19D682C29-5685-4A33-8CAA-F0797DD7F021,clear,poisson,-6.0,50,3,0.6510122565775975,0.7841738545139243,0.8301886792452831,22,6,3,28,25,3,0.12,0.800057290174735
IXMtest_P07_s8_w19D682C29-5685-4A33-8CAA-F0797DD7F021,clear,poisson,-6.0,200,0,0.6950407251283817,0.800807791995744,0.8679245283018868,23,5,2,28,25,3,0.12,0.8275270047929036
IXMtest_P07_s8_w19D682C29-5685-4A33-8CAA-F0797DD7F021,clear,poisson,-6.0,200,1,0.7074555572049313,0.81511183764916,0.8679245283018868,23,5,2,28,25,3,0.12,0.8461287465622523
IXMtest_P07_s8_w19D682C29-5685-4A33-8CAA-F0797DD7F021,clear,poisson,-6.0,200,2,0.6897916944717963,0.8097554674234131,0.8518518518518519,23,6,2,29,25,4,0.16,0.8413145539906103
IXMtest_P07_s8_w19D682C29-5685-4A33-8CAA-F0797DD7F021,clear,poisson,-6.0,200,3,0.6746419578527558,0.827969675546564,0.8148148148148148,22,7,3,29,25,4,0.16,0.8471528471528471
IXMtest_P07_s8_w19D682C29-5685-4A33-8CAA-F0797DD7F021,clear,poisson,6.0,50,0,0.6710406063616965,0.7877433205115567,0.8518518518518519,23,6,2,29,25,4,0.16,0.8288686366565405
IXMtest_P07_s8_w19D682C29-5685-4A33-8CAA-F0797DD7F021,clear,poisson,6.0,50,1,0.6786420530206002,0.802031517206164,0.8461538461538461,22,5,3,27,25,2,0.08,0.8183872696349106
IXMtest_P07_s8_w19D682C29-5685-4A33-8CAA-F0797DD7F021,clear,poisson,6.0,50,2,0.6566485020794964,0.7851232090080936,0.8363636363636363,23,7,2,30,25,5,0.2,0.8354806286549707
IXMtest_P07_s8_w19D682C29-5685-4A33-8CAA-F0797DD7F021,clear,poisson,6.0,50,3,0.6966026415347394,0.8026073913335041,0.8679245283018868,23,5,2,28,25,3,0.12,0.8339225880993645
IXMtest_P07_s8_w19D682C29-5685-4A33-8CAA-F0797DD7F021,clear,poisson,6.0,200,0,0.6900550865319715,0.8100646667984013,0.8518518518518519,23,6,2,29,25,4,0.16,0.8411878782214538
IXMtest_P07_s8_w19D682C29-5685-4A33-8CAA-F0797DD7F021,clear,poisson,6.0,200,1,0.6994374489940784,0.8058735825366555,0.8679245283018868,23,5,2,28,25,3,0.12,0.8361357311568953
IXMtest_P07_s8_w19D682C29-5685-4A33-8CAA-F0797DD7F021,clear,poisson,6.0,200,2,0.6810442580287067,0.8203487653527604,0.8301886792452831,22,6,3,28,25,3,0.12,0.8421667601420826
IXMtest_P07_s8_w19D682C29-5685-4A33-8CAA-F0797DD7F021,clear,poisson,6.0,200,3,0.6931986405846167,0.8137549259036804,0.8518518518518519,23,6,2,29,25,4,0.16,0.8500889988210546
IXMtest_P07_s8_w19D682C29-5685-4A33-8CAA-F0797DD7F021,cubic,deterministic,-6.0,100,-1,0.5761418316880319,0.8001969884555998,0.72,18,7,7,25,25,0,0.0,0.6940496467763103
IXMtest_P07_s8_w19D682C29-5685-4A33-8CAA-F0797DD7F021,cubic,deterministic,-4.0,100,-1,0.6845027026147781,0.8184271444307128,0.8363636363636363,23,7,2,30,25,5,0.2,0.8450868456212802
IXMtest_P07_s8_w19D682C29-5685-4A33-8CAA-F0797DD7F021,cubic,deterministic,-2.0,100,-1,0.6751504487367126,0.836599469086796,0.8070175438596491,23,9,2,32,25,7,0.28,0.8569704576173006
IXMtest_P07_s8_w19D682C29-5685-4A33-8CAA-F0797DD7F021,cubic,deterministic,0.0,100,-1,0.6757075302760244,0.8372897657768128,0.8070175438596491,23,9,2,32,25,7,0.28,0.8568732305756527
IXMtest_P07_s8_w19D682C29-5685-4A33-8CAA-F0797DD7F021,cubic,deterministic,2.0,100,-1,0.6751504487367126,0.836599469086796,0.8070175438596491,23,9,2,32,25,7,0.28,0.8569704576173006
IXMtest_P07_s8_w19D682C29-5685-4A33-8CAA-F0797DD7F021,cubic,deterministic,4.0,100,-1,0.6845027026147781,0.8184271444307128,0.8363636363636363,23,7,2,30,25,5,0.2,0.8450868456212802
IXMtest_P07_s8_w19D682C29-5685-4A33-8CAA-F0797DD7F021,cubic,deterministic,6.0,100,-1,0.5761418316880319,0.8001969884555998,0.72,18,7,7,25,25,0,0.0,0.6940496467763103
IXMtest_P07_s8_w19D682C29-5685-4A33-8CAA-F0797DD7F021,cubic,poisson,-6.0,50,0,0.6501443461866072,0.7979044248653815,0.8148148148148148,22,7,3,29,25,4,0.16,0.8119447765042308
IXMtest_P07_s8_w19D682C29-5685-4A33-8CAA-F0797DD7F021,cubic,poisson,-6.0,50,1,0.6464796121376081,0.7934067967143371,0.8148148148148148,22,7,3,29,25,4,0.16,0.8208143740520359
IXMtest_P07_s8_w19D682C29-5685-4A33-8CAA-F0797DD7F021,cubic,poisson,-6.0,50,2,0.598303956873093,0.7834932768576218,0.7636363636363637,21,9,4,30,25,5,0.2,0.8112339295032971
IXMtest_P07_s8_w19D682C29-5685-4A33-8CAA-F0797DD7F021,cubic,poisson,-6.0,50,3,0.6510122565775975,0.7841738545139243,0.8301886792452831,22,6,3,28,25,3,0.12,0.800057290174735
IXMtest_P07_s8_w19D682C29-5685-4A33-8CAA-F0797DD7F021,cubic,poisson,-6.0,200,0,0.6950407251283817,0.800807791995744,0.8679245283018868,23,5,2,28,25,3,0.12,0.8275270047929036
IXMtest_P07_s8_w19D682C29-5685-4A33-8CAA-F0797DD7F021,cubic,poisson,-6.0,200,1,0.7074555572049313,0.81511183764916,0.8679245283018868,23,5,2,28,25,3,0.12,0.8461287465622523
IXMtest_P07_s8_w19D682C29-5685-4A33-8CAA-F0797DD7F021,cubic,poisson,-6.0,200,2,0.6897916944717963,0.8097554674234131,0.8518518518518519,23,6,2,29,25,4,0.16,0.8413145539906103
IXMtest_P07_s8_w19D682C29-5685-4A33-8CAA-F0797DD7F021,cubic,poisson,-6.0,200,3,0.6746419578527558,0.827969675546564,0.8148148148148148,22,7,3,29,25,4,0.16,0.8471528471528471
IXMtest_P07_s8_w19D682C29-5685-4A33-8CAA-F0797DD7F021,cubic,poisson,6.0,50,0,0.6710406063616965,0.7877433205115567,0.8518518518518519,23,6,2,29,25,4,0.16,0.8288686366565405
IXMtest_P07_s8_w19D682C29-5685-4A33-8CAA-F0797DD7F021,cubic,poisson,6.0,50,1,0.6786420530206002,0.802031517206164,0.8461538461538461,22,5,3,27,25,2,0.08,0.8183872696349106
IXMtest_P07_s8_w19D682C29-5685-4A33-8CAA-F0797DD7F021,cubic,poisson,6.0,50,2,0.6566485020794964,0.7851232090080936,0.8363636363636363,23,7,2,30,25,5,0.2,0.8354806286549707
IXMtest_P07_s8_w19D682C29-5685-4A33-8CAA-F0797DD7F021,cubic,poisson,6.0,50,3,0.6966026415347394,0.8026073913335041,0.8679245283018868,23,5,2,28,25,3,0.12,0.8339225880993645
IXMtest_P07_s8_w19D682C29-5685-4A33-8CAA-F0797DD7F021,cubic,poisson,6.0,200,0,0.6900550865319715,0.8100646667984013,0.8518518518518519,23,6,2,29,25,4,0.16,0.8411878782214538
IXMtest_P07_s8_w19D682C29-5685-4A33-8CAA-F0797DD7F021,cubic,poisson,6.0,200,1,0.6994374489940784,0.8058735825366555,0.8679245283018868,23,5,2,28,25,3,0.12,0.8361357311568953
IXMtest_P07_s8_w19D682C29-5685-4A33-8CAA-F0797DD7F021,cubic,poisson,6.0,200,2,0.6810442580287067,0.8203487653527604,0.8301886792452831,22,6,3,28,25,3,0.12,0.8421667601420826
IXMtest_P07_s8_w19D682C29-5685-4A33-8CAA-F0797DD7F021,cubic,poisson,6.0,200,3,0.6931986405846167,0.8137549259036804,0.8518518518518519,23,6,2,29,25,4,0.16,0.8500889988210546
IXMtest_P07_s8_w19D682C29-5685-4A33-8CAA-F0797DD7F021,image_fidelity,deterministic,-6.0,100,-1,0.5762510345062506,0.8003486590364591,0.72,18,7,7,25,25,0,0.0,0.6945763279897224
IXMtest_P07_s8_w19D682C29-5685-4A33-8CAA-F0797DD7F021,image_fidelity,deterministic,-4.0,100,-1,0.6846042691137317,0.8185485826359836,0.8363636363636363,23,7,2,30,25,5,0.2,0.8452942033914775
IXMtest_P07_s8_w19D682C29-5685-4A33-8CAA-F0797DD7F021,image_fidelity,deterministic,-2.0,100,-1,0.6751027067651355,0.8365403105567983,0.8070175438596491,23,9,2,32,25,7,0.28,0.8569635529809317
IXMtest_P07_s8_w19D682C29-5685-4A33-8CAA-F0797DD7F021,image_fidelity,deterministic,0.0,100,-1,0.6756926242710238,0.8372712952923556,0.8070175438596491,23,9,2,32,25,7,0.28,0.8569562377531026
IXMtest_P07_s8_w19D682C29-5685-4A33-8CAA-F0797DD7F021,image_fidelity,deterministic,2.0,100,-1,0.6749441564890913,0.8363438460843089,0.8070175438596491,23,9,2,32,25,7,0.28,0.8568808225129121
IXMtest_P07_s8_w19D682C29-5685-4A33-8CAA-F0797DD7F021,image_fidelity,deterministic,4.0,100,-1,0.6848317294621669,0.818820546096069,0.8363636363636363,23,7,2,30,25,5,0.2,0.8459334789997572
IXMtest_P07_s8_w19D682C29-5685-4A33-8CAA-F0797DD7F021,image_fidelity,deterministic,6.0,100,-1,0.5761979713319901,0.8002749601833197,0.72,18,7,7,25,25,0,0.0,0.6941672954920209
IXMtest_P07_s8_w19D682C29-5685-4A33-8CAA-F0797DD7F021,image_fidelity,poisson,-6.0,50,0,0.6747146817672075,0.7920563655528088,0.8518518518518519,23,6,2,29,25,4,0.16,0.8321883301273244
IXMtest_P07_s8_w19D682C29-5685-4A33-8CAA-F0797DD7F021,image_fidelity,poisson,-6.0,50,1,0.6495812796924203,0.8042434891429965,0.8076923076923077,21,6,4,27,25,2,0.08,0.8092289582107122
IXMtest_P07_s8_w19D682C29-5685-4A33-8CAA-F0797DD7F021,image_fidelity,poisson,-6.0,50,2,0.63931506315787,0.8151267055262842,0.7843137254901961,20,6,5,26,25,1,0.04,0.791138014527845
IXMtest_P07_s8_w19D682C29-5685-4A33-8CAA-F0797DD7F021,image_fidelity,poisson,-6.0,50,3,0.6589237775862679,0.793703641183459,0.8301886792452831,22,6,3,28,25,3,0.12,0.8257648351134691
IXMtest_P07_s8_w19D682C29-5685-4A33-8CAA-F0797DD7F021,image_fidelity,poisson,-6.0,200,0,0.705390381106682,0.8127323956229162,0.8679245283018868,23,5,2,28,25,3,0.12,0.8455166942765814
IXMtest_P07_s8_w19D682C29-5685-4A33-8CAA-F0797DD7F021,image_fidelity,poisson,-6.0,200,1,0.701436493984331,0.8081768300254248,0.8679245283018868,23,5,2,28,25,3,0.12,0.8421494934404034
IXMtest_P07_s8_w19D682C29-5685-4A33-8CAA-F0797DD7F021,image_fidelity,poisson,-6.0,200,2,0.7068081126052163,0.8143658688712274,0.8679245283018868,23,5,2,28,25,3,0.12,0.8491638252963143
IXMtest_P07_s8_w19D682C29-5685-4A33-8CAA-F0797DD7F021,image_fidelity,poisson,-6.0,200,3,0.701739076864696,0.808525458126715,0.8679245283018868,23,5,2,28,25,3,0.12,0.844363940365055
IXMtest_P07_s8_w19D682C29-5685-4A33-8CAA-F0797DD7F021,image_fidelity,poisson,6.0,50,0,0.6890678829465522,0.7939260390471145,0.8679245283018868,23,5,2,28,25,3,0.12,0.8277676490272553
IXMtest_P07_s8_w19D682C29-5685-4A33-8CAA-F0797DD7F021,image_fidelity,poisson,6.0,50,1,0.6650413240639224,0.8233844964600944,0.8076923076923077,21,6,4,27,25,2,0.08,0.8235568730888635
IXMtest_P07_s8_w19D682C29-5685-4A33-8CAA-F0797DD7F021,image_fidelity,poisson,6.0,50,2,0.6680476469728895,0.7987526213806287,0.8363636363636363,23,7,2,30,25,5,0.2,0.8420086293950243
IXMtest_P07_s8_w19D682C29-5685-4A33-8CAA-F0797DD7F021,image_fidelity,poisson,6.0,50,3,0.6572468503494556,0.7715506504102305,0.8518518518518519,23,6,2,29,25,4,0.16,0.8298342541436464
IXMtest_P07_s8_w19D682C29-5685-4A33-8CAA-F0797DD7F021,image_fidelity,poisson,6.0,200,0,0.7107560387221428,0.8189145663537731,0.8679245283018868,23,5,2,28,25,3,0.12,0.8441751404559595
IXMtest_P07_s8_w19D682C29-5685-4A33-8CAA-F0797DD7F021,image_fidelity,poisson,6.0,200,1,0.7031292508187034,0.7910204071710413,0.8888888888888888,24,5,1,29,25,4,0.16,0.8416183890861522
IXMtest_P07_s8_w19D682C29-5685-4A33-8CAA-F0797DD7F021,image_fidelity,poisson,6.0,200,2,0.7095859336748139,0.8175664018427204,0.8679245283018868,23,5,2,28,25,3,0.12,0.8497636181559888
IXMtest_P07_s8_w19D682C29-5685-4A33-8CAA-F0797DD7F021,image_fidelity,poisson,6.0,200,3,0.6893178028457603,0.8091991598624142,0.8518518518518519,23,6,2,29,25,4,0.16,0.841926081380436
IXMtest_P07_s8_w19D682C29-5685-4A33-8CAA-F0797DD7F021,exact_task,deterministic,-6.0,100,-1,0.6291292904772882,0.7721132201312173,0.8148148148148148,22,7,3,29,25,4,0.16,0.7983758469509765
IXMtest_P07_s8_w19D682C29-5685-4A33-8CAA-F0797DD7F021,exact_task,deterministic,-4.0,100,-1,0.6765987037126476,0.8089767109607743,0.8363636363636363,23,7,2,30,25,5,0.2,0.8502170767004341
IXMtest_P07_s8_w19D682C29-5685-4A33-8CAA-F0797DD7F021,exact_task,deterministic,-2.0,100,-1,0.7048916162326488,0.8428051933216453,0.8363636363636363,23,7,2,30,25,5,0.2,0.8620149055739128
IXMtest_P07_s8_w19D682C29-5685-4A33-8CAA-F0797DD7F021,exact_task,deterministic,0.0,100,-1,0.7141247484732965,0.8538448079572024,0.8363636363636363,23,7,2,30,25,5,0.2,0.8667373800684635
IXMtest_P07_s8_w19D682C29-5685-4A33-8CAA-F0797DD7F021,exact_task,deterministic,2.0,100,-1,0.7026731463355227,0.8401526749663858,0.8363636363636363,23,7,2,30,25,5,0.2,0.8600878675228117
IXMtest_P07_s8_w19D682C29-5685-4A33-8CAA-F0797DD7F021,exact_task,deterministic,4.0,100,-1,0.6759319416387775,0.8081794954376688,0.8363636363636363,23,7,2,30,25,5,0.2,0.848151100161824
IXMtest_P07_s8_w19D682C29-5685-4A33-8CAA-F0797DD7F021,exact_task,deterministic,6.0,100,-1,0.6289912548755597,0.7719438128018233,0.8148148148148148,22,7,3,29,25,4,0.16,0.800427318575936
IXMtest_P07_s8_w19D682C29-5685-4A33-8CAA-F0797DD7F021,exact_task,poisson,-6.0,50,0,0.637222114336815,0.7965276429210187,0.8,22,8,3,30,25,5,0.2,0.8353617699360292
IXMtest_P07_s8_w19D682C29-5685-4A33-8CAA-F0797DD7F021,exact_task,poisson,-6.0,50,1,0.6278551391587075,0.8072423217754812,0.7777777777777778,21,8,4,29,25,4,0.16,0.8189202552209639
IXMtest_P07_s8_w19D682C29-5685-4A33-8CAA-F0797DD7F021,exact_task,poisson,-6.0,50,2,0.6960527011026526,0.8019737643139259,0.8679245283018868,23,5,2,28,25,3,0.12,0.8323228583329476
IXMtest_P07_s8_w19D682C29-5685-4A33-8CAA-F0797DD7F021,exact_task,poisson,-6.0,50,3,0.7096112320126622,0.798312636014245,0.8888888888888888,24,5,1,29,25,4,0.16,0.845091743119266
IXMtest_P07_s8_w19D682C29-5685-4A33-8CAA-F0797DD7F021,exact_task,poisson,-6.0,200,0,0.6990135126449286,0.8053851341343743,0.8679245283018868,23,5,2,28,25,3,0.12,0.8392090634015903
IXMtest_P07_s8_w19D682C29-5685-4A33-8CAA-F0797DD7F021,exact_task,poisson,-6.0,200,1,0.6949359483475516,0.800687070922179,0.8679245283018868,23,5,2,28,25,3,0.12,0.8374867880211392
IXMtest_P07_s8_w19D682C29-5685-4A33-8CAA-F0797DD7F021,exact_task,poisson,-6.0,200,2,0.7289210889376998,0.8048503690353769,0.9056603773584906,24,4,1,28,25,3,0.12,0.8406988694758479
IXMtest_P07_s8_w19D682C29-5685-4A33-8CAA-F0797DD7F021,exact_task,poisson,-6.0,200,3,0.7106316420493403,0.7994605973055079,0.8888888888888888,24,5,1,29,25,4,0.16,0.842637218660802
IXMtest_P07_s8_w19D682C29-5685-4A33-8CAA-F0797DD7F021,exact_task,poisson,6.0,50,0,0.6969144015050707,0.802966593038451,0.8679245283018868,23,5,2,28,25,3,0.12,0.8385466905516513
IXMtest_P07_s8_w19D682C29-5685-4A33-8CAA-F0797DD7F021,exact_task,poisson,6.0,50,1,0.6041999382340458,0.7854599197042595,0.7692307692307693,20,7,5,27,25,2,0.08,0.7829451704752866
IXMtest_P07_s8_w19D682C29-5685-4A33-8CAA-F0797DD7F021,exact_task,poisson,6.0,50,2,0.6377483721566715,0.8199621927728634,0.7777777777777778,21,8,4,29,25,4,0.16,0.8241696378307375
IXMtest_P07_s8_w19D682C29-5685-4A33-8CAA-F0797DD7F021,exact_task,poisson,6.0,50,3,0.7338851246610792,0.810331491813275,0.9056603773584906,24,4,1,28,25,3,0.12,0.8455176521798896
IXMtest_P07_s8_w19D682C29-5685-4A33-8CAA-F0797DD7F021,exact_task,poisson,6.0,200,0,0.7002357276570984,0.8067933383875264,0.8679245283018868,23,5,2,28,25,3,0.12,0.8392068941357809
IXMtest_P07_s8_w19D682C29-5685-4A33-8CAA-F0797DD7F021,exact_task,poisson,6.0,200,1,0.7082474615734989,0.7967783942701864,0.8888888888888888,24,5,1,29,25,4,0.16,0.8406622918661405
IXMtest_P07_s8_w19D682C29-5685-4A33-8CAA-F0797DD7F021,exact_task,poisson,6.0,200,2,0.6778397329677651,0.7957249039186808,0.8518518518518519,23,6,2,29,25,4,0.16,0.8380478414986268
IXMtest_P07_s8_w19D682C29-5685-4A33-8CAA-F0797DD7F021,exact_task,poisson,6.0,200,3,0.6932236432230318,0.7987141976265366,0.8679245283018868,23,5,2,28,25,3,0.12,0.8365801626931102
IXMtest_P07_s8_w19D682C29-5685-4A33-8CAA-F0797DD7F021,surrogate,deterministic,-6.0,100,-1,0.5705954547983086,0.792493687219873,0.72,18,7,7,25,25,0,0.0,0.6945825118707134
IXMtest_P07_s8_w19D682C29-5685-4A33-8CAA-F0797DD7F021,surrogate,deterministic,-4.0,100,-1,0.681679403973212,0.8150514612723186,0.8363636363636363,23,7,2,30,25,5,0.2,0.8455591905973585
IXMtest_P07_s8_w19D682C29-5685-4A33-8CAA-F0797DD7F021,surrogate,deterministic,-2.0,100,-1,0.6772176665557296,0.8391610216016648,0.8070175438596491,23,9,2,32,25,7,0.28,0.8580459908790387
IXMtest_P07_s8_w19D682C29-5685-4A33-8CAA-F0797DD7F021,surrogate,deterministic,0.0,100,-1,0.6784686905420471,0.840711203497754,0.8070175438596491,23,9,2,32,25,7,0.28,0.8586980187241454
IXMtest_P07_s8_w19D682C29-5685-4A33-8CAA-F0797DD7F021,surrogate,deterministic,2.0,100,-1,0.676747203274485,0.8385780562314271,0.8070175438596491,23,9,2,32,25,7,0.28,0.8576670529161838
IXMtest_P07_s8_w19D682C29-5685-4A33-8CAA-F0797DD7F021,surrogate,deterministic,4.0,100,-1,0.6511736255261498,0.8287664324878269,0.7857142857142857,22,9,3,31,25,6,0.24,0.8470662277304415
IXMtest_P07_s8_w19D682C29-5685-4A33-8CAA-F0797DD7F021,surrogate,deterministic,6.0,100,-1,0.5714384981488402,0.793664580762278,0.72,18,7,7,25,25,0,0.0,0.6951740989615149
IXMtest_P07_s8_w19D682C29-5685-4A33-8CAA-F0797DD7F021,surrogate,poisson,-6.0,50,0,0.6775776227031092,0.8007735541036745,0.8461538461538461,22,5,3,27,25,2,0.08,0.8164848258299652
IXMtest_P07_s8_w19D682C29-5685-4A33-8CAA-F0797DD7F021,surrogate,poisson,-6.0,50,1,0.6454355009982555,0.7921253875887682,0.8148148148148148,22,7,3,29,25,4,0.16,0.8353419186006473
IXMtest_P07_s8_w19D682C29-5685-4A33-8CAA-F0797DD7F021,surrogate,poisson,-6.0,50,2,0.657657241489399,0.8071247963733533,0.8148148148148148,22,7,3,29,25,4,0.16,0.8296079660190795
IXMtest_P07_s8_w19D682C29-5685-4A33-8CAA-F0797DD7F021,surrogate,poisson,-6.0,50,3,0.6908128921085745,0.7959365930816185,0.8679245283018868,23,5,2,28,25,3,0.12,0.8363049244608465
IXMtest_P07_s8_w19D682C29-5685-4A33-8CAA-F0797DD7F021,surrogate,poisson,-6.0,200,0,0.6405156535916405,0.823520126046395,0.7777777777777778,21,8,4,29,25,4,0.16,0.8460783397214172
IXMtest_P07_s8_w19D682C29-5685-4A33-8CAA-F0797DD7F021,surrogate,poisson,-6.0,200,1,0.7030666708076374,0.8100550772348866,0.8679245283018868,23,5,2,28,25,3,0.12,0.8422280820479313
IXMtest_P07_s8_w19D682C29-5685-4A33-8CAA-F0797DD7F021,surrogate,poisson,-6.0,200,2,0.705541326217005,0.8129063106413319,0.8679245283018868,23,5,2,28,25,3,0.12,0.8427221792437349
IXMtest_P07_s8_w19D682C29-5685-4A33-8CAA-F0797DD7F021,surrogate,poisson,-6.0,200,3,0.6919537312036751,0.8122935105434447,0.8518518518518519,23,6,2,29,25,4,0.16,0.8466083558202289
IXMtest_P07_s8_w19D682C29-5685-4A33-8CAA-F0797DD7F021,surrogate,poisson,6.0,50,0,0.6712770783776018,0.7880209180954456,0.8518518518518519,23,6,2,29,25,4,0.16,0.8277820095561249
IXMtest_P07_s8_w19D682C29-5685-4A33-8CAA-F0797DD7F021,surrogate,poisson,6.0,50,1,0.6259615206396255,0.782451900799532,0.8,22,8,3,30,25,5,0.2,0.8258782965240891
IXMtest_P07_s8_w19D682C29-5685-4A33-8CAA-F0797DD7F021,surrogate,poisson,6.0,50,2,0.6789794006656477,0.8178615508018029,0.8301886792452831,22,6,3,28,25,3,0.12,0.8275910201232988
IXMtest_P07_s8_w19D682C29-5685-4A33-8CAA-F0797DD7F021,surrogate,poisson,6.0,50,3,0.6836631456362464,0.8025610840077676,0.8518518518518519,23,6,2,29,25,4,0.16,0.8372443045768626
IXMtest_P07_s8_w19D682C29-5685-4A33-8CAA-F0797DD7F021,surrogate,poisson,6.0,200,0,0.6838291196785541,0.823703257794622,0.8301886792452831,22,6,3,28,25,3,0.12,0.8441655391219148
IXMtest_P07_s8_w19D682C29-5685-4A33-8CAA-F0797DD7F021,surrogate,poisson,6.0,200,1,0.6980568123977277,0.8042828490669471,0.8679245283018868,23,5,2,28,25,3,0.12,0.8350321762412514
IXMtest_P07_s8_w19D682C29-5685-4A33-8CAA-F0797DD7F021,surrogate,poisson,6.0,200,2,0.7096794625293138,0.798389395345478,0.8888888888888888,24,5,1,29,25,4,0.16,0.840633431085044
IXMtest_P07_s8_w19D682C29-5685-4A33-8CAA-F0797DD7F021,surrogate,poisson,6.0,200,3,0.6813040359732185,0.8206616796950132,0.8301886792452831,22,6,3,28,25,3,0.12,0.8378258120418726
IXMtest_P15_s8_w1D26A5BC7-CF59-4027-B785-85AD33773609,clear,deterministic,-6.0,100,-1,0.5966455459513729,0.809733240934006,0.7368421052631579,28,6,14,34,42,8,0.19047619047619047,0.716817876344086
IXMtest_P15_s8_w1D26A5BC7-CF59-4027-B785-85AD33773609,clear,deterministic,-4.0,100,-1,0.6780943830670936,0.837646002612292,0.8095238095238095,34,8,8,42,42,0,0.0,0.8468299844022388
IXMtest_P15_s8_w1D26A5BC7-CF59-4027-B785-85AD33773609,clear,deterministic,-2.0,100,-1,0.6937972011971391,0.8438074068613853,0.8222222222222222,37,11,5,48,42,6,0.14285714285714285,0.8837096802059398
IXMtest_P15_s8_w1D26A5BC7-CF59-4027-B785-85AD33773609,clear,deterministic,0.0,100,-1,0.7064544959541592,0.8496547316205428,0.8314606741573034,37,10,5,47,42,5,0.11904761904761904,0.8830931216017951
IXMtest_P15_s8_w1D26A5BC7-CF59-4027-B785-85AD33773609,clear,deterministic,2.0,100,-1,0.6937972011971391,0.8438074068613853,0.8222222222222222,37,11,5,48,42,6,0.14285714285714285,0.8837096802059398
IXMtest_P15_s8_w1D26A5BC7-CF59-4027-B785-85AD33773609,clear,deterministic,4.0,100,-1,0.6780943830670936,0.837646002612292,0.8095238095238095,34,8,8,42,42,0,0.0,0.8468299844022388
IXMtest_P15_s8_w1D26A5BC7-CF59-4027-B785-85AD33773609,clear,deterministic,6.0,100,-1,0.5966455459513729,0.809733240934006,0.7368421052631579,28,6,14,34,42,8,0.19047619047619047,0.716817876344086
IXMtest_P15_s8_w1D26A5BC7-CF59-4027-B785-85AD33773609,clear,poisson,-6.0,50,0,0.6382518702765712,0.788428780929882,0.8095238095238095,34,8,8,42,42,0,0.0,0.8027599418212779
IXMtest_P15_s8_w1D26A5BC7-CF59-4027-B785-85AD33773609,clear,poisson,-6.0,50,1,0.6586410993763108,0.8039295771799086,0.8192771084337349,34,7,8,41,42,1,0.023809523809523808,0.8142751296616448
IXMtest_P15_s8_w1D26A5BC7-CF59-4027-B785-85AD33773609,clear,poisson,-6.0,50,2,0.6341052007033469,0.7926315008791835,0.8,34,9,8,43,42,1,0.023809523809523808,0.8107540800083961
IXMtest_P15_s8_w1D26A5BC7-CF59-4027-B785-85AD33773609,clear,poisson,-6.0,50,3,0.6094783775253902,0.7904172708532404,0.7710843373493976,32,9,10,41,42,1,0.023809523809523808,0.7964179318760992
IXMtest_P15_s8_w1D26A5BC7-CF59-4027-B785-85AD33773609,clear,poisson,-6.0,200,0,0.7038135883547305,0.8308910418076679,0.8470588235294118,36,7,6,43,42,1,0.023809523809523808,0.8839908391162846
IXMtest_P15_s8_w1D26A5BC7-CF59-4027-B785-85AD33773609,clear,poisson,-6.0,200,1,0.686515721053738,0.8336262327081104,0.8235294117647058,35,8,7,43,42,1,0.023809523809523808,0.8623435326842838
IXMtest_P15_s8_w1D26A5BC7-CF59-4027-B785-85AD33773609,clear,poisson,-6.0,200,2,0.6801130038903306,0.825851504723973,0.8235294117647058,35,8,7,43,42,1,0.023809523809523808,0.8523009189699151
IXMtest_P15_s8_w1D26A5BC7-CF59-4027-B785-85AD33773609,clear,poisson,-6.0,200,3,0.705721109841609,0.833142976896344,0.8470588235294118,36,7,6,43,42,1,0.023809523809523808,0.8570681905292867
IXMtest_P15_s8_w1D26A5BC7-CF59-4027-B785-85AD33773609,clear,poisson,6.0,50,0,0.6498318679133382,0.7931771328942216,0.8192771084337349,34,7,8,41,42,1,0.023809523809523808,0.8184964941865626
IXMtest_P15_s8_w1D26A5BC7-CF59-4027-B785-85AD33773609,clear,poisson,6.0,50,1,0.6406189106774601,0.7959204647810868,0.8048780487804879,33,7,9,40,42,2,0.047619047619047616,0.7959399223071553
IXMtest_P15_s8_w1D26A5BC7-CF59-4027-B785-85AD33773609,clear,poisson,6.0,50,2,0.6285406057399405,0.7856757571749257,0.8,34,9,8,43,42,1,0.023809523809523808,0.8107203859902445
IXMtest_P15_s8_w1D26A5BC7-CF59-4027-B785-85AD33773609,clear,poisson,6.0,50,3,0.6272963676184593,0.7841204595230742,0.8,32,6,10,38,42,4,0.09523809523809523,0.7852042433394858
IXMtest_P15_s8_w1D26A5BC7-CF59-4027-B785-85AD33773609,clear,poisson,6.0,200,0,0.6907668064115244,0.8250825743248764,0.8372093023255814,36,8,6,44,42,2,0.047619047619047616,0.8659380188157166
IXMtest_P15_s8_w1D26A5BC7-CF59-4027-B785-85AD33773609,clear,poisson,6.0,200,1,0.6775476404505935,0.8227364205471491,0.8235294117647058,35,8,7,43,42,1,0.023809523809523808,0.835819312879966
IXMtest_P15_s8_w1D26A5BC7-CF59-4027-B785-85AD33773609,clear,poisson,6.0,200,2,0.6707831471160379,0.8241050093139894,0.813953488372093,35,9,7,44,42,2,0.047619047619047616,0.850592720246488
IXMtest_P15_s8_w1D26A5BC7-CF59-4027-B785-85AD33773609,clear,poisson,6.0,200,3,0.6740227591702155,0.8280851041234075,0.813953488372093,35,9,7,44,42,2,0.047619047619047616,0.8532541108194003
IXMtest_P15_s8_w1D26A5BC7-CF59-4027-B785-85AD33773609,cubic,deterministic,-6.0,100,-1,0.5966455459513729,0.809733240934006,0.7368421052631579,28,6,14,34,42,8,0.19047619047619047,0.716817876344086
IXMtest_P15_s8_w1D26A5BC7-CF59-4027-B785-85AD33773609,cubic,deterministic,-4.0,100,-1,0.6780943830670936,0.837646002612292,0.8095238095238095,34,8,8,42,42,0,0.0,0.8468299844022388
IXMtest_P15_s8_w1D26A5BC7-CF59-4027-B785-85AD33773609,cubic,deterministic,-2.0,100,-1,0.6937972011971391,0.8438074068613853,0.8222222222222222,37,11,5,48,42,6,0.14285714285714285,0.8837096802059398
IXMtest_P15_s8_w1D26A5BC7-CF59-4027-B785-85AD33773609,cubic,deterministic,0.0,100,-1,0.7064544959541592,0.8496547316205428,0.8314606741573034,37,10,5,47,42,5,0.11904761904761904,0.8830931216017951
IXMtest_P15_s8_w1D26A5BC7-CF59-4027-B785-85AD33773609,cubic,deterministic,2.0,100,-1,0.6937972011971391,0.8438074068613853,0.8222222222222222,37,11,5,48,42,6,0.14285714285714285,0.8837096802059398
IXMtest_P15_s8_w1D26A5BC7-CF59-4027-B785-85AD33773609,cubic,deterministic,4.0,100,-1,0.6780943830670936,0.837646002612292,0.8095238095238095,34,8,8,42,42,0,0.0,0.8468299844022388
IXMtest_P15_s8_w1D26A5BC7-CF59-4027-B785-85AD33773609,cubic,deterministic,6.0,100,-1,0.5966455459513729,0.809733240934006,0.7368421052631579,28,6,14,34,42,8,0.19047619047619047,0.716817876344086
IXMtest_P15_s8_w1D26A5BC7-CF59-4027-B785-85AD33773609,cubic,poisson,-6.0,50,0,0.6382518702765712,0.788428780929882,0.8095238095238095,34,8,8,42,42,0,0.0,0.8027599418212779
IXMtest_P15_s8_w1D26A5BC7-CF59-4027-B785-85AD33773609,cubic,poisson,-6.0,50,1,0.6586410993763108,0.8039295771799086,0.8192771084337349,34,7,8,41,42,1,0.023809523809523808,0.8142751296616448
IXMtest_P15_s8_w1D26A5BC7-CF59-4027-B785-85AD33773609,cubic,poisson,-6.0,50,2,0.6341052007033469,0.7926315008791835,0.8,34,9,8,43,42,1,0.023809523809523808,0.8107540800083961
IXMtest_P15_s8_w1D26A5BC7-CF59-4027-B785-85AD33773609,cubic,poisson,-6.0,50,3,0.6094783775253902,0.7904172708532404,0.7710843373493976,32,9,10,41,42,1,0.023809523809523808,0.7964179318760992
IXMtest_P15_s8_w1D26A5BC7-CF59-4027-B785-85AD33773609,cubic,poisson,-6.0,200,0,0.7038135883547305,0.8308910418076679,0.8470588235294118,36,7,6,43,42,1,0.023809523809523808,0.8839908391162846
IXMtest_P15_s8_w1D26A5BC7-CF59-4027-B785-85AD33773609,cubic,poisson,-6.0,200,1,0.686515721053738,0.8336262327081104,0.8235294117647058,35,8,7,43,42,1,0.023809523809523808,0.8623435326842838
IXMtest_P15_s8_w1D26A5BC7-CF59-4027-B785-85AD33773609,cubic,poisson,-6.0,200,2,0.6801130038903306,0.825851504723973,0.8235294117647058,35,8,7,43,42,1,0.023809523809523808,0.8523009189699151
IXMtest_P15_s8_w1D26A5BC7-CF59-4027-B785-85AD33773609,cubic,poisson,-6.0,200,3,0.705721109841609,0.833142976896344,0.8470588235294118,36,7,6,43,42,1,0.023809523809523808,0.8570681905292867
IXMtest_P15_s8_w1D26A5BC7-CF59-4027-B785-85AD33773609,cubic,poisson,6.0,50,0,0.6498318679133382,0.7931771328942216,0.8192771084337349,34,7,8,41,42,1,0.023809523809523808,0.8184964941865626
IXMtest_P15_s8_w1D26A5BC7-CF59-4027-B785-85AD33773609,cubic,poisson,6.0,50,1,0.6406189106774601,0.7959204647810868,0.8048780487804879,33,7,9,40,42,2,0.047619047619047616,0.7959399223071553
IXMtest_P15_s8_w1D26A5BC7-CF59-4027-B785-85AD33773609,cubic,poisson,6.0,50,2,0.6285406057399405,0.7856757571749257,0.8,34,9,8,43,42,1,0.023809523809523808,0.8107203859902445
IXMtest_P15_s8_w1D26A5BC7-CF59-4027-B785-85AD33773609,cubic,poisson,6.0,50,3,0.6272963676184593,0.7841204595230742,0.8,32,6,10,38,42,4,0.09523809523809523,0.7852042433394858
IXMtest_P15_s8_w1D26A5BC7-CF59-4027-B785-85AD33773609,cubic,poisson,6.0,200,0,0.6907668064115244,0.8250825743248764,0.8372093023255814,36,8,6,44,42,2,0.047619047619047616,0.8659380188157166
IXMtest_P15_s8_w1D26A5BC7-CF59-4027-B785-85AD33773609,cubic,poisson,6.0,200,1,0.6775476404505935,0.8227364205471491,0.8235294117647058,35,8,7,43,42,1,0.023809523809523808,0.835819312879966
IXMtest_P15_s8_w1D26A5BC7-CF59-4027-B785-85AD33773609,cubic,poisson,6.0,200,2,0.6707831471160379,0.8241050093139894,0.813953488372093,35,9,7,44,42,2,0.047619047619047616,0.850592720246488
IXMtest_P15_s8_w1D26A5BC7-CF59-4027-B785-85AD33773609,cubic,poisson,6.0,200,3,0.6740227591702155,0.8280851041234075,0.813953488372093,35,9,7,44,42,2,0.047619047619047616,0.8532541108194003
IXMtest_P15_s8_w1D26A5BC7-CF59-4027-B785-85AD33773609,image_fidelity,deterministic,-6.0,100,-1,0.5956896780110212,0.8084359915863859,0.7368421052631579,28,6,14,34,42,8,0.19047619047619047,0.7158911879004306
IXMtest_P15_s8_w1D26A5BC7-CF59-4027-B785-85AD33773609,image_fidelity,deterministic,-4.0,100,-1,0.6782069714307302,0.8377850823556079,0.8095238095238095,34,8,8,42,42,0,0.0,0.8468316322784345
IXMtest_P15_s8_w1D26A5BC7-CF59-4027-B785-85AD33773609,image_fidelity,deterministic,-2.0,100,-1,0.6938373847201124,0.8438562787136501,0.8222222222222222,37,11,5,48,42,6,0.14285714285714285,0.883674315731269
IXMtest_P15_s8_w1D26A5BC7-CF59-4027-B785-85AD33773609,image_fidelity,deterministic,0.0,100,-1,0.7066253106690435,0.8498601709397956,0.8314606741573034,37,10,5,47,42,5,0.11904761904761904,0.8832150810502875
IXMtest_P15_s8_w1D26A5BC7-CF59-4027-B785-85AD33773609,image_fidelity,deterministic,2.0,100,-1,0.6939156531041994,0.8439514699915939,0.8222222222222222,37,11,5,48,42,6,0.14285714285714285,0.8837321814254859
IXMtest_P15_s8_w1D26A5BC7-CF59-4027-B785-85AD33773609,image_fidelity,deterministic,4.0,100,-1,0.6701357190193612,0.8376696487742015,0.8,34,9,8,43,42,1,0.023809523809523808,0.8439433319910679
IXMtest_P15_s8_w1D26A5BC7-CF59-4027-B785-85AD33773609,image_fidelity,deterministic,6.0,100,-1,0.5959577538778195,0.8087998088341835,0.7368421052631579,28,6,14,34,42,8,0.19047619047619047,0.7161401445135271
IXMtest_P15_s8_w1D26A5BC7-CF59-4027-B785-85AD33773609,image_fidelity,poisson,-6.0,50,0,0.6049153215767368,0.7964718400760368,0.759493670886076,30,7,12,37,42,5,0.11904761904761904,0.7807305296524271
IXMtest_P15_s8_w1D26A5BC7-CF59-4027-B785-85AD33773609,image_fidelity,poisson,-6.0,50,1,0.6314559185027993,0.7941036550868537,0.7951807228915663,33,8,9,41,42,1,0.023809523809523808,0.801618559482061
IXMtest_P15_s8_w1D26A5BC7-CF59-4027-B785-85AD33773609,image_fidelity,poisson,-6.0,50,2,0.6107095831429757,0.7880123653457751,0.775,31,7,11,38,42,4,0.09523809523809523,0.7809548406139315
IXMtest_P15_s8_w1D26A5BC7-CF59-4027-B785-85AD33773609,image_fidelity,poisson,-6.0,50,3,0.6102201417636022,0.7913792463496716,0.7710843373493976,32,9,10,41,42,1,0.023809523809523808,0.7833306260941758
IXMtest_P15_s8_w1D26A5BC7-CF59-4027-B785-85AD33773609,image_fidelity,poisson,-6.0,200,0,0.6732727670252482,0.8175455028163728,0.8235294117647058,35,8,7,43,42,1,0.023809523809523808,0.8397194693235819
IXMtest_P15_s8_w1D26A5BC7-CF59-4027-B785-85AD33773609,image_fidelity,poisson,-6.0,200,1,0.6684561389746143,0.8212461135973833,0.813953488372093,35,9,7,44,42,2,0.047619047619047616,0.8512089167344536
IXMtest_P15_s8_w1D26A5BC7-CF59-4027-B785-85AD33773609,image_fidelity,poisson,-6.0,200,2,0.6915658696206719,0.8260370109358025,0.8372093023255814,36,8,6,44,42,2,0.047619047619047616,0.8704047275475847
IXMtest_P15_s8_w1D26A5BC7-CF59-4027-B785-85AD33773609,image_fidelity,poisson,-6.0,200,3,0.6904737578286925,0.828568509394431,0.8333333333333334,35,7,7,42,42,0,0.0,0.8416332727240631
IXMtest_P15_s8_w1D26A5BC7-CF59-4027-B785-85AD33773609,image_fidelity,poisson,6.0,50,0,0.6487636126612095,0.7918732331011822,0.8192771084337349,34,7,8,41,42,1,0.023809523809523808,0.8323176164510496
IXMtest_P15_s8_w1D26A5BC7-CF59-4027-B785-85AD33773609,image_fidelity,poisson,6.0,50,1,0.5846698911345045,0.7893043530315811,0.7407407407407407,30,9,12,39,42,3,0.07142857142857142,0.7881648545401116
IXMtest_P15_s8_w1D26A5BC7-CF59-4027-B785-85AD33773609,image_fidelity,poisson,6.0,50,2,0.6771950226720926,0.8029598125969098,0.8433734939759037,35,6,7,41,42,1,0.023809523809523808,0.8261285521933244
IXMtest_P15_s8_w1D26A5BC7-CF59-4027-B785-85AD33773609,image_fidelity,poisson,6.0,50,3,0.5993414673136892,0.7926774245116535,0.7560975609756098,31,9,11,40,42,2,0.047619047619047616,0.7805520951813537
IXMtest_P15_s8_w1D26A5BC7-CF59-4027-B785-85AD33773609,image_fidelity,poisson,6.0,200,0,0.6750025423014195,0.8292888376846012,0.813953488372093,35,9,7,44,42,2,0.047619047619047616,0.8528202370005379
IXMtest_P15_s8_w1D26A5BC7-CF59-4027-B785-85AD33773609,image_fidelity,poisson,6.0,200,1,0.631878489354441,0.8233568194618474,0.7674418604651163,33,11,9,44,42,2,0.047619047619047616,0.8349662761803337
IXMtest_P15_s8_w1D26A5BC7-CF59-4027-B785-85AD33773609,image_fidelity,poisson,6.0,200,2,0.6731778870191014,0.8270471183377531,0.813953488372093,35,9,7,44,42,2,0.047619047619047616,0.8517403639886513
IXMtest_P15_s8_w1D26A5BC7-CF59-4027-B785-85AD33773609,image_fidelity,poisson,6.0,200,3,0.664058195463923,0.8253294715051614,0.8045977011494253,35,10,7,45,42,3,0.07142857142857142,0.8554424108985826
IXMtest_P15_s8_w1D26A5BC7-CF59-4027-B785-85AD33773609,exact_task,deterministic,-6.0,100,-1,0.5985692775035577,0.8080685246298029,0.7407407407407407,30,9,12,39,42,3,0.07142857142857142,0.7632723425929554
IXMtest_P15_s8_w1D26A5BC7-CF59-4027-B785-85AD33773609,exact_task,deterministic,-4.0,100,-1,0.6862326331596673,0.8430858064533057,0.813953488372093,35,9,7,44,42,2,0.047619047619047616,0.8597316040709718
IXMtest_P15_s8_w1D26A5BC7-CF59-4027-B785-85AD33773609,exact_task,deterministic,-2.0,100,-1,0.7043398084847271,0.8608597659257776,0.8181818181818182,36,10,6,46,42,4,0.09523809523809523,0.8736282184954142
IXMtest_P15_s8_w1D26A5BC7-CF59-4027-B785-85AD33773609,exact_task,deterministic,0.0,100,-1,0.7217386709953179,0.8680370502511255,0.8314606741573034,37,10,5,47,42,5,0.11904761904761904,0.8936140619295165
IXMtest_P15_s8_w1D26A5BC7-CF59-4027-B785-85AD33773609,exact_task,deterministic,2.0,100,-1,0.7039359324666612,0.8603661396814748,0.8181818181818182,36,10,6,46,42,4,0.09523809523809523,0.8732797456055119
IXMtest_P15_s8_w1D26A5BC7-CF59-4027-B785-85AD33773609,exact_task,deterministic,4.0,100,-1,0.686284863748112,0.8431499754619662,0.813953488372093,35,9,7,44,42,2,0.047619047619047616,0.8596784936364782
IXMtest_P15_s8_w1D26A5BC7-CF59-4027-B785-85AD33773609,exact_task,deterministic,6.0,100,-1,0.5975471941851345,0.8066887121499315,0.7407407407407407,30,9,12,39,42,3,0.07142857142857142,0.7626192388302352
IXMtest_P15_s8_w1D26A5BC7-CF59-4027-B785-85AD33773609,exact_task,poisson,-6.0,50,0,0.6080251152592229,0.7943553925160814,0.7654320987654321,31,8,11,39,42,3,0.07142857142857142,0.794178641560682
IXMtest_P15_s8_w1D26A5BC7-CF59-4027-B785-85AD33773609,exact_task,poisson,-6.0,50,1,0.610666720907239,0.7824167361623999,0.7804878048780488,32,8,10,40,42,2,0.047619047619047616,0.772461273666093
IXMtest_P15_s8_w1D26A5BC7-CF59-4027-B785-85AD33773609,exact_task,poisson,-6.0,50,2,0.6176061461289356,0.7969111562954008,0.775,31,7,11,38,42,4,0.09523809523809523,0.7744173037479023
IXMtest_P15_s8_w1D26A5BC7-CF59-4027-B785-85AD33773609,exact_task,poisson,-6.0,50,3,0.6500518142481331,0.7977908629408906,0.8148148148148148,33,6,9,39,42,3,0.07142857142857142,0.800337014854296
IXMtest_P15_s8_w1D26A5BC7-CF59-4027-B785-85AD33773609,exact_task,poisson,-6.0,200,0,0.6952613217641954,0.8304510232183445,0.8372093023255814,36,8,6,44,42,2,0.047619047619047616,0.85244021134594
IXMtest_P15_s8_w1D26A5BC7-CF59-4027-B785-85AD33773609,exact_task,poisson,-6.0,200,1,0.6967309371209606,0.8285448981978991,0.8409090909090909,37,9,5,46,42,4,0.09523809523809523,0.8808297134390679
IXMtest_P15_s8_w1D26A5BC7-CF59-4027-B785-85AD33773609,exact_task,poisson,-6.0,200,2,0.6826553882666615,0.8289386857523747,0.8235294117647058,35,8,7,43,42,1,0.023809523809523808,0.8564213312898394
IXMtest_P15_s8_w1D26A5BC7-CF59-4027-B785-85AD33773609,exact_task,poisson,-6.0,200,3,0.680506546621805,0.822278743834681,0.8275862068965517,36,9,6,45,42,3,0.07142857142857142,0.8651877717298279
IXMtest_P15_s8_w1D26A5BC7-CF59-4027-B785-85AD33773609,exact_task,poisson,6.0,50,0,0.651317678379982,0.8092128731387656,0.8048780487804879,33,7,9,40,42,2,0.047619047619047616,0.7985394107277763
IXMtest_P15_s8_w1D26A5BC7-CF59-4027-B785-85AD33773609,exact_task,poisson,6.0,50,1,0.6350139567902982,0.7985781577817386,0.7951807228915663,33,8,9,41,42,1,0.023809523809523808,0.7920291284773914
IXMtest_P15_s8_w1D26A5BC7-CF59-4027-B785-85AD33773609,exact_task,poisson,6.0,50,2,0.6084366123347353,0.7948929935340897,0.7654320987654321,31,8,11,39,42,3,0.07142857142857142,0.7797949358715226
IXMtest_P15_s8_w1D26A5BC7-CF59-4027-B785-85AD33773609,exact_task,poisson,6.0,50,3,0.6366694847927845,0.8006601096636532,0.7951807228915663,33,8,9,41,42,1,0.023809523809523808,0.7976190476190477
IXMtest_P15_s8_w1D26A5BC7-CF59-4027-B785-85AD33773609,exact_task,poisson,6.0,200,0,0.668162256474099,0.8166427579127877,0.8181818181818182,36,10,6,46,42,4,0.09523809523809523,0.8625025697252107
IXMtest_P15_s8_w1D26A5BC7-CF59-4027-B785-85AD33773609,exact_task,poisson,6.0,200,1,0.6585836605779948,0.8279337447266221,0.7954545454545454,35,11,7,46,42,4,0.09523809523809523,0.8643260832334304
IXMtest_P15_s8_w1D26A5BC7-CF59-4027-B785-85AD33773609,exact_task,poisson,6.0,200,2,0.6794614131980949,0.8210158742810313,0.8275862068965517,36,9,6,45,42,3,0.07142857142857142,0.8617067005966402
IXMtest_P15_s8_w1D26A5BC7-CF59-4027-B785-85AD33773609,exact_task,poisson,6.0,200,3,0.688268460429882,0.8220984388468034,0.8372093023255814,36,8,6,44,42,2,0.047619047619047616,0.8478511329120553
IXMtest_P15_s8_w1D26A5BC7-CF59-4027-B785-85AD33773609,surrogate,deterministic,-6.0,100,-1,0.592993322897963,0.8047766525043784,0.7368421052631579,28,6,14,34,42,8,0.19047619047619047,0.7144175897952333
IXMtest_P15_s8_w1D26A5BC7-CF59-4027-B785-85AD33773609,surrogate,deterministic,-4.0,100,-1,0.6706333902737756,0.8382917378422194,0.8,34,9,8,43,42,1,0.023809523809523808,0.8441917021704548
IXMtest_P15_s8_w1D26A5BC7-CF59-4027-B785-85AD33773609,surrogate,deterministic,-2.0,100,-1,0.6970741246242081,0.8477928542726856,0.8222222222222222,37,11,5,48,42,6,0.14285714285714285,0.8852787667208185
IXMtest_P15_s8_w1D26A5BC7-CF59-4027-B785-85AD33773609,surrogate,deterministic,0.0,100,-1,0.7105494036035618,0.8545796881177973,0.8314606741573034,37,10,5,47,42,5,0.11904761904761904,0.8855475763016158
IXMtest_P15_s8_w1D26A5BC7-CF59-4027-B785-85AD33773609,surrogate,deterministic,2.0,100,-1,0.6969575185601395,0.8476510360866563,0.8222222222222222,37,11,5,48,42,6,0.14285714285714285,0.8854101872969797
IXMtest_P15_s8_w1D26A5BC7-CF59-4027-B785-85AD33773609,surrogate,deterministic,4.0,100,-1,0.682663294401868,0.8387006188365806,0.813953488372093,35,9,7,44,42,2,0.047619047619047616,0.8573596084027238
IXMtest_P15_s8_w1D26A5BC7-CF59-4027-B785-85AD33773609,surrogate,deterministic,6.0,100,-1,0.5931017879741837,0.8049238551078207,0.7368421052631579,28,6,14,34,42,8,0.19047619047619047,0.7144685762249502
IXMtest_P15_s8_w1D26A5BC7-CF59-4027-B785-85AD33773609,surrogate,poisson,-6.0,50,0,0.6068662074162572,0.8056672063974448,0.7532467532467533,29,6,13,35,42,7,0.16666666666666666,0.7531398296201711
IXMtest_P15_s8_w1D26A5BC7-CF59-4027-B785-85AD33773609,surrogate,poisson,-6.0,50,1,0.5959199282171928,0.7881521631259646,0.7560975609756098,31,9,11,40,42,2,0.047619047619047616,0.7718548521952397
IXMtest_P15_s8_w1D26A5BC7-CF59-4027-B785-85AD33773609,surrogate,poisson,-6.0,50,2,0.66152641909245,0.8032820803265465,0.8235294117647058,35,8,7,43,42,1,0.023809523809523808,0.8288009888751545
IXMtest_P15_s8_w1D26A5BC7-CF59-4027-B785-85AD33773609,surrogate,poisson,-6.0,50,3,0.6558459120247377,0.8005178043831358,0.8192771084337349,34,7,8,41,42,1,0.023809523809523808,0.8079770250263106
IXMtest_P15_s8_w1D26A5BC7-CF59-4027-B785-85AD33773609,surrogate,poisson,-6.0,200,0,0.6635263287342436,0.81097662400852,0.8181818181818182,36,10,6,46,42,4,0.09523809523809523,0.8493712221218648
IXMtest_P15_s8_w1D26A5BC7-CF59-4027-B785-85AD33773609,surrogate,poisson,-6.0,200,1,0.6567123077079875,0.8161995824370702,0.8045977011494253,35,10,7,45,42,3,0.07142857142857142,0.8294011840106177
IXMtest_P15_s8_w1D26A5BC7-CF59-4027-B785-85AD33773609,surrogate,poisson,-6.0,200,2,0.6763171330304808,0.8212422329655839,0.8235294117647058,35,8,7,43,42,1,0.023809523809523808,0.8490566037735849
IXMtest_P15_s8_w1D26A5BC7-CF59-4027-B785-85AD33773609,surrogate,poisson,-6.0,200,3,0.6787293659846791,0.8284490790695349,0.8192771084337349,34,7,8,41,42,1,0.023809523809523808,0.8247264144195694
IXMtest_P15_s8_w1D26A5BC7-CF59-4027-B785-85AD33773609,surrogate,poisson,6.0,50,0,0.6190644539075526,0.8087777542985769,0.7654320987654321,31,8,11,39,42,3,0.07142857142857142,0.7982136049234791
IXMtest_P15_s8_w1D26A5BC7-CF59-4027-B785-85AD33773609,surrogate,poisson,6.0,50,1,0.6426339216452283,0.7938419032088114,0.8095238095238095,34,8,8,42,42,0,0.0,0.8245732574679943
IXMtest_P15_s8_w1D26A5BC7-CF59-4027-B785-85AD33773609,surrogate,poisson,6.0,50,2,0.5958449118956693,0.8043906310591535,0.7407407407407407,30,9,12,39,42,3,0.07142857142857142,0.760529217199559
IXMtest_P15_s8_w1D26A5BC7-CF59-4027-B785-85AD33773609,surrogate,poisson,6.0,50,3,0.6486011571251475,0.8012131940957704,0.8095238095238095,34,8,8,42,42,0,0.0,0.8100757992650844
IXMtest_P15_s8_w1D26A5BC7-CF59-4027-B785-85AD33773609,surrogate,poisson,6.0,200,0,0.6841622604270398,0.8209947125124477,0.8333333333333334,35,7,7,42,42,0,0.0,0.8561243757389663
IXMtest_P15_s8_w1D26A5BC7-CF59-4027-B785-85AD33773609,surrogate,poisson,6.0,200,1,0.6970785395981406,0.8326215889644457,0.8372093023255814,36,8,6,44,42,2,0.047619047619047616,0.8708836443468716
IXMtest_P15_s8_w1D26A5BC7-CF59-4027-B785-85AD33773609,surrogate,poisson,6.0,200,2,0.6936013440809496,0.8284682720966898,0.8372093023255814,36,8,6,44,42,2,0.047619047619047616,0.8665840561751342
IXMtest_P15_s8_w1D26A5BC7-CF59-4027-B785-85AD33773609,surrogate,poisson,6.0,200,3,0.6934345313817962,0.8282690235949233,0.8372093023255814,36,8,6,44,42,2,0.047619047619047616,0.8687581789379434
IXMtest_P19_s6_w10EBAD15B-2822-48B9-B9C8-4DF5D80AB940,clear,deterministic,-6.0,100,-1,0.5881502892119627,0.8297120151383045,0.7088607594936709,28,7,16,35,44,9,0.20454545454545456,0.6626787277502189
IXMtest_P19_s6_w10EBAD15B-2822-48B9-B9C8-4DF5D80AB940,clear,deterministic,-4.0,100,-1,0.706089665132471,0.8473075981589652,0.8333333333333334,40,12,4,52,44,8,0.18181818181818182,0.8342657745991464
IXMtest_P19_s6_w10EBAD15B-2822-48B9-B9C8-4DF5D80AB940,clear,deterministic,-2.0,100,-1,0.7090245533563018,0.8560174485643156,0.8282828282828283,41,14,3,55,44,11,0.25,0.8592066805845512
IXMtest_P19_s6_w10EBAD15B-2822-48B9-B9C8-4DF5D80AB940,clear,deterministic,0.0,100,-1,0.7090535765704379,0.8560524887862604,0.8282828282828283,41,14,3,55,44,11,0.25,0.8592413303843426
IXMtest_P19_s6_w10EBAD15B-2822-48B9-B9C8-4DF5D80AB940,clear,deterministic,2.0,100,-1,0.7090245533563018,0.8560174485643156,0.8282828282828283,41,14,3,55,44,11,0.25,0.8592066805845512
IXMtest_P19_s6_w10EBAD15B-2822-48B9-B9C8-4DF5D80AB940,clear,deterministic,4.0,100,-1,0.706089665132471,0.8473075981589652,0.8333333333333334,40,12,4,52,44,8,0.18181818181818182,0.8342657745991464
IXMtest_P19_s6_w10EBAD15B-2822-48B9-B9C8-4DF5D80AB940,clear,deterministic,6.0,100,-1,0.5881502892119627,0.8297120151383045,0.7088607594936709,28,7,16,35,44,9,0.20454545454545456,0.6626787277502189
IXMtest_P19_s6_w10EBAD15B-2822-48B9-B9C8-4DF5D80AB940,clear,poisson,-6.0,50,0,0.6893166930569651,0.8290430497577013,0.8314606741573034,37,8,7,45,44,1,0.022727272727272728,0.7803221593382673
IXMtest_P19_s6_w10EBAD15B-2822-48B9-B9C8-4DF5D80AB940,clear,poisson,-6.0,50,1,0.6793734672085374,0.8223994603050716,0.8260869565217391,38,10,6,48,44,4,0.09090909090909091,0.7958902141112228
IXMtest_P19_s6_w10EBAD15B-2822-48B9-B9C8-4DF5D80AB940,clear,poisson,-6.0,50,2,0.6984770269067556,0.827143847652737,0.8444444444444444,38,8,6,46,44,2,0.045454545454545456,0.7952192600419814
IXMtest_P19_s6_w10EBAD15B-2822-48B9-B9C8-4DF5D80AB940,clear,poisson,-6.0,50,3,0.6841914474841543,0.8192292331718164,0.8351648351648352,38,9,6,47,44,3,0.06818181818181818,0.7825961842824667
IXMtest_P19_s6_w10EBAD15B-2822-48B9-B9C8-4DF5D80AB940,clear,poisson,-6.0,200,0,0.7259928239889684,0.8469916279871297,0.8571428571428571,42,12,2,54,44,10,0.22727272727272727,0.8558488718429964
IXMtest_P19_s6_w10EBAD15B-2822-48B9-B9C8-4DF5D80AB940,clear,poisson,-6.0,200,1,0.7482903940655597,0.8462808028122402,0.8842105263157894,42,9,2,51,44,7,0.1590909090909091,0.8498470097357441
IXMtest_P19_s6_w10EBAD15B-2822-48B9-B9C8-4DF5D80AB940,clear,poisson,-6.0,200,2,0.7295724534549558,0.8452363790026928,0.8631578947368421,41,10,3,51,44,7,0.1590909090909091,0.8463983050847458
IXMtest_P19_s6_w10EBAD15B-2822-48B9-B9C8-4DF5D80AB940,clear,poisson,-6.0,200,3,0.7203232390436579,0.8433052554657459,0.8541666666666666,41,11,3,52,44,8,0.18181818181818182,0.8415353379096974
IXMtest_P19_s6_w10EBAD15B-2822-48B9-B9C8-4DF5D80AB940,clear,poisson,6.0,50,0,0.6765495764928291,0.8189810662807931,0.8260869565217391,38,10,6,48,44,4,0.09090909090909091,0.7896919853475677
IXMtest_P19_s6_w10EBAD15B-2822-48B9-B9C8-4DF5D80AB940,clear,poisson,6.0,50,1,0.660956950807238,0.8261961885090475,0.8,38,13,6,51,44,7,0.1590909090909091,0.8108755708406157
IXMtest_P19_s6_w10EBAD15B-2822-48B9-B9C8-4DF5D80AB940,clear,poisson,6.0,50,2,0.6994036445606163,0.8217992823587241,0.851063829787234,40,10,4,50,44,6,0.13636363636363635,0.8175176340256062
IXMtest_P19_s6_w10EBAD15B-2822-48B9-B9C8-4DF5D80AB940,clear,poisson,6.0,50,3,0.7071268789248157,0.8249813587456183,0.8571428571428571,39,8,5,47,44,3,0.06818181818181818,0.8049057783588665
IXMtest_P19_s6_w10EBAD15B-2822-48B9-B9C8-4DF5D80AB940,clear,poisson,6.0,200,0,0.7253678347585965,0.8492111236198203,0.8541666666666666,41,11,3,52,44,8,0.18181818181818182,0.8525556739699105
IXMtest_P19_s6_w10EBAD15B-2822-48B9-B9C8-4DF5D80AB940,clear,poisson,6.0,200,1,0.7327919439953293,0.8462002210422255,0.865979381443299,42,11,2,53,44,9,0.20454545454545456,0.8559618964195773
IXMtest_P19_s6_w10EBAD15B-2822-48B9-B9C8-4DF5D80AB940,clear,poisson,6.0,200,2,0.7212665450818032,0.8444096137543062,0.8541666666666666,41,11,3,52,44,8,0.18181818181818182,0.8422990274190889
IXMtest_P19_s6_w10EBAD15B-2822-48B9-B9C8-4DF5D80AB940,clear,poisson,6.0,200,3,0.7044719893982077,0.8453663872778492,0.8333333333333334,40,12,4,52,44,8,0.18181818181818182,0.8321405244653205
IXMtest_P19_s6_w10EBAD15B-2822-48B9-B9C8-4DF5D80AB940,cubic,deterministic,-6.0,100,-1,0.5881502892119627,0.8297120151383045,0.7088607594936709,28,7,16,35,44,9,0.20454545454545456,0.6626787277502189
IXMtest_P19_s6_w10EBAD15B-2822-48B9-B9C8-4DF5D80AB940,cubic,deterministic,-4.0,100,-1,0.706089665132471,0.8473075981589652,0.8333333333333334,40,12,4,52,44,8,0.18181818181818182,0.8342657745991464
IXMtest_P19_s6_w10EBAD15B-2822-48B9-B9C8-4DF5D80AB940,cubic,deterministic,-2.0,100,-1,0.7090245533563018,0.8560174485643156,0.8282828282828283,41,14,3,55,44,11,0.25,0.8592066805845512
IXMtest_P19_s6_w10EBAD15B-2822-48B9-B9C8-4DF5D80AB940,cubic,deterministic,0.0,100,-1,0.7090535765704379,0.8560524887862604,0.8282828282828283,41,14,3,55,44,11,0.25,0.8592413303843426
IXMtest_P19_s6_w10EBAD15B-2822-48B9-B9C8-4DF5D80AB940,cubic,deterministic,2.0,100,-1,0.7090245533563018,0.8560174485643156,0.8282828282828283,41,14,3,55,44,11,0.25,0.8592066805845512
IXMtest_P19_s6_w10EBAD15B-2822-48B9-B9C8-4DF5D80AB940,cubic,deterministic,4.0,100,-1,0.706089665132471,0.8473075981589652,0.8333333333333334,40,12,4,52,44,8,0.18181818181818182,0.8342657745991464
IXMtest_P19_s6_w10EBAD15B-2822-48B9-B9C8-4DF5D80AB940,cubic,deterministic,6.0,100,-1,0.5881502892119627,0.8297120151383045,0.7088607594936709,28,7,16,35,44,9,0.20454545454545456,0.6626787277502189
IXMtest_P19_s6_w10EBAD15B-2822-48B9-B9C8-4DF5D80AB940,cubic,poisson,-6.0,50,0,0.6893166930569651,0.8290430497577013,0.8314606741573034,37,8,7,45,44,1,0.022727272727272728,0.7803221593382673
IXMtest_P19_s6_w10EBAD15B-2822-48B9-B9C8-4DF5D80AB940,cubic,poisson,-6.0,50,1,0.6793734672085374,0.8223994603050716,0.8260869565217391,38,10,6,48,44,4,0.09090909090909091,0.7958902141112228
IXMtest_P19_s6_w10EBAD15B-2822-48B9-B9C8-4DF5D80AB940,cubic,poisson,-6.0,50,2,0.6984770269067556,0.827143847652737,0.8444444444444444,38,8,6,46,44,2,0.045454545454545456,0.7952192600419814
IXMtest_P19_s6_w10EBAD15B-2822-48B9-B9C8-4DF5D80AB940,cubic,poisson,-6.0,50,3,0.6841914474841543,0.8192292331718164,0.8351648351648352,38,9,6,47,44,3,0.06818181818181818,0.7825961842824667
IXMtest_P19_s6_w10EBAD15B-2822-48B9-B9C8-4DF5D80AB940,cubic,poisson,-6.0,200,0,0.7259928239889684,0.8469916279871297,0.8571428571428571,42,12,2,54,44,10,0.22727272727272727,0.8558488718429964
IXMtest_P19_s6_w10EBAD15B-2822-48B9-B9C8-4DF5D80AB940,cubic,poisson,-6.0,200,1,0.7482903940655597,0.8462808028122402,0.8842105263157894,42,9,2,51,44,7,0.1590909090909091,0.8498470097357441
IXMtest_P19_s6_w10EBAD15B-2822-48B9-B9C8-4DF5D80AB940,cubic,poisson,-6.0,200,2,0.7295724534549558,0.8452363790026928,0.8631578947368421,41,10,3,51,44,7,0.1590909090909091,0.8463983050847458
IXMtest_P19_s6_w10EBAD15B-2822-48B9-B9C8-4DF5D80AB940,cubic,poisson,-6.0,200,3,0.7203232390436579,0.8433052554657459,0.8541666666666666,41,11,3,52,44,8,0.18181818181818182,0.8415353379096974
IXMtest_P19_s6_w10EBAD15B-2822-48B9-B9C8-4DF5D80AB940,cubic,poisson,6.0,50,0,0.6765495764928291,0.8189810662807931,0.8260869565217391,38,10,6,48,44,4,0.09090909090909091,0.7896919853475677
IXMtest_P19_s6_w10EBAD15B-2822-48B9-B9C8-4DF5D80AB940,cubic,poisson,6.0,50,1,0.660956950807238,0.8261961885090475,0.8,38,13,6,51,44,7,0.1590909090909091,0.8108755708406157
IXMtest_P19_s6_w10EBAD15B-2822-48B9-B9C8-4DF5D80AB940,cubic,poisson,6.0,50,2,0.6994036445606163,0.8217992823587241,0.851063829787234,40,10,4,50,44,6,0.13636363636363635,0.8175176340256062
IXMtest_P19_s6_w10EBAD15B-2822-48B9-B9C8-4DF5D80AB940,cubic,poisson,6.0,50,3,0.7071268789248157,0.8249813587456183,0.8571428571428571,39,8,5,47,44,3,0.06818181818181818,0.8049057783588665
IXMtest_P19_s6_w10EBAD15B-2822-48B9-B9C8-4DF5D80AB940,cubic,poisson,6.0,200,0,0.7253678347585965,0.8492111236198203,0.8541666666666666,41,11,3,52,44,8,0.18181818181818182,0.8525556739699105
IXMtest_P19_s6_w10EBAD15B-2822-48B9-B9C8-4DF5D80AB940,cubic,poisson,6.0,200,1,0.7327919439953293,0.8462002210422255,0.865979381443299,42,11,2,53,44,9,0.20454545454545456,0.8559618964195773
IXMtest_P19_s6_w10EBAD15B-2822-48B9-B9C8-4DF5D80AB940,cubic,poisson,6.0,200,2,0.7212665450818032,0.8444096137543062,0.8541666666666666,41,11,3,52,44,8,0.18181818181818182,0.8422990274190889
IXMtest_P19_s6_w10EBAD15B-2822-48B9-B9C8-4DF5D80AB940,cubic,poisson,6.0,200,3,0.7044719893982077,0.8453663872778492,0.8333333333333334,40,12,4,52,44,8,0.18181818181818182,0.8321405244653205
IXMtest_P19_s6_w10EBAD15B-2822-48B9-B9C8-4DF5D80AB940,image_fidelity,deterministic,-6.0,100,-1,0.5878800815718013,0.8293308293602196,0.7088607594936709,28,7,16,35,44,9,0.20454545454545456,0.6626431332506746
IXMtest_P19_s6_w10EBAD15B-2822-48B9-B9C8-4DF5D80AB940,image_fidelity,deterministic,-4.0,100,-1,0.6986116688454254,0.8470666484750783,0.8247422680412371,40,13,4,53,44,9,0.20454545454545456,0.830857635397213
IXMtest_P19_s6_w10EBAD15B-2822-48B9-B9C8-4DF5D80AB940,image_fidelity,deterministic,-2.0,100,-1,0.7090207904457465,0.8560129055381573,0.8282828282828283,41,14,3,55,44,11,0.25,0.8591949223317187
IXMtest_P19_s6_w10EBAD15B-2822-48B9-B9C8-4DF5D80AB940,image_fidelity,deterministic,0.0,100,-1,0.7090601207014781,0.8560603896273943,0.8282828282828283,41,14,3,55,44,11,0.25,0.8592611138930618
IXMtest_P19_s6_w10EBAD15B-2822-48B9-B9C8-4DF5D80AB940,image_fidelity,deterministic,2.0,100,-1,0.7090483827677048,0.856046218219546,0.8282828282828283,41,14,3,55,44,11,0.25,0.8592066805845512
IXMtest_P19_s6_w10EBAD15B-2822-48B9-B9C8-4DF5D80AB940,image_fidelity,deterministic,4.0,100,-1,0.6983005378056243,0.8466894020893194,0.8247422680412371,40,13,4,53,44,9,0.20454545454545456,0.8305530410793569
IXMtest_P19_s6_w10EBAD15B-2822-48B9-B9C8-4DF5D80AB940,image_fidelity,deterministic,6.0,100,-1,0.5874738378929075,0.8287577355989232,0.7088607594936709,28,7,16,35,44,9,0.20454545454545456,0.6621426877542458
IXMtest_P19_s6_w10EBAD15B-2822-48B9-B9C8-4DF5D80AB940,image_fidelity,poisson,-6.0,50,0,0.6447002076224622,0.8189435069798844,0.7872340425531915,37,13,7,50,44,6,0.13636363636363635,0.7835694454331886
IXMtest_P19_s6_w10EBAD15B-2822-48B9-B9C8-4DF5D80AB940,image_fidelity,poisson,-6.0,50,1,0.6804970641926831,0.8288105269013448,0.8210526315789474,39,12,5,51,44,7,0.1590909090909091,0.8168590902768118
IXMtest_P19_s6_w10EBAD15B-2822-48B9-B9C8-4DF5D80AB940,image_fidelity,poisson,-6.0,50,2,0.6796990657757642,0.8104104245787958,0.8387096774193549,39,10,5,49,44,5,0.11363636363636363,0.8073787343854126
IXMtest_P19_s6_w10EBAD15B-2822-48B9-B9C8-4DF5D80AB940,image_fidelity,poisson,-6.0,50,3,0.641638028988009,0.8341294376844118,0.7692307692307693,35,12,9,47,44,3,0.06818181818181818,0.7858238990068622
IXMtest_P19_s6_w10EBAD15B-2822-48B9-B9C8-4DF5D80AB940,image_fidelity,poisson,-6.0,200,0,0.7293303917193418,0.8422029523425733,0.865979381443299,42,11,2,53,44,9,0.20454545454545456,0.8595874419754442
IXMtest_P19_s6_w10EBAD15B-2822-48B9-B9C8-4DF5D80AB940,image_fidelity,poisson,-6.0,200,1,0.7396431221975988,0.8453064253686843,0.875,42,10,2,52,44,8,0.18181818181818182,0.8433910414949162
IXMtest_P19_s6_w10EBAD15B-2822-48B9-B9C8-4DF5D80AB940,image_fidelity,poisson,-6.0,200,2,0.7338402853515623,0.8474108057035898,0.865979381443299,42,11,2,53,44,9,0.20454545454545456,0.853144559543007
IXMtest_P19_s6_w10EBAD15B-2822-48B9-B9C8-4DF5D80AB940,image_fidelity,poisson,-6.0,200,3,0.7175005088777152,0.8487506019651021,0.845360824742268,41,12,3,53,44,9,0.20454545454545456,0.8434866163349348
IXMtest_P19_s6_w10EBAD15B-2822-48B9-B9C8-4DF5D80AB940,image_fidelity,poisson,6.0,50,0,0.6778137719504729,0.8294300104130786,0.8172043010752689,38,11,6,49,44,5,0.11363636363636363,0.8128192176011674
IXMtest_P19_s6_w10EBAD15B-2822-48B9-B9C8-4DF5D80AB940,image_fidelity,poisson,6.0,50,1,0.6401280902164866,0.8321665172814326,0.7692307692307693,35,12,9,47,44,3,0.06818181818181818,0.7790631849389633
IXMtest_P19_s6_w10EBAD15B-2822-48B9-B9C8-4DF5D80AB940,image_fidelity,poisson,6.0,50,2,0.6475056046317904,0.8183751391874018,0.7912087912087912,36,11,8,47,44,3,0.06818181818181818,0.7566423357664234
IXMtest_P19_s6_w10EBAD15B-2822-48B9-B9C8-4DF5D80AB940,image_fidelity,poisson,6.0,50,3,0.647593229602987,0.827480237826039,0.782608695652174,36,12,8,48,44,4,0.09090909090909091,0.7806586634886492
IXMtest_P19_s6_w10EBAD15B-2822-48B9-B9C8-4DF5D80AB940,image_fidelity,poisson,6.0,200,0,0.735465701650466,0.8380888228109961,0.8775510204081632,43,11,1,54,44,10,0.22727272727272727,0.854500313753308
IXMtest_P19_s6_w10EBAD15B-2822-48B9-B9C8-4DF5D80AB940,image_fidelity,poisson,6.0,200,1,0.7040602039985936,0.8448722447983122,0.8333333333333334,40,12,4,52,44,8,0.18181818181818182,0.8421891604675876
IXMtest_P19_s6_w10EBAD15B-2822-48B9-B9C8-4DF5D80AB940,image_fidelity,poisson,6.0,200,2,0.7199214842380868,0.8399083982777679,0.8571428571428571,42,12,2,54,44,10,0.22727272727272727,0.8511978097193703
IXMtest_P19_s6_w10EBAD15B-2822-48B9-B9C8-4DF5D80AB940,image_fidelity,poisson,6.0,200,3,0.7348583308647594,0.851360261367709,0.8631578947368421,41,10,3,51,44,7,0.1590909090909091,0.8366122272809545
IXMtest_P19_s6_w10EBAD15B-2822-48B9-B9C8-4DF5D80AB940,exact_task,deterministic,-6.0,100,-1,0.6278075670723775,0.8109181074684876,0.7741935483870968,36,13,8,49,44,5,0.11363636363636363,0.7782355534609362
IXMtest_P19_s6_w10EBAD15B-2822-48B9-B9C8-4DF5D80AB940,exact_task,deterministic,-4.0,100,-1,0.7037470018611931,0.8410634900292308,0.8367346938775511,41,13,3,54,44,10,0.22727272727272727,0.8490160597149966
IXMtest_P19_s6_w10EBAD15B-2822-48B9-B9C8-4DF5D80AB940,exact_task,deterministic,-2.0,100,-1,0.724859472178426,0.8662954667498262,0.8367346938775511,41,13,3,54,44,10,0.22727272727272727,0.8669322038652493
IXMtest_P19_s6_w10EBAD15B-2822-48B9-B9C8-4DF5D80AB940,exact_task,deterministic,0.0,100,-1,0.7327121401874375,0.8756803626630351,0.8367346938775511,41,13,3,54,44,10,0.22727272727272727,0.8718746932536845
IXMtest_P19_s6_w10EBAD15B-2822-48B9-B9C8-4DF5D80AB940,exact_task,deterministic,2.0,100,-1,0.7238797296957297,0.8651245550022135,0.8367346938775511,41,13,3,54,44,10,0.22727272727272727,0.8662974128864895
IXMtest_P19_s6_w10EBAD15B-2822-48B9-B9C8-4DF5D80AB940,exact_task,deterministic,4.0,100,-1,0.7096006056783681,0.839405594521972,0.845360824742268,41,12,3,53,44,9,0.20454545454545456,0.8482656305192512
IXMtest_P19_s6_w10EBAD15B-2822-48B9-B9C8-4DF5D80AB940,exact_task,deterministic,6.0,100,-1,0.626292485107425,0.8089611265970906,0.7741935483870968,36,13,8,49,44,5,0.11363636363636363,0.7781659123355913
IXMtest_P19_s6_w10EBAD15B-2822-48B9-B9C8-4DF5D80AB940,exact_task,poisson,-6.0,50,0,0.6810932378560165,0.8258255509004201,0.8247422680412371,40,13,4,53,44,9,0.20454545454545456,0.8424018602106415
IXMtest_P19_s6_w10EBAD15B-2822-48B9-B9C8-4DF5D80AB940,exact_task,poisson,-6.0,50,1,0.736471865114216,0.8135445021610526,0.9052631578947369,43,8,1,51,44,7,0.1590909090909091,0.8414381541584932
IXMtest_P19_s6_w10EBAD15B-2822-48B9-B9C8-4DF5D80AB940,exact_task,poisson,-6.0,50,2,0.6812968391674002,0.8210500369453285,0.8297872340425532,39,11,5,50,44,6,0.13636363636363635,0.8162914783685996
IXMtest_P19_s6_w10EBAD15B-2822-48B9-B9C8-4DF5D80AB940,exact_task,poisson,-6.0,50,3,0.7286846975162614,0.8175486850182445,0.8913043478260869,41,7,3,48,44,4,0.09090909090909091,0.8154622226593786
IXMtest_P19_s6_w10EBAD15B-2822-48B9-B9C8-4DF5D80AB940,exact_task,poisson,-6.0,200,0,0.717267267923438,0.8368118125773443,0.8571428571428571,42,12,2,54,44,10,0.22727272727272727,0.8451657080251985
IXMtest_P19_s6_w10EBAD15B-2822-48B9-B9C8-4DF5D80AB940,exact_task,poisson,-6.0,200,1,0.7395661096113311,0.8364140525366244,0.8842105263157894,42,9,2,51,44,7,0.1590909090909091,0.8445493681433134
IXMtest_P19_s6_w10EBAD15B-2822-48B9-B9C8-4DF5D80AB940,exact_task,poisson,-6.0,200,2,0.7194143560942922,0.830752292156504,0.865979381443299,42,11,2,53,44,9,0.20454545454545456,0.8464721224617989
IXMtest_P19_s6_w10EBAD15B-2822-48B9-B9C8-4DF5D80AB940,exact_task,poisson,-6.0,200,3,0.729129225606577,0.8332905435503738,0.875,42,10,2,52,44,8,0.18181818181818182,0.8555350679505566
IXMtest_P19_s6_w10EBAD15B-2822-48B9-B9C8-4DF5D80AB940,exact_task,poisson,6.0,50,0,0.6478213463325787,0.8097766829157234,0.8,38,13,6,51,44,7,0.1590909090909091,0.7993126269296863
IXMtest_P19_s6_w10EBAD15B-2822-48B9-B9C8-4DF5D80AB940,exact_task,poisson,6.0,50,1,0.7171162295349561,0.8110243072121528,0.8842105263157894,42,9,2,51,44,7,0.1590909090909091,0.8255678022712091
IXMtest_P19_s6_w10EBAD15B-2822-48B9-B9C8-4DF5D80AB940,exact_task,poisson,6.0,50,2,0.6392378843969382,0.8074583802908692,0.7916666666666666,38,14,6,52,44,8,0.18181818181818182,0.806052501935393
IXMtest_P19_s6_w10EBAD15B-2822-48B9-B9C8-4DF5D80AB940,exact_task,poisson,6.0,50,3,0.6915310100153004,0.8211930743931692,0.8421052631578947,40,11,4,51,44,7,0.1590909090909091,0.826309527103683
IXMtest_P19_s6_w10EBAD15B-2822-48B9-B9C8-4DF5D80AB940,exact_task,poisson,6.0,200,0,0.7222063818406778,0.8339764171255446,0.865979381443299,42,11,2,53,44,9,0.20454545454545456,0.8461926924809259
IXMtest_P19_s6_w10EBAD15B-2822-48B9-B9C8-4DF5D80AB940,exact_task,poisson,6.0,200,1,0.7206514829426763,0.8321808791123763,0.865979381443299,42,11,2,53,44,9,0.20454545454545456,0.8441842652368968
IXMtest_P19_s6_w10EBAD15B-2822-48B9-B9C8-4DF5D80AB940,exact_task,poisson,6.0,200,2,0.6883675506541365,0.8310778965214574,0.8282828282828283,41,14,3,55,44,11,0.25,0.847332623125461
IXMtest_P19_s6_w10EBAD15B-2822-48B9-B9C8-4DF5D80AB940,exact_task,poisson,6.0,200,3,0.7211585636366769,0.8327664365804482,0.865979381443299,42,11,2,53,44,9,0.20454545454545456,0.8470720442927818
IXMtest_P19_s6_w10EBAD15B-2822-48B9-B9C8-4DF5D80AB940,surrogate,deterministic,-6.0,100,-1,0.5958687190563071,0.8218878883535271,0.725,29,7,15,36,44,8,0.18181818181818182,0.6763413277844548
IXMtest_P19_s6_w10EBAD15B-2822-48B9-B9C8-4DF5D80AB940,surrogate,deterministic,-4.0,100,-1,0.6970472918177636,0.8451698413290384,0.8247422680412371,40,13,4,53,44,9,0.20454545454545456,0.8298312090940406
IXMtest_P19_s6_w10EBAD15B-2822-48B9-B9C8-4DF5D80AB940,surrogate,deterministic,-2.0,100,-1,0.7103404728216389,0.8576061806017348,0.8282828282828283,41,14,3,55,44,11,0.25,0.8599908117665075
IXMtest_P19_s6_w10EBAD15B-2822-48B9-B9C8-4DF5D80AB940,surrogate,deterministic,0.0,100,-1,0.711809264726979,0.8593794781459869,0.8282828282828283,41,14,3,55,44,11,0.25,0.8609183091538815
IXMtest_P19_s6_w10EBAD15B-2822-48B9-B9C8-4DF5D80AB940,surrogate,deterministic,2.0,100,-1,0.7105256637482167,0.8578297647691885,0.8282828282828283,41,14,3,55,44,11,0.25,0.860030627871363
IXMtest_P19_s6_w10EBAD15B-2822-48B9-B9C8-4DF5D80AB940,surrogate,deterministic,4.0,100,-1,0.6969052877696849,0.844997661420743,0.8247422680412371,40,13,4,53,44,9,0.20454545454545456,0.8297606570087152
IXMtest_P19_s6_w10EBAD15B-2822-48B9-B9C8-4DF5D80AB940,surrogate,deterministic,6.0,100,-1,0.5968055021597449,0.8231800029789584,0.725,29,7,15,36,44,8,0.18181818181818182,0.6770924873114654
IXMtest_P19_s6_w10EBAD15B-2822-48B9-B9C8-4DF5D80AB940,surrogate,poisson,-6.0,50,0,0.6804755500813504,0.8080647157216037,0.8421052631578947,40,11,4,51,44,7,0.1590909090909091,0.8151806383725009
IXMtest_P19_s6_w10EBAD15B-2822-48B9-B9C8-4DF5D80AB940,surrogate,poisson,-6.0,50,1,0.6522511516289795,0.7990076607454999,0.8163265306122449,40,14,4,54,44,10,0.22727272727272727,0.8262941840923492
IXMtest_P19_s6_w10EBAD15B-2822-48B9-B9C8-4DF5D80AB940,surrogate,poisson,-6.0,50,2,0.6951357021706972,0.8231870157284572,0.8444444444444444,38,8,6,46,44,2,0.045454545454545456,0.8052755860162414
IXMtest_P19_s6_w10EBAD15B-2822-48B9-B9C8-4DF5D80AB940,surrogate,poisson,-6.0,50,3,0.7007654639906877,0.8321589884889417,0.8421052631578947,40,11,4,51,44,7,0.1590909090909091,0.8199249629660396
IXMtest_P19_s6_w10EBAD15B-2822-48B9-B9C8-4DF5D80AB940,surrogate,poisson,-6.0,200,0,0.7431892512513644,0.8382483415277018,0.8865979381443299,43,10,1,53,44,9,0.20454545454545456,0.8493620524077377
IXMtest_P19_s6_w10EBAD15B-2822-48B9-B9C8-4DF5D80AB940,surrogate,poisson,-6.0,200,1,0.7170803965696296,0.8395087569595664,0.8541666666666666,41,11,3,52,44,8,0.18181818181818182,0.8426969388036261
IXMtest_P19_s6_w10EBAD15B-2822-48B9-B9C8-4DF5D80AB940,surrogate,poisson,-6.0,200,2,0.730463343412684,0.8435112417979804,0.865979381443299,42,11,2,53,44,9,0.20454545454545456,0.8544551085698727
IXMtest_P19_s6_w10EBAD15B-2822-48B9-B9C8-4DF5D80AB940,surrogate,poisson,-6.0,200,3,0.7344604411712999,0.8419424569524658,0.8723404255319149,41,9,3,50,44,6,0.13636363636363635,0.8348585223444869
IXMtest_P19_s6_w10EBAD15B-2822-48B9-B9C8-4DF5D80AB940,surrogate,poisson,6.0,50,0,0.6776744273447248,0.8292594966192027,0.8172043010752689,38,11,6,49,44,5,0.11363636363636363,0.8114727501022841
IXMtest_P19_s6_w10EBAD15B-2822-48B9-B9C8-4DF5D80AB940,surrogate,poisson,6.0,50,1,0.683887894021706,0.8154047967181879,0.8387096774193549,39,10,5,49,44,5,0.11363636363636363,0.8122300234976292
IXMtest_P19_s6_w10EBAD15B-2822-48B9-B9C8-4DF5D80AB940,surrogate,poisson,6.0,50,2,0.6527260229673921,0.8203178396752361,0.7956989247311828,37,12,7,49,44,5,0.11363636363636363,0.799608542973922
IXMtest_P19_s6_w10EBAD15B-2822-48B9-B9C8-4DF5D80AB940,surrogate,poisson,6.0,50,3,0.7008121769870415,0.8322144601721118,0.8421052631578947,40,11,4,51,44,7,0.1590909090909091,0.8239611171884736
IXMtest_P19_s6_w10EBAD15B-2822-48B9-B9C8-4DF5D80AB940,surrogate,poisson,6.0,200,0,0.7305513171596572,0.846370428416676,0.8631578947368421,41,10,3,51,44,7,0.1590909090909091,0.8336505202328198
IXMtest_P19_s6_w10EBAD15B-2822-48B9-B9C8-4DF5D80AB940,surrogate,poisson,6.0,200,1,0.7361747240764366,0.8439076105266469,0.8723404255319149,41,9,3,50,44,6,0.13636363636363635,0.837597018689232
IXMtest_P19_s6_w10EBAD15B-2822-48B9-B9C8-4DF5D80AB940,surrogate,poisson,6.0,200,2,0.7231764179716231,0.8466455625033636,0.8541666666666666,41,11,3,52,44,8,0.18181818181818182,0.8421255772279275
IXMtest_P19_s6_w10EBAD15B-2822-48B9-B9C8-4DF5D80AB940,surrogate,poisson,6.0,200,3,0.7199950532122134,0.8429210379069816,0.8541666666666666,41,11,3,52,44,8,0.18181818181818182,0.8426943119165142
IXMtest_P21_s4_w19B7DC88B-10BB-4B51-9A10-9E30285688C1,clear,deterministic,-6.0,100,-1,0.5604020645814064,0.8151302757547729,0.6875,22,3,17,25,39,14,0.358974358974359,0.669172388868811
IXMtest_P21_s4_w19B7DC88B-10BB-4B51-9A10-9E30285688C1,clear,deterministic,-4.0,100,-1,0.70515861660814,0.8373758572221663,0.8421052631578947,32,5,7,37,39,2,0.05128205128205128,0.8523803998917121
IXMtest_P21_s4_w19B7DC88B-10BB-4B51-9A10-9E30285688C1,clear,deterministic,-2.0,100,-1,0.7360373434710532,0.8442781292756198,0.8717948717948718,34,5,5,39,39,0,0.0,0.8736029111432921
IXMtest_P21_s4_w19B7DC88B-10BB-4B51-9A10-9E30285688C1,clear,deterministic,0.0,100,-1,0.7356359799102794,0.8438177416617911,0.8717948717948718,34,5,5,39,39,0,0.0,0.8730789219689657
IXMtest_P21_s4_w19B7DC88B-10BB-4B51-9A10-9E30285688C1,clear,deterministic,2.0,100,-1,0.7360373434710532,0.8442781292756198,0.8717948717948718,34,5,5,39,39,0,0.0,0.8736029111432921
IXMtest_P21_s4_w19B7DC88B-10BB-4B51-9A10-9E30285688C1,clear,deterministic,4.0,100,-1,0.70515861660814,0.8373758572221663,0.8421052631578947,32,5,7,37,39,2,0.05128205128205128,0.8523803998917121
IXMtest_P21_s4_w19B7DC88B-10BB-4B51-9A10-9E30285688C1,clear,deterministic,6.0,100,-1,0.5604020645814064,0.8151302757547729,0.6875,22,3,17,25,39,14,0.358974358974359,0.669172388868811
IXMtest_P21_s4_w19B7DC88B-10BB-4B51-9A10-9E30285688C1,clear,poisson,-6.0,50,0,0.607645080975091,0.806701228191069,0.7532467532467533,29,9,10,38,39,1,0.02564102564102564,0.8091270447943739
IXMtest_P21_s4_w19B7DC88B-10BB-4B51-9A10-9E30285688C1,clear,poisson,-6.0,50,1,0.645374637037985,0.8234090196691534,0.7837837837837838,29,6,10,35,39,4,0.10256410256410256,0.8001475069386488
IXMtest_P21_s4_w19B7DC88B-10BB-4B51-9A10-9E30285688C1,clear,poisson,-6.0,50,2,0.6160100892243902,0.8327543798774164,0.7397260273972602,27,7,12,34,39,5,0.1282051282051282,0.7673346653741914
IXMtest_P21_s4_w19B7DC88B-10BB-4B51-9A10-9E30285688C1,clear,poisson,-6.0,50,3,0.6638777396779874,0.8298471745974841,0.8,30,6,9,36,39,3,0.07692307692307693,0.8201634363145677
IXMtest_P21_s4_w19B7DC88B-10BB-4B51-9A10-9E30285688C1,clear,poisson,-6.0,200,0,0.7175998476432567,0.8521498190763673,0.8421052631578947,32,5,7,37,39,2,0.05128205128205128,0.8692080557238038
IXMtest_P21_s4_w19B7DC88B-10BB-4B51-9A10-9E30285688C1,clear,poisson,-6.0,200,1,0.6924350790878755,0.8376230795417849,0.8266666666666667,31,5,8,36,39,3,0.07692307692307693,0.842902061255386
IXMtest_P21_s4_w19B7DC88B-10BB-4B51-9A10-9E30285688C1,clear,poisson,-6.0,200,2,0.7106560504962778,0.8550080607533342,0.8311688311688312,32,6,7,38,39,1,0.02564102564102564,0.859055176505488
IXMtest_P21_s4_w19B7DC88B-10BB-4B51-9A10-9E30285688C1,clear,poisson,-6.0,200,3,0.6916857730623994,0.8478728831087478,0.8157894736842105,31,6,8,37,39,2,0.05128205128205128,0.8362047771242695
IXMtest_P21_s4_w19B7DC88B-10BB-4B51-9A10-9E30285688C1,clear,poisson,6.0,50,0,0.6684967052372794,0.8194475741618265,0.8157894736842105,31,6,8,37,39,2,0.05128205128205128,0.836477628954118
IXMtest_P21_s4_w19B7DC88B-10BB-4B51-9A10-9E30285688C1,clear,poisson,6.0,50,1,0.6397666431682767,0.8210338587326217,0.7792207792207793,30,8,9,38,39,1,0.02564102564102564,0.8231210836366365
IXMtest_P21_s4_w19B7DC88B-10BB-4B51-9A10-9E30285688C1,clear,poisson,6.0,50,2,0.6662859557831147,0.8328574447288933,0.8,30,6,9,36,39,3,0.07692307692307693,0.8331329784189135
IXMtest_P21_s4_w19B7DC88B-10BB-4B51-9A10-9E30285688C1,clear,poisson,6.0,50,3,0.6291153377945214,0.8243580288342006,0.7631578947368421,29,8,10,37,39,2,0.05128205128205128,0.8072634718027618
IXMtest_P21_s4_w19B7DC88B-10BB-4B51-9A10-9E30285688C1,clear,poisson,6.0,200,0,0.6944806127753603,0.8355469872453554,0.8311688311688312,32,6,7,38,39,1,0.02564102564102564,0.848704311417902
IXMtest_P21_s4_w19B7DC88B-10BB-4B51-9A10-9E30285688C1,clear,poisson,6.0,200,1,0.6941895625123268,0.8509420443699489,0.8157894736842105,31,6,8,37,39,2,0.05128205128205128,0.8367018963528766
IXMtest_P21_s4_w19B7DC88B-10BB-4B51-9A10-9E30285688C1,clear,poisson,6.0,200,2,0.7299435990996838,0.8516008656162977,0.8571428571428571,33,5,6,38,39,1,0.02564102564102564,0.8845666119647919
IXMtest_P21_s4_w19B7DC88B-10BB-4B51-9A10-9E30285688C1,clear,poisson,6.0,200,3,0.7151707142629933,0.8492652231873046,0.8421052631578947,32,5,7,37,39,2,0.05128205128205128,0.8660826975605161
IXMtest_P21_s4_w19B7DC88B-10BB-4B51-9A10-9E30285688C1,cubic,deterministic,-6.0,100,-1,0.5604020645814064,0.8151302757547729,0.6875,22,3,17,25,39,14,0.358974358974359,0.669172388868811
IXMtest_P21_s4_w19B7DC88B-10BB-4B51-9A10-9E30285688C1,cubic,deterministic,-4.0,100,-1,0.70515861660814,0.8373758572221663,0.8421052631578947,32,5,7,37,39,2,0.05128205128205128,0.8523803998917121
IXMtest_P21_s4_w19B7DC88B-10BB-4B51-9A10-9E30285688C1,cubic,deterministic,-2.0,100,-1,0.7360373434710532,0.8442781292756198,0.8717948717948718,34,5,5,39,39,0,0.0,0.8736029111432921
IXMtest_P21_s4_w19B7DC88B-10BB-4B51-9A10-9E30285688C1,cubic,deterministic,0.0,100,-1,0.7356359799102794,0.8438177416617911,0.8717948717948718,34,5,5,39,39,0,0.0,0.8730789219689657
IXMtest_P21_s4_w19B7DC88B-10BB-4B51-9A10-9E30285688C1,cubic,deterministic,2.0,100,-1,0.7360373434710532,0.8442781292756198,0.8717948717948718,34,5,5,39,39,0,0.0,0.8736029111432921
IXMtest_P21_s4_w19B7DC88B-10BB-4B51-9A10-9E30285688C1,cubic,deterministic,4.0,100,-1,0.70515861660814,0.8373758572221663,0.8421052631578947,32,5,7,37,39,2,0.05128205128205128,0.8523803998917121
IXMtest_P21_s4_w19B7DC88B-10BB-4B51-9A10-9E30285688C1,cubic,deterministic,6.0,100,-1,0.5604020645814064,0.8151302757547729,0.6875,22,3,17,25,39,14,0.358974358974359,0.669172388868811
IXMtest_P21_s4_w19B7DC88B-10BB-4B51-9A10-9E30285688C1,cubic,poisson,-6.0,50,0,0.607645080975091,0.806701228191069,0.7532467532467533,29,9,10,38,39,1,0.02564102564102564,0.8091270447943739
IXMtest_P21_s4_w19B7DC88B-10BB-4B51-9A10-9E30285688C1,cubic,poisson,-6.0,50,1,0.645374637037985,0.8234090196691534,0.7837837837837838,29,6,10,35,39,4,0.10256410256410256,0.8001475069386488
IXMtest_P21_s4_w19B7DC88B-10BB-4B51-9A10-9E30285688C1,cubic,poisson,-6.0,50,2,0.6160100892243902,0.8327543798774164,0.7397260273972602,27,7,12,34,39,5,0.1282051282051282,0.7673346653741914
IXMtest_P21_s4_w19B7DC88B-10BB-4B51-9A10-9E30285688C1,cubic,poisson,-6.0,50,3,0.6638777396779874,0.8298471745974841,0.8,30,6,9,36,39,3,0.07692307692307693,0.8201634363145677
IXMtest_P21_s4_w19B7DC88B-10BB-4B51-9A10-9E30285688C1,cubic,poisson,-6.0,200,0,0.7175998476432567,0.8521498190763673,0.8421052631578947,32,5,7,37,39,2,0.05128205128205128,0.8692080557238038
IXMtest_P21_s4_w19B7DC88B-10BB-4B51-9A10-9E30285688C1,cubic,poisson,-6.0,200,1,0.6924350790878755,0.8376230795417849,0.8266666666666667,31,5,8,36,39,3,0.07692307692307693,0.842902061255386
IXMtest_P21_s4_w19B7DC88B-10BB-4B51-9A10-9E30285688C1,cubic,poisson,-6.0,200,2,0.7106560504962778,0.8550080607533342,0.8311688311688312,32,6,7,38,39,1,0.02564102564102564,0.859055176505488
IXMtest_P21_s4_w19B7DC88B-10BB-4B51-9A10-9E30285688C1,cubic,poisson,-6.0,200,3,0.6916857730623994,0.8478728831087478,0.8157894736842105,31,6,8,37,39,2,0.05128205128205128,0.8362047771242695
IXMtest_P21_s4_w19B7DC88B-10BB-4B51-9A10-9E30285688C1,cubic,poisson,6.0,50,0,0.6684967052372794,0.8194475741618265,0.8157894736842105,31,6,8,37,39,2,0.05128205128205128,0.836477628954118
IXMtest_P21_s4_w19B7DC88B-10BB-4B51-9A10-9E30285688C1,cubic,poisson,6.0,50,1,0.6397666431682767,0.8210338587326217,0.7792207792207793,30,8,9,38,39,1,0.02564102564102564,0.8231210836366365
IXMtest_P21_s4_w19B7DC88B-10BB-4B51-9A10-9E30285688C1,cubic,poisson,6.0,50,2,0.6662859557831147,0.8328574447288933,0.8,30,6,9,36,39,3,0.07692307692307693,0.8331329784189135
IXMtest_P21_s4_w19B7DC88B-10BB-4B51-9A10-9E30285688C1,cubic,poisson,6.0,50,3,0.6291153377945214,0.8243580288342006,0.7631578947368421,29,8,10,37,39,2,0.05128205128205128,0.8072634718027618
IXMtest_P21_s4_w19B7DC88B-10BB-4B51-9A10-9E30285688C1,cubic,poisson,6.0,200,0,0.6944806127753603,0.8355469872453554,0.8311688311688312,32,6,7,38,39,1,0.02564102564102564,0.848704311417902
IXMtest_P21_s4_w19B7DC88B-10BB-4B51-9A10-9E30285688C1,cubic,poisson,6.0,200,1,0.6941895625123268,0.8509420443699489,0.8157894736842105,31,6,8,37,39,2,0.05128205128205128,0.8367018963528766
IXMtest_P21_s4_w19B7DC88B-10BB-4B51-9A10-9E30285688C1,cubic,poisson,6.0,200,2,0.7299435990996838,0.8516008656162977,0.8571428571428571,33,5,6,38,39,1,0.02564102564102564,0.8845666119647919
IXMtest_P21_s4_w19B7DC88B-10BB-4B51-9A10-9E30285688C1,cubic,poisson,6.0,200,3,0.7151707142629933,0.8492652231873046,0.8421052631578947,32,5,7,37,39,2,0.05128205128205128,0.8660826975605161
IXMtest_P21_s4_w19B7DC88B-10BB-4B51-9A10-9E30285688C1,image_fidelity,deterministic,-6.0,100,-1,0.5710175409064691,0.8192860369527599,0.696969696969697,23,4,16,27,39,12,0.3076923076923077,0.7113644294521345
IXMtest_P21_s4_w19B7DC88B-10BB-4B51-9A10-9E30285688C1,image_fidelity,deterministic,-4.0,100,-1,0.7044351544657654,0.8365167459280964,0.8421052631578947,32,5,7,37,39,2,0.05128205128205128,0.8513813970574019
IXMtest_P21_s4_w19B7DC88B-10BB-4B51-9A10-9E30285688C1,image_fidelity,deterministic,-2.0,100,-1,0.7362750456203259,0.8445507876233149,0.8717948717948718,34,5,5,39,39,0,0.0,0.8736746327966873
IXMtest_P21_s4_w19B7DC88B-10BB-4B51-9A10-9E30285688C1,image_fidelity,deterministic,0.0,100,-1,0.7358186061927887,0.8440272247505518,0.8717948717948718,34,5,5,39,39,0,0.0,0.8731761648412846
IXMtest_P21_s4_w19B7DC88B-10BB-4B51-9A10-9E30285688C1,image_fidelity,deterministic,2.0,100,-1,0.7363613832750098,0.844649821991923,0.8717948717948718,34,5,5,39,39,0,0.0,0.8737698221116351
IXMtest_P21_s4_w19B7DC88B-10BB-4B51-9A10-9E30285688C1,image_fidelity,deterministic,4.0,100,-1,0.7041229446543812,0.8361459967770777,0.8421052631578947,32,5,7,37,39,2,0.05128205128205128,0.8518052463459491
IXMtest_P21_s4_w19B7DC88B-10BB-4B51-9A10-9E30285688C1,image_fidelity,deterministic,6.0,100,-1,0.551391705798355,0.814555929020297,0.676923076923077,22,4,17,26,39,13,0.3333333333333333,0.6815701041492885
IXMtest_P21_s4_w19B7DC88B-10BB-4B51-9A10-9E30285688C1,image_fidelity,poisson,-6.0,50,0,0.6078071207200141,0.806916349921398,0.7532467532467533,29,9,10,38,39,1,0.02564102564102564,0.8102423411065386
IXMtest_P21_s4_w19B7DC88B-10BB-4B51-9A10-9E30285688C1,image_fidelity,poisson,-6.0,50,1,0.6706125321352152,0.8270887896334321,0.8108108108108109,30,5,9,35,39,4,0.10256410256410256,0.8047916185193744
IXMtest_P21_s4_w19B7DC88B-10BB-4B51-9A10-9E30285688C1,image_fidelity,poisson,-6.0,50,2,0.6509407746179459,0.8305106434780689,0.7837837837837838,29,6,10,35,39,4,0.10256410256410256,0.8206130505457079
IXMtest_P21_s4_w19B7DC88B-10BB-4B51-9A10-9E30285688C1,image_fidelity,poisson,-6.0,50,3,0.6854420611292603,0.8291637836241051,0.8266666666666667,31,5,8,36,39,3,0.07692307692307693,0.8468173258003766
IXMtest_P21_s4_w19B7DC88B-10BB-4B51-9A10-9E30285688C1,image_fidelity,poisson,-6.0,200,0,0.7125058193537723,0.8461006604826047,0.8421052631578947,32,5,7,37,39,2,0.05128205128205128,0.8638335108811445
IXMtest_P21_s4_w19B7DC88B-10BB-4B51-9A10-9E30285688C1,image_fidelity,poisson,-6.0,200,1,0.699208414194412,0.8570941851415373,0.8157894736842105,31,6,8,37,39,2,0.05128205128205128,0.8435890178318709
IXMtest_P21_s4_w19B7DC88B-10BB-4B51-9A10-9E30285688C1,image_fidelity,poisson,-6.0,200,2,0.7087655332724,0.841659070760975,0.8421052631578947,32,5,7,37,39,2,0.05128205128205128,0.861100554837729
IXMtest_P21_s4_w19B7DC88B-10BB-4B51-9A10-9E30285688C1,image_fidelity,poisson,-6.0,200,3,0.7019662121140166,0.8491526759443748,0.8266666666666667,31,5,8,36,39,3,0.07692307692307693,0.8499287392627403
IXMtest_P21_s4_w19B7DC88B-10BB-4B51-9A10-9E30285688C1,image_fidelity,poisson,6.0,50,0,0.6851672634368011,0.8288313670606465,0.8266666666666667,31,5,8,36,39,3,0.07692307692307693,0.8413277197203218
IXMtest_P21_s4_w19B7DC88B-10BB-4B51-9A10-9E30285688C1,image_fidelity,poisson,6.0,50,1,0.6497195443215243,0.8121494304019055,0.8,32,9,7,41,39,2,0.05128205128205128,0.8410930803326129
IXMtest_P21_s4_w19B7DC88B-10BB-4B51-9A10-9E30285688C1,image_fidelity,poisson,6.0,50,2,0.6577453092891534,0.811219214789956,0.8108108108108109,30,5,9,35,39,4,0.10256410256410256,0.8142229168701768
IXMtest_P21_s4_w19B7DC88B-10BB-4B51-9A10-9E30285688C1,image_fidelity,poisson,6.0,50,3,0.6491009845647843,0.8169719288487801,0.7945205479452054,29,5,10,34,39,5,0.1282051282051282,0.7772817557867412
IXMtest_P21_s4_w19B7DC88B-10BB-4B51-9A10-9E30285688C1,image_fidelity,poisson,6.0,200,0,0.7031946370701555,0.8460310477250308,0.8311688311688312,32,6,7,38,39,1,0.02564102564102564,0.8502668824043594
IXMtest_P21_s4_w19B7DC88B-10BB-4B51-9A10-9E30285688C1,image_fidelity,poisson,6.0,200,1,0.6771125870769878,0.8463907338462348,0.8,30,6,9,36,39,3,0.07692307692307693,0.8204909780841013
IXMtest_P21_s4_w19B7DC88B-10BB-4B51-9A10-9E30285688C1,image_fidelity,poisson,6.0,200,2,0.7042312277386309,0.8472781958730403,0.8311688311688312,32,6,7,38,39,1,0.02564102564102564,0.8520252694165737
IXMtest_P21_s4_w19B7DC88B-10BB-4B51-9A10-9E30285688C1,image_fidelity,poisson,6.0,200,3,0.6981006862556799,0.8557363250876077,0.8157894736842105,31,6,8,37,39,2,0.05128205128205128,0.836691069367989
IXMtest_P21_s4_w19B7DC88B-10BB-4B51-9A10-9E30285688C1,exact_task,deterministic,-6.0,100,-1,0.6687161075510584,0.7981450315931986,0.8378378378378378,31,4,8,35,39,4,0.10256410256410256,0.8206551245701876
IXMtest_P21_s4_w19B7DC88B-10BB-4B51-9A10-9E30285688C1,exact_task,deterministic,-4.0,100,-1,0.7205794748629651,0.8406760540067927,0.8571428571428571,33,5,6,38,39,1,0.02564102564102564,0.8657286846394514
IXMtest_P21_s4_w19B7DC88B-10BB-4B51-9A10-9E30285688C1,exact_task,deterministic,-2.0,100,-1,0.7424719627599529,0.8662172898866116,0.8571428571428571,33,5,6,38,39,1,0.02564102564102564,0.8803015319164816
IXMtest_P21_s4_w19B7DC88B-10BB-4B51-9A10-9E30285688C1,exact_task,deterministic,0.0,100,-1,0.7501914358482334,0.875223341822939,0.8571428571428571,33,5,6,38,39,1,0.02564102564102564,0.8851676425614441
IXMtest_P21_s4_w19B7DC88B-10BB-4B51-9A10-9E30285688C1,exact_task,deterministic,2.0,100,-1,0.7412206719419764,0.8647574505989725,0.8571428571428571,33,5,6,38,39,1,0.02564102564102564,0.879076618993455
IXMtest_P21_s4_w19B7DC88B-10BB-4B51-9A10-9E30285688C1,exact_task,deterministic,4.0,100,-1,0.7194008747918482,0.8393010205904896,0.8571428571428571,33,5,6,38,39,1,0.02564102564102564,0.8648658767151495
IXMtest_P21_s4_w19B7DC88B-10BB-4B51-9A10-9E30285688C1,exact_task,deterministic,6.0,100,-1,0.6794444133771685,0.7962239219263694,0.8533333333333334,32,4,7,36,39,3,0.07692307692307693,0.8368872888396566
IXMtest_P21_s4_w19B7DC88B-10BB-4B51-9A10-9E30285688C1,exact_task,poisson,-6.0,50,0,0.652792495418849,0.8159906192735613,0.8,30,6,9,36,39,3,0.07692307692307693,0.8028912345112437
IXMtest_P21_s4_w19B7DC88B-10BB-4B51-9A10-9E30285688C1,exact_task,poisson,-6.0,50,1,0.6324699957783144,0.8178491324719583,0.7733333333333333,29,7,10,36,39,3,0.07692307692307693,0.8082516840171463
IXMtest_P21_s4_w19B7DC88B-10BB-4B51-9A10-9E30285688C1,exact_task,poisson,-6.0,50,2,0.6720318568649907,0.8085383277906919,0.8311688311688312,32,6,7,38,39,1,0.02564102564102564,0.8328890032911067
IXMtest_P21_s4_w19B7DC88B-10BB-4B51-9A10-9E30285688C1,exact_task,poisson,-6.0,50,3,0.605131351679152,0.8104437745702928,0.7466666666666667,28,8,11,36,39,3,0.07692307692307693,0.7932343138954709
IXMtest_P21_s4_w19B7DC88B-10BB-4B51-9A10-9E30285688C1,exact_task,poisson,-6.0,200,0,0.6841528438419877,0.8276042465830497,0.8266666666666667,31,5,8,36,39,3,0.07692307692307693,0.8386093567026933
IXMtest_P21_s4_w19B7DC88B-10BB-4B51-9A10-9E30285688C1,exact_task,poisson,-6.0,200,1,0.6933371284426035,0.8193984245230769,0.8461538461538461,33,6,6,39,39,0,0.0,0.8577739644754376
IXMtest_P21_s4_w19B7DC88B-10BB-4B51-9A10-9E30285688C1,exact_task,poisson,-6.0,200,2,0.697229425239025,0.8279599424713422,0.8421052631578947,32,5,7,37,39,2,0.05128205128205128,0.855018026010306
IXMtest_P21_s4_w19B7DC88B-10BB-4B51-9A10-9E30285688C1,exact_task,poisson,-6.0,200,3,0.7171359731658224,0.8366586353601262,0.8571428571428571,33,5,6,38,39,1,0.02564102564102564,0.8764856159058092
IXMtest_P21_s4_w19B7DC88B-10BB-4B51-9A10-9E30285688C1,exact_task,poisson,6.0,50,0,0.6546524667726882,0.8130361280886611,0.8051948051948052,31,7,8,38,39,1,0.02564102564102564,0.8257001030251944
IXMtest_P21_s4_w19B7DC88B-10BB-4B51-9A10-9E30285688C1,exact_task,poisson,6.0,50,1,0.6470197451859317,0.8255079507544647,0.7837837837837838,29,6,10,35,39,4,0.10256410256410256,0.7967305373174327
IXMtest_P21_s4_w19B7DC88B-10BB-4B51-9A10-9E30285688C1,exact_task,poisson,6.0,50,2,0.6580446349098218,0.817248982065424,0.8051948051948052,31,7,8,38,39,1,0.02564102564102564,0.8209294035982966
IXMtest_P21_s4_w19B7DC88B-10BB-4B51-9A10-9E30285688C1,exact_task,poisson,6.0,50,3,0.6565584522555827,0.8206980653194784,0.8,30,6,9,36,39,3,0.07692307692307693,0.8092690941046117
IXMtest_P21_s4_w19B7DC88B-10BB-4B51-9A10-9E30285688C1,exact_task,poisson,6.0,200,0,0.7036468333678604,0.8315826212529259,0.8461538461538461,33,6,6,39,39,0,0.0,0.859131769348827
IXMtest_P21_s4_w19B7DC88B-10BB-4B51-9A10-9E30285688C1,exact_task,poisson,6.0,200,1,0.7029365694152068,0.834737176180558,0.8421052631578947,32,5,7,37,39,2,0.05128205128205128,0.8437436154603369
IXMtest_P21_s4_w19B7DC88B-10BB-4B51-9A10-9E30285688C1,exact_task,poisson,6.0,200,2,0.7012528685660196,0.8327377814221484,0.8421052631578947,32,5,7,37,39,2,0.05128205128205128,0.8582345191040843
IXMtest_P21_s4_w19B7DC88B-10BB-4B51-9A10-9E30285688C1,exact_task,poisson,6.0,200,3,0.7040982792426516,0.8321161481958609,0.8461538461538461,33,6,6,39,39,0,0.0,0.8626314147845072
IXMtest_P21_s4_w19B7DC88B-10BB-4B51-9A10-9E30285688C1,surrogate,deterministic,-6.0,100,-1,0.5703656520286249,0.818350718128027,0.696969696969697,23,4,16,27,39,12,0.3076923076923077,0.7143483781599907
IXMtest_P21_s4_w19B7DC88B-10BB-4B51-9A10-9E30285688C1,surrogate,deterministic,-4.0,100,-1,0.7212210950112977,0.841424610846514,0.8571428571428571,33,5,6,38,39,1,0.02564102564102564,0.8684026663141794
IXMtest_P21_s4_w19B7DC88B-10BB-4B51-9A10-9E30285688C1,surrogate,deterministic,-2.0,100,-1,0.7386495609665149,0.8472744964027671,0.8717948717948718,34,5,5,39,39,0,0.0,0.8748190221628244
IXMtest_P21_s4_w19B7DC88B-10BB-4B51-9A10-9E30285688C1,surrogate,deterministic,0.0,100,-1,0.7392727602295452,0.847989342616243,0.8717948717948718,34,5,5,39,39,0,0.0,0.8749559181097686
IXMtest_P21_s4_w19B7DC88B-10BB-4B51-9A10-9E30285688C1,surrogate,deterministic,2.0,100,-1,0.738845303523521,0.8474990246299211,0.8717948717948718,34,5,5,39,39,0,0.0,0.8749187965179946
IXMtest_P21_s4_w19B7DC88B-10BB-4B51-9A10-9E30285688C1,surrogate,deterministic,4.0,100,-1,0.7214662466749395,0.8417106211207628,0.8571428571428571,33,5,6,38,39,1,0.02564102564102564,0.8692546114302994
IXMtest_P21_s4_w19B7DC88B-10BB-4B51-9A10-9E30285688C1,surrogate,deterministic,6.0,100,-1,0.5857118536369109,0.8175561290348549,0.7164179104477612,24,4,15,28,39,11,0.28205128205128205,0.7320279274976689
IXMtest_P21_s4_w19B7DC88B-10BB-4B51-9A10-9E30285688C1,surrogate,poisson,-6.0,50,0,0.6986204504227157,0.8338373117948543,0.8378378378378378,31,4,8,35,39,4,0.10256410256410256,0.8366913106458228
IXMtest_P21_s4_w19B7DC88B-10BB-4B51-9A10-9E30285688C1,surrogate,poisson,-6.0,50,1,0.6623597108020217,0.8119248067895751,0.8157894736842105,31,6,8,37,39,2,0.05128205128205128,0.809743327073018
IXMtest_P21_s4_w19B7DC88B-10BB-4B51-9A10-9E30285688C1,surrogate,poisson,-6.0,50,2,0.6604863594025508,0.8256079492531885,0.8,30,6,9,36,39,3,0.07692307692307693,0.8273623099839584
IXMtest_P21_s4_w19B7DC88B-10BB-4B51-9A10-9E30285688C1,surrogate,poisson,-6.0,50,3,0.6916422632410547,0.8366640281141791,0.8266666666666667,31,5,8,36,39,3,0.07692307692307693,0.8456099326318134
IXMtest_P21_s4_w19B7DC88B-10BB-4B51-9A10-9E30285688C1,surrogate,poisson,-6.0,200,0,0.686482018014924,0.8466611555517396,0.8108108108108109,30,5,9,35,39,4,0.10256410256410256,0.8329138129524478
IXMtest_P21_s4_w19B7DC88B-10BB-4B51-9A10-9E30285688C1,surrogate,poisson,-6.0,200,1,0.6886609765096089,0.8330576328745269,0.8266666666666667,31,5,8,36,39,3,0.07692307692307693,0.8159272685424939
IXMtest_P21_s4_w19B7DC88B-10BB-4B51-9A10-9E30285688C1,surrogate,poisson,-6.0,200,2,0.7154520543368909,0.8455342460345073,0.8461538461538461,33,6,6,39,39,0,0.0,0.8671415752559196
IXMtest_P21_s4_w19B7DC88B-10BB-4B51-9A10-9E30285688C1,surrogate,poisson,-6.0,200,3,0.6885956155515746,0.8440849480954785,0.8157894736842105,31,6,8,37,39,2,0.05128205128205128,0.8308688490448151
IXMtest_P21_s4_w19B7DC88B-10BB-4B51-9A10-9E30285688C1,surrogate,poisson,6.0,50,0,0.650400814318091,0.8186079214693215,0.7945205479452054,29,5,10,34,39,5,0.1282051282051282,0.7759088229514639
IXMtest_P21_s4_w19B7DC88B-10BB-4B51-9A10-9E30285688C1,surrogate,poisson,6.0,50,1,0.6527490179116814,0.8268154226881298,0.7894736842105263,30,7,9,37,39,2,0.05128205128205128,0.8195720972540697
IXMtest_P21_s4_w19B7DC88B-10BB-4B51-9A10-9E30285688C1,surrogate,poisson,6.0,50,2,0.6840213350180407,0.8229631686935803,0.8311688311688312,32,6,7,38,39,1,0.02564102564102564,0.8367808544015176
IXMtest_P21_s4_w19B7DC88B-10BB-4B51-9A10-9E30285688C1,surrogate,poisson,6.0,50,3,0.6647350489810768,0.8198398937433281,0.8108108108108109,30,5,9,35,39,4,0.10256410256410256,0.8110442638100447
IXMtest_P21_s4_w19B7DC88B-10BB-4B51-9A10-9E30285688C1,surrogate,poisson,6.0,200,0,0.7070409841267256,0.8396111686504866,0.8421052631578947,32,5,7,37,39,2,0.05128205128205128,0.8602301112709106
IXMtest_P21_s4_w19B7DC88B-10BB-4B51-9A10-9E30285688C1,surrogate,poisson,6.0,200,1,0.7051175803144478,0.8483445888158201,0.8311688311688312,32,6,7,38,39,1,0.02564102564102564,0.8528584123222749
IXMtest_P21_s4_w19B7DC88B-10BB-4B51-9A10-9E30285688C1,surrogate,poisson,6.0,200,2,0.7088060423914813,0.841707175339884,0.8421052631578947,32,5,7,37,39,2,0.05128205128205128,0.8622575456523796
IXMtest_P21_s4_w19B7DC88B-10BB-4B51-9A10-9E30285688C1,surrogate,poisson,6.0,200,3,0.7202482423327304,0.8402896160548522,0.8571428571428571,33,5,6,38,39,1,0.02564102564102564,0.8759782812207452
